-- MySQL Administrator dump 1.4
--
-- ------------------------------------------------------
-- Server version	5.1.22-rc-community


/*!40101 SET @OLD_CHARACTER_SET_CLIENT=@@CHARACTER_SET_CLIENT */;
/*!40101 SET @OLD_CHARACTER_SET_RESULTS=@@CHARACTER_SET_RESULTS */;
/*!40101 SET @OLD_COLLATION_CONNECTION=@@COLLATION_CONNECTION */;
/*!40101 SET NAMES utf8 */;

/*!40014 SET @OLD_UNIQUE_CHECKS=@@UNIQUE_CHECKS, UNIQUE_CHECKS=0 */;
/*!40014 SET @OLD_FOREIGN_KEY_CHECKS=@@FOREIGN_KEY_CHECKS, FOREIGN_KEY_CHECKS=0 */;
/*!40101 SET @OLD_SQL_MODE=@@SQL_MODE, SQL_MODE='NO_AUTO_VALUE_ON_ZERO' */;


--
-- Create schema gold
--

CREATE DATABASE IF NOT EXISTS gold;
USE gold;

--
-- Definition of table `appointment`
--

DROP TABLE IF EXISTS `appointment`;
CREATE TABLE `appointment` (
  `referralId` int(11) DEFAULT NULL,
  `clinicName` varchar(20) DEFAULT NULL,
  `appointmentDate` datetime DEFAULT NULL,
  `provider` varchar(60) DEFAULT NULL,
  `translationSvcNeeded` tinyint(1) DEFAULT NULL,
  `language` varchar(20) DEFAULT '',
  `collateralReceived` tinyint(1) DEFAULT NULL,
  `notes` varchar(200) DEFAULT NULL,
  `userId` varchar(20) DEFAULT NULL,
  `endTime` datetime DEFAULT NULL,
  `type` varchar(20) DEFAULT NULL,
  `isEvaluation` tinyint(1) DEFAULT '0',
  `evaluationYear` varchar(4) DEFAULT NULL,
  `isEligible` varchar(3) NOT NULL DEFAULT '',
  `apptId` int(11) NOT NULL DEFAULT '0',
  `modifyBy` varchar(20) DEFAULT NULL,
  `modificationDate` datetime DEFAULT NULL,
  `isWalkIn` tinyint(4) DEFAULT '0',
  `authNum` varchar(20) DEFAULT NULL,
  `countyNum` varchar(20) DEFAULT NULL,
  PRIMARY KEY (`apptId`) USING BTREE,
  KEY `Index_1` (`provider`) USING HASH,
  KEY `Index_2` (`referralId`) USING BTREE
) ENGINE=InnoDB DEFAULT CHARSET=utf8 ROW_FORMAT=DYNAMIC;

--
-- Dumping data for table `appointment`
--

/*!40000 ALTER TABLE `appointment` DISABLE KEYS */;
INSERT INTO `appointment` (`referralId`,`clinicName`,`appointmentDate`,`provider`,`translationSvcNeeded`,`language`,`collateralReceived`,`notes`,`userId`,`endTime`,`type`,`isEvaluation`,`evaluationYear`,`isEligible`,`apptId`,`modifyBy`,`modificationDate`,`isWalkIn`,`authNum`,`countyNum`) VALUES 
 (2,'Pleasanton','2004-12-20 09:00:00','Dr. Demo',0,'',0,'Skin Allergy.','Unknown','2004-12-20 09:30:00','Appointment',0,NULL,'',1,NULL,NULL,0,NULL,NULL),
 (3,'Pleasanton','2005-12-21 09:00:00','dr. demo',1,'',0,'','Unknown','2005-12-21 09:30:00','Appointment',0,NULL,'',2,NULL,NULL,0,NULL,NULL),
 (12,'Oakland','2005-01-31 09:00:00','Dr. Jones',0,'',0,'time 10 am 9 mhs','Unknown','2005-01-31 09:30:00','Appointment',0,NULL,'',3,NULL,NULL,0,NULL,NULL),
 (13,'Oakland','2005-01-26 09:00:00','Dr. Jones',0,'',0,'time 1 pm 12 mhs','Unknown','2005-01-26 09:30:00','Appointment',0,NULL,'',4,NULL,NULL,0,NULL,NULL),
 (14,'Union City','2004-12-29 09:00:00','Dr. Colbert',0,'',0,'','Unknown','2004-12-29 09:30:00','Appointment',0,NULL,'',5,NULL,NULL,0,NULL,NULL),
 (15,'Union City','2005-01-04 09:00:00','Dr. Colbert',0,'',0,'','Unknown','2005-01-04 09:30:00','Appointment',0,NULL,'',6,NULL,NULL,0,NULL,NULL),
 (11,'Union City','2005-01-03 09:00:00','Dr. Colbert',0,'',0,'','Unknown','2005-01-03 09:30:00','Appointment',0,NULL,'',8,NULL,NULL,0,NULL,NULL),
 (12,'Oakland','2005-01-30 09:00:00','Dr. Jones',0,'',0,'9 mhs/10 md','Unknown','2005-01-30 09:30:00','Appointment',0,NULL,'',16,NULL,NULL,0,NULL,NULL),
 (8,'Oakland','2005-02-09 09:00:00','Dr. Gordon',0,'',0,'12 mhs/1 md','Unknown','2005-02-09 09:30:00','Appointment',0,NULL,'',23,NULL,NULL,0,NULL,NULL),
 (4,'Oakland','2005-01-09 09:00:00','Dr. Murphy',0,'',0,'10 mhs/11 md','Unknown','2005-01-09 09:30:00','Appointment',0,NULL,'',29,NULL,NULL,0,NULL,NULL),
 (14,'Union City','2004-11-09 09:00:00','Dr. Deming',1,'',1,'','daniel','2004-11-09 09:30:00','Appointment',0,NULL,'',4345,NULL,NULL,0,NULL,NULL),
 (4,'Oakland','2005-09-16 11:20:00','Dr. Murphy',1,'',1,'','yvette','2005-09-16 11:40:00','Appointment',0,NULL,'',5373,NULL,NULL,0,NULL,NULL),
 (14,'Union City','2004-10-09 09:00:00','Dr. Colbert',1,'',1,'no deming wanted perm md','daniel','2004-10-09 09:30:00','Appointment',0,NULL,'',5713,NULL,NULL,0,NULL,NULL),
 (4,'Oakland','2005-10-03 08:30:00','David Behar',1,'',1,'Testing','remote','2005-10-03 09:40:00','Appointment',0,NULL,'',5774,NULL,NULL,0,NULL,NULL),
 (13,'Oakland','2005-10-03 10:00:00','David Behar',1,'',1,'','remote','2005-10-03 10:20:00','Appointment',0,NULL,'',5775,NULL,NULL,0,NULL,NULL),
 (6,'Oakland','2005-10-03 10:50:00','David Behar',1,'',1,'test','remote','2005-10-03 11:00:00','Appointment',0,NULL,'',5776,NULL,NULL,0,NULL,NULL),
 (-1,'Oakland','2005-10-03 11:30:00','David Behar',1,'',1,'','remote','2005-10-03 11:50:00','Blocked',0,NULL,'',5777,NULL,NULL,0,NULL,NULL),
 (4,'Oakland','2005-10-07 08:40:00','Dr. Barker',1,'',1,'seen test','remote','2005-10-07 08:50:00','Appointment',0,NULL,'',5778,NULL,NULL,0,NULL,NULL),
 (4,'Oakland','2005-10-03 08:50:00','Dr. Angela Callender',1,'',1,'Note','remote','2005-10-03 09:50:00','Appointment',0,NULL,'',5779,NULL,NULL,0,NULL,NULL),
 (6,'Oakland','2005-10-04 08:30:00','Dr. Angela Callender',1,'',1,'hello','remote','2005-10-04 08:50:00','Appointment',0,NULL,'',5780,NULL,NULL,0,NULL,NULL),
 (11,'Oakland','2005-10-04 08:30:00','David Behar',1,'',1,'','remote','2005-10-04 08:40:00','Appointment',0,NULL,'',5782,NULL,NULL,0,NULL,NULL),
 (3108,'Union City','2005-10-12 08:20:00','Dr. Tanagho',1,'',1,'these are just notes- test','remote','2005-10-12 08:50:00','Appointment',0,NULL,'',5783,NULL,NULL,0,NULL,NULL),
 (3108,'Union City','2005-10-01 09:30:00','Liz Varon',0,'',0,'yyyyyyyyyyyyyyyyyyyyyyyyyyyyyyyyyyyyyyyyyy','remote','2005-10-01 09:50:00','Appointment',0,NULL,'',5784,NULL,NULL,0,NULL,NULL),
 (8,'Union City','2005-10-17 09:10:00','Dr. Melinda Del Castillo',0,'',1,'Prefers to be seen on time','remote','2005-10-17 09:20:00','Appointment',0,NULL,'',5785,NULL,NULL,0,NULL,NULL),
 (8,'Union City','2005-10-17 09:30:00','Dr. Melinda Del Castillo',0,'',1,'PT requests extra time to discuss possible side-effects on new med combination','remote','2005-10-17 09:50:00','Appointment',0,NULL,'',5786,NULL,NULL,0,NULL,NULL),
 (13,'Oakland','2005-10-15 09:10:00','Dr. Angela Callender',1,'',1,'zcz','remote','2005-10-15 12:20:00','Appointment',0,NULL,'',5787,NULL,NULL,0,NULL,NULL),
 (11,'Oakland','2005-10-19 09:00:00','Dr. Barker',1,'',1,'','remote','2005-10-19 13:00:00','Appointment',0,NULL,'',5789,NULL,NULL,0,NULL,NULL),
 (3110,'Contra Costa','2005-10-19 10:50:00','Dr. Manjunath',0,'',0,'abc','Administrator','2005-10-19 11:50:00','Appointment',0,NULL,'',5794,'Administrator','2005-10-23 13:23:15',0,NULL,NULL),
 (4,'Oakland','2005-10-23 08:40:00','David Behar',1,'',1,'','remote','2005-10-23 08:50:00','Appointment',0,NULL,'',5795,'remote','2005-10-23 16:29:08',0,NULL,NULL),
 (4,'Union City','2005-10-25 09:00:00','Dr. Deming',0,'',1,'','demo','2005-10-25 09:40:00','Appointment',0,NULL,'',5796,'demo','2005-10-25 08:49:04',0,NULL,NULL),
 (3108,'Contra Costa','2005-10-25 09:00:00','David Behar',1,'',1,'','Administrator','2005-10-25 09:40:00','Appointment',0,NULL,'',5798,'Administrator','2005-10-25 13:55:14',0,NULL,NULL),
 (6,'Contra Costa','2005-10-26 10:00:00','David Behar',1,'',1,'','remote','2005-10-26 10:20:00','Appointment',0,NULL,'',5799,'remote','2005-10-26 23:37:31',0,NULL,NULL),
 (3113,'Union City','2005-11-02 10:00:00','Dr. Melinda Del Castillo',0,'',1,'ADULT INITIAL APPT. MEET WITH MHS@ 9','remote','2005-11-02 11:00:00','Appointment',0,NULL,'',5800,'remote','2005-10-28 05:44:37',0,NULL,NULL),
 (3114,'Union City','2005-10-27 10:00:00','Dr. Melinda Del Castillo',1,'',0,'ADULT NEW. MHS @ 9 AM','remote','2005-10-27 11:00:00','Appointment',0,NULL,'',5801,'remote','2005-10-28 05:46:07',0,NULL,NULL),
 (3113,'Union City','2005-10-04 10:00:00','Dr. Melinda Del Castillo',1,'',1,'ADULT NEW. MHS @ 9 am','remote','2005-10-04 11:00:00','Appointment',0,NULL,'',5802,'remote','2005-10-28 05:57:59',0,NULL,NULL),
 (3114,'Union City','2005-10-04 09:00:00','Dr. Melinda Del Castillo',1,'',1,'NEW. MHS @ 8 am','remote','2005-10-04 10:00:00','Appointment',0,NULL,'',5803,'remote','2005-10-28 06:01:02',0,NULL,NULL),
 (-1,'Union City','2005-10-27 09:00:00','Dr. Melinda Del Castillo',1,'',1,'','remote','2005-10-27 09:20:00','Blocked',0,NULL,'',5805,'remote','2005-10-28 06:14:58',0,NULL,NULL),
 (3110,'Oakland','2005-10-27 09:20:00','Dr. Melinda Del Castillo',1,'',1,'','remote','2005-10-27 09:30:00','Appointment',0,NULL,'',5806,'remote','2005-10-28 06:15:28',0,NULL,NULL),
 (6,'Union City','2005-10-18 09:00:00','Dr. Melinda Del Castillo',1,'',1,'','remote','2005-10-18 09:20:00','Appointment',0,NULL,'',5807,'remote','2005-10-28 06:16:06',0,NULL,NULL),
 (4,'Union City','2005-10-27 09:30:00','Dr. Melinda Del Castillo',1,'',1,'','remote','2005-10-27 09:50:00','Appointment',0,NULL,'',5808,'remote','2005-10-28 06:18:41',0,NULL,NULL),
 (6,'Oakland','2005-10-28 09:50:00','David Behar',1,'',1,'Testing','remote','2005-10-28 10:20:00','Appointment',0,NULL,'',5809,'remote','2005-10-28 00:05:43',0,NULL,NULL),
 (6,'Oakland','2005-10-29 10:10:00','David Behar',1,'',1,'','remote','2005-10-29 10:40:00','Appointment',0,NULL,'',5810,'remote','2005-10-28 00:11:04',0,NULL,NULL),
 (8,'Union City','2005-10-31 09:00:00','Dr. Colbert',1,'',1,'appt notes1','remote','2005-10-31 09:30:00','Appointment',0,NULL,'',5811,'remote','2005-10-31 12:38:22',0,NULL,NULL),
 (8,'Union City','2005-10-31 10:10:00','Dr. Colbert',1,'',1,'','remote','2005-10-31 10:20:00','Appointment',0,NULL,'',5812,'remote','2005-10-31 12:40:51',0,NULL,NULL),
 (3111,'Union City','2005-10-31 09:00:00','Dr. Angela Callender',1,'',1,'','remote','2005-10-31 10:00:00','Appointment',0,NULL,'',5813,'remote','2005-10-31 23:11:54',0,NULL,NULL),
 (3114,'Union City','2005-10-31 10:00:00','Dr. Angela Callender',1,'',1,'','remote','2005-10-31 11:00:00','Appointment',0,NULL,'',5814,'remote','2005-10-31 23:12:30',0,NULL,NULL),
 (3114,'Union City','2005-11-02 09:00:00','Dr. Melinda Del Castillo',1,'',1,'ADULT Initial Appt. 8am with MHS','remote','2005-11-02 10:00:00','Appointment',0,NULL,'',5815,'remote','2005-11-01 07:42:35',0,NULL,NULL),
 (-1,'Union City','2005-11-02 11:00:00','Dr. Melinda Del Castillo',1,'',1,'LUNCH','remote','2005-11-02 12:00:00','Blocked',0,NULL,'',5816,'remote','2005-11-01 07:42:53',0,NULL,NULL),
 (6,'Union City','2005-11-02 13:00:00','Dr. Colbert',0,'',1,'new appt ADULT; 12pm with MHS','remote','2005-11-02 14:00:00','Appointment',0,NULL,'',5818,'remote','2005-11-01 07:44:33',0,NULL,NULL),
 (-1,'Union City','2005-11-02 12:30:00','Dr. Colbert',0,'',1,'Treatment Team Meeting','remote','2005-11-02 13:00:00','Blocked',0,NULL,'',5819,'remote','2005-11-01 07:44:57',0,NULL,NULL),
 (-1,'Union City','2005-11-02 12:30:00','Dr. Melinda Del Castillo',0,'',1,'Treatment Team Meeting','remote','2005-11-02 13:00:00','Blocked',0,NULL,'',5820,'remote','2005-11-01 07:45:40',0,NULL,NULL),
 (-1,'Union City','2005-11-02 12:30:00','Tom Smith MD',1,'',1,'Treatment Team Meeting','remote','2005-11-02 13:00:00','Blocked',0,NULL,'',5822,'remote','2005-11-01 07:54:24',0,NULL,NULL),
 (10,'Union City','2005-11-02 12:00:00','Tom Smith MD',0,'',1,'child; 2nd appt','remote','2005-11-02 12:30:00','Appointment',0,NULL,'',5823,'remote','2005-11-01 07:55:06',0,NULL,NULL),
 (3115,'Union City','2005-11-02 11:00:00','Tom Smith MD',0,'',1,'CALLED TO CONFIRM','remote','2005-11-02 12:00:00','Appointment',0,NULL,'',5824,'remote','2005-11-02 10:44:48',0,NULL,NULL),
 (8,'Contra Costa','2005-11-02 10:00:00','David Behar',1,'',1,'abc','remote','2005-11-02 11:00:00','Appointment',0,NULL,'',5825,'remote','2005-11-02 15:41:34',0,NULL,NULL),
 (3115,'Union City','2005-11-09 10:00:00','Tom Smith MD',0,'',1,'2nd medcheck w/ Dr.Smith','remote','2005-11-09 10:20:00','Appointment',0,NULL,'',5826,'remote','2005-11-06 23:33:13',0,NULL,NULL),
 (-1,'Union City','2005-11-09 10:20:00','Tom Smith MD',0,'',1,'TREATMENT TEAM MTG.; 1HR.','remote','2005-11-09 11:20:00','Blocked',0,NULL,'',5828,'remote','2005-11-07 00:25:47',0,NULL,NULL),
 (3115,'Union City','2005-10-25 10:00:00','Tom Smith MD',0,'',1,'prev appt','remote','2005-10-25 11:00:00','Appointment',0,NULL,'',5829,'remote','2005-11-07 04:52:02',0,NULL,NULL),
 (3108,'Union City','2005-11-02 12:00:00','Dr. Colbert',1,'',1,'TEST MSSG','remote','2005-11-02 12:20:00','Appointment',0,NULL,'',5830,'remote','2005-11-10 01:16:29',0,NULL,NULL),
 (3116,'Union City','2005-11-02 14:00:00','Dr. Colbert',1,'',1,'','remote','2005-11-02 14:10:00','Appointment',0,NULL,'',5832,'remote','2005-11-10 01:19:05',0,NULL,NULL),
 (3111,'Union City','2005-11-02 12:00:00','Dr. Colbert',1,'',1,'URGENT PT. DBLBK @12','remote','2005-11-02 12:20:00','Double Book',0,NULL,'',5834,'remote','2005-11-10 01:20:33',0,NULL,NULL),
 (3115,'Union City','2005-11-12 09:00:00','Tom Smith MD',1,'',1,'pls collect $10 copay','remote','2005-11-12 09:30:00','Appointment',0,NULL,'',5836,'remote','2005-11-12 05:11:29',0,NULL,NULL),
 (3115,'Union City','2005-11-11 09:00:00','Tom Smith MD',1,'',1,'','remote','2005-11-11 09:20:00','Appointment',0,NULL,'',5837,'remote','2005-11-12 05:12:54',0,NULL,NULL),
 (3115,'Union City','2005-11-13 09:00:00','Tom Smith MD',1,'',1,'','remote','2005-11-13 09:20:00','Appointment',0,NULL,'',5838,'remote','2005-11-12 05:13:11',0,NULL,NULL),
 (3115,'Union City','2005-11-12 11:00:00','Tom Smith MD',1,'',1,'','remote','2005-11-12 11:20:00','Appointment',0,NULL,'',5839,'remote','2005-11-12 05:13:32',0,NULL,NULL),
 (3115,'Union City','2005-11-12 10:30:00','Tom Smith MD',1,'',1,'','remote','2005-11-12 10:40:00','Appointment',0,NULL,'',5840,'remote','2005-11-12 05:27:14',0,NULL,NULL),
 (3117,'Oakland','2005-11-02 10:00:00','Tom Smith MD',1,'',1,'1st appt','remote','2005-11-02 11:00:00','Appointment',0,NULL,'',5841,'remote','2005-11-19 17:46:58',0,NULL,NULL),
 (3118,'Oakland','2005-11-23 09:00:00','Tom Smith MD',1,'',1,'','remote','2005-11-23 10:00:00','Appointment',0,NULL,'',5843,'remote','2005-11-20 08:26:24',0,NULL,NULL),
 (3115,'Oakland','2005-11-23 10:00:00','Tom Smith MD',1,'',1,'','remote','2005-11-23 11:00:00','Appointment',0,NULL,'',5845,'remote','2005-11-20 08:31:31',0,NULL,NULL),
 (3117,'Union City','2006-01-03 09:00:00','Tom Smith MD',1,'',1,'','remote','2006-01-03 09:30:00','Appointment',0,NULL,'',5846,'remote','2005-11-20 09:17:03',0,NULL,NULL),
 (3109,'Union City','2006-01-03 10:00:00','Tom Smith MD',1,'',1,'','remote','2006-01-03 10:30:00','Appointment',0,NULL,'',5847,'remote','2005-11-20 09:19:03',0,NULL,NULL),
 (3118,'Union City','2005-12-25 09:00:00','Dr. Melinda Del Castillo',1,'',1,'','remote','2005-12-25 10:00:00','Appointment',0,NULL,'',5848,'remote','2005-11-20 09:25:00',0,NULL,NULL),
 (3109,'Union City','2005-12-25 10:00:00','Dr. Melinda Del Castillo',1,'',1,'','remote','2005-12-25 11:00:00','Appointment',0,NULL,'',5849,'remote','2005-11-20 09:25:25',0,NULL,NULL),
 (3116,'Union City','2005-12-25 11:00:00','Dr. Melinda Del Castillo',1,'',1,'','remote','2005-12-25 12:00:00','Appointment',0,NULL,'',5850,'remote','2005-11-20 09:26:25',0,NULL,NULL),
 (3120,'Union City','2005-12-25 12:00:00','Dr. Melinda Del Castillo',1,'',1,'','remote','2005-12-25 13:00:00','Appointment',0,NULL,'',5851,'remote','2005-11-20 09:31:56',0,NULL,NULL),
 (3121,'Union City','2005-11-29 10:00:00','Dr. Harris',1,'',1,'','remote','2005-11-29 11:00:00','Appointment',0,NULL,'',5855,'remote','2005-11-27 18:39:35',0,NULL,NULL),
 (3113,'Oakland','2005-11-29 09:00:00','Dr. Harris',1,'',1,'1st appt;reqDr.Harris 8-9amw/ MHS','remote','2005-11-29 10:00:00','Appointment',0,NULL,'',5856,'remote','2005-11-27 18:41:23',0,NULL,NULL),
 (3111,'Contra Costa','2005-11-03 09:00:00','David Behar',1,'',1,'','ben','2005-11-03 10:00:00','Appointment',0,NULL,'',5859,'ben','2005-12-18 09:24:30',0,NULL,NULL),
 (-1,'Contra Costa','2006-03-26 10:20:00','David Behar',1,'',1,'abc','demo','2006-03-26 11:20:00','Blocked',0,NULL,'',5864,'demo','2006-03-26 09:22:15',0,NULL,NULL),
 (3120,'Contra Costa','2006-03-26 09:00:00','David Behar',1,'',1,'','demo','2006-03-26 10:00:00','Appointment',0,NULL,'',5865,'demo','2006-03-26 09:24:24',0,NULL,NULL),
 (3111,'Contra Costa','2015-09-19 10:00:00','David Behar',1,'Chinese',1,'','demo','2015-09-19 11:00:00','Appointment',0,NULL,'',5871,'demo','2015-09-19 09:54:28',0,'',''),
 (3111,'Contra Costa','2015-09-19 09:00:00','David Behar',1,'',1,'','demo','2015-09-19 10:00:00','Appointment',0,NULL,'',5872,'demo','2015-09-19 10:01:09',0,'','');
/*!40000 ALTER TABLE `appointment` ENABLE KEYS */;


--
-- Definition of table `cancelbyclinicreasoncode`
--

DROP TABLE IF EXISTS `cancelbyclinicreasoncode`;
CREATE TABLE `cancelbyclinicreasoncode` (
  `id` int(11) NOT NULL,
  `name` varchar(100) NOT NULL,
  PRIMARY KEY (`id`)
) ENGINE=InnoDB DEFAULT CHARSET=latin1;

--
-- Dumping data for table `cancelbyclinicreasoncode`
--

/*!40000 ALTER TABLE `cancelbyclinicreasoncode` DISABLE KEYS */;
INSERT INTO `cancelbyclinicreasoncode` (`id`,`name`) VALUES 
 (1,'MD/NP called in sick'),
 (2,'MD/NP had an emergency'),
 (3,'MD/NP on vacation'),
 (4,'MD/NP requested the change'),
 (5,'Clinic behind schedule'),
 (6,'Other');
/*!40000 ALTER TABLE `cancelbyclinicreasoncode` ENABLE KEYS */;


--
-- Definition of table `cancelbypatientreasoncode`
--

DROP TABLE IF EXISTS `cancelbypatientreasoncode`;
CREATE TABLE `cancelbypatientreasoncode` (
  `id` int(11) NOT NULL,
  `name` varchar(100) NOT NULL,
  PRIMARY KEY (`id`)
) ENGINE=InnoDB DEFAULT CHARSET=latin1;

--
-- Dumping data for table `cancelbypatientreasoncode`
--

/*!40000 ALTER TABLE `cancelbypatientreasoncode` DISABLE KEYS */;
INSERT INTO `cancelbypatientreasoncode` (`id`,`name`) VALUES 
 (1,'Patient has no transportation'),
 (2,'Patient forgot about appointment'),
 (3,'Patient reports that they are sick'),
 (4,'Patient has no childcare coverage'),
 (5,'Other');
/*!40000 ALTER TABLE `cancelbypatientreasoncode` ENABLE KEYS */;


--
-- Definition of table `canceledappointment`
--

DROP TABLE IF EXISTS `canceledappointment`;
CREATE TABLE `canceledappointment` (
  `cancelBy` varchar(20) DEFAULT NULL,
  `cancelDate` datetime DEFAULT NULL,
  `apptId` int(11) DEFAULT NULL,
  `referralId` int(11) DEFAULT NULL,
  `clinicName` varchar(20) DEFAULT NULL,
  `appointmentDate` datetime DEFAULT NULL,
  `endTime` datetime DEFAULT NULL,
  `provider` varchar(60) DEFAULT NULL,
  `type` varchar(20) DEFAULT NULL,
  `isEvaluation` tinyint(1) DEFAULT '0',
  `evaluationYear` varchar(4) DEFAULT NULL,
  `isEligible` varchar(3) NOT NULL DEFAULT '',
  `translationSvcNeeded` tinyint(1) DEFAULT NULL,
  `language` varchar(20) DEFAULT NULL,
  `cancelReason` varchar(100) DEFAULT NULL,
  `cancelOtherReason` varchar(200) DEFAULT NULL,
  `collateralReceived` tinyint(1) DEFAULT NULL,
  `notes` varchar(200) DEFAULT NULL,
  `userId` varchar(20) DEFAULT NULL,
  `isWalkIn` tinyint(4) DEFAULT '0',
  `authNum` varchar(20) DEFAULT NULL,
  `countyNum` varchar(20) DEFAULT NULL,
  `isWnTwentyFourHrs` tinyint(4) DEFAULT '0',
  `isCancelByPatient` tinyint(4) DEFAULT '0',
  `isCancelByClinic` tinyint(4) DEFAULT '0'
) ENGINE=InnoDB DEFAULT CHARSET=latin1;

--
-- Dumping data for table `canceledappointment`
--

/*!40000 ALTER TABLE `canceledappointment` DISABLE KEYS */;
INSERT INTO `canceledappointment` (`cancelBy`,`cancelDate`,`apptId`,`referralId`,`clinicName`,`appointmentDate`,`endTime`,`provider`,`type`,`isEvaluation`,`evaluationYear`,`isEligible`,`translationSvcNeeded`,`language`,`cancelReason`,`cancelOtherReason`,`collateralReceived`,`notes`,`userId`,`isWalkIn`,`authNum`,`countyNum`,`isWnTwentyFourHrs`,`isCancelByPatient`,`isCancelByClinic`) VALUES 
 ('demo','2006-03-26 09:23:05',5863,3118,'Contra Costa','2006-03-26 09:00:00','2006-03-26 10:00:00','David Behar','Appointment',0,NULL,'',1,NULL,NULL,NULL,1,'abc','demo',0,NULL,NULL,0,0,0),
 ('demo','2006-03-26 09:33:47',5866,3111,'Contra Costa','2006-03-26 09:30:00','2006-03-26 09:50:00','David Behar','Double Book',0,NULL,'',1,NULL,NULL,NULL,1,'','demo',0,NULL,NULL,0,0,0),
 ('jeff','2011-02-04 09:38:57',5870,3111,'Contra Costa','2011-02-04 10:00:00','2011-02-04 10:10:00','David Behar','Appointment',0,NULL,'yes',0,NULL,NULL,NULL,1,'','jeff',0,NULL,NULL,0,0,0);
/*!40000 ALTER TABLE `canceledappointment` ENABLE KEYS */;


--
-- Definition of table `capability`
--

DROP TABLE IF EXISTS `capability`;
CREATE TABLE `capability` (
  `roleName` varchar(30) NOT NULL DEFAULT '',
  `permission` varchar(30) NOT NULL DEFAULT '',
  `object` varchar(30) NOT NULL DEFAULT '',
  PRIMARY KEY (`roleName`,`permission`,`object`)
) ENGINE=MyISAM DEFAULT CHARSET=utf8;

--
-- Dumping data for table `capability`
--

/*!40000 ALTER TABLE `capability` DISABLE KEYS */;
INSERT INTO `capability` (`roleName`,`permission`,`object`) VALUES 
 ('Administrator','create','user'),
 ('Administrator','manage','remote user'),
 ('Administrator','manage','trusted ip'),
 ('Administrator','read','audit report'),
 ('Manager','read','audit report');
/*!40000 ALTER TABLE `capability` ENABLE KEYS */;


--
-- Definition of table `clinic`
--

DROP TABLE IF EXISTS `clinic`;
CREATE TABLE `clinic` (
  `name` varchar(30) NOT NULL DEFAULT '',
  `streetAddress` varchar(30) DEFAULT NULL,
  `city` varchar(10) DEFAULT NULL,
  `state` varchar(2) DEFAULT NULL,
  `zipCode` varchar(10) DEFAULT NULL,
  `phoneNumber1` varchar(10) DEFAULT NULL,
  `phoneNumber2` varchar(10) DEFAULT NULL,
  `faxNumber` varchar(12) DEFAULT NULL,
  `notes` varchar(100) DEFAULT NULL,
  PRIMARY KEY (`name`)
) ENGINE=MyISAM DEFAULT CHARSET=utf8;

--
-- Dumping data for table `clinic`
--

/*!40000 ALTER TABLE `clinic` DISABLE KEYS */;
INSERT INTO `clinic` (`name`,`streetAddress`,`city`,`state`,`zipCode`,`phoneNumber1`,`phoneNumber2`,`faxNumber`,`notes`) VALUES 
 ('Contra Costa','','Contra Cos','CA','94606','','','','testnotes'),
 ('Oakland','411 30th Street #312','Oakland','CA','94609','5102734200','','5102738340',''),
 ('Webster','200 Webster Street #130','Oakland','CA','94607','5102730241','','5102738968',''),
 ('Union City','1328 Decoto Rd. #124','Union City','CA','94587','5106750600','','5106750185',''),
 ('Pleasanton','5674 Stoneridge Dr #116','Pleasanton','CA','94588','9255200066','','9255200010',''),
 ('Long Beach','4241 Long Beach Blvd.','Long Beach','CA','90807','5629881700','','5629881712','');
/*!40000 ALTER TABLE `clinic` ENABLE KEYS */;


--
-- Definition of table `credential`
--

DROP TABLE IF EXISTS `credential`;
CREATE TABLE `credential` (
  `providerId` int(11) NOT NULL,
  `insuranceProviderId` int(11) NOT NULL,
  PRIMARY KEY (`providerId`,`insuranceProviderId`),
  KEY `FK_credential_2` (`insuranceProviderId`),
  CONSTRAINT `FK_credential_1` FOREIGN KEY (`providerId`) REFERENCES `provider` (`providerId`) ON DELETE CASCADE ON UPDATE CASCADE,
  CONSTRAINT `FK_credential_2` FOREIGN KEY (`insuranceProviderId`) REFERENCES `insuranceprovider` (`insuranceProviderId`) ON DELETE CASCADE ON UPDATE CASCADE
) ENGINE=InnoDB DEFAULT CHARSET=latin1 ROW_FORMAT=DYNAMIC;

--
-- Dumping data for table `credential`
--

/*!40000 ALTER TABLE `credential` DISABLE KEYS */;
INSERT INTO `credential` (`providerId`,`insuranceProviderId`) VALUES 
 (16,1),
 (16,2),
 (16,3),
 (16,4),
 (16,5),
 (16,6),
 (16,7),
 (16,8),
 (16,9),
 (16,10),
 (16,11),
 (16,12),
 (16,13),
 (16,14),
 (16,15);
/*!40000 ALTER TABLE `credential` ENABLE KEYS */;


--
-- Definition of table `deletedappointment`
--

DROP TABLE IF EXISTS `deletedappointment`;
CREATE TABLE `deletedappointment` (
  `deletedBy` varchar(20) DEFAULT NULL,
  `deleteDate` datetime DEFAULT NULL,
  `apptId` int(11) DEFAULT NULL,
  `referralId` int(11) DEFAULT NULL,
  `clinicName` varchar(20) DEFAULT NULL,
  `appointmentDate` datetime DEFAULT NULL,
  `endTime` datetime DEFAULT NULL,
  `provider` varchar(60) DEFAULT NULL,
  `type` varchar(20) DEFAULT NULL,
  `isEvaluation` tinyint(1) DEFAULT '0',
  `evaluationYear` varchar(4) DEFAULT NULL,
  `isEligible` varchar(3) NOT NULL DEFAULT '',
  `translationSvcNeeded` tinyint(1) DEFAULT NULL,
  `collateralReceived` tinyint(1) DEFAULT NULL,
  `notes` varchar(200) DEFAULT NULL,
  `userId` varchar(20) DEFAULT NULL,
  `isWalkIn` tinyint(4) DEFAULT '0',
  `authNum` varchar(20) DEFAULT NULL,
  `countyNum` varchar(20) DEFAULT NULL
) ENGINE=MyISAM DEFAULT CHARSET=utf8;

--
-- Dumping data for table `deletedappointment`
--

/*!40000 ALTER TABLE `deletedappointment` DISABLE KEYS */;
INSERT INTO `deletedappointment` (`deletedBy`,`deleteDate`,`apptId`,`referralId`,`clinicName`,`appointmentDate`,`endTime`,`provider`,`type`,`isEvaluation`,`evaluationYear`,`isEligible`,`translationSvcNeeded`,`collateralReceived`,`notes`,`userId`,`isWalkIn`,`authNum`,`countyNum`) VALUES 
 ('Administrator','2005-10-23 13:22:07',5791,13,'Oakland','2005-10-19 10:00:00','2005-10-19 11:00:00','David Behar','Appointment',0,NULL,'',1,1,'','remote',0,NULL,NULL),
 ('Administrator','2005-10-23 13:22:46',5793,3108,'Contra Costa','2005-10-19 10:10:00','2005-10-19 10:30:00','Dr. Marina Obolnikov','Appointment',0,NULL,'',1,1,'','Administrator',0,NULL,NULL),
 ('Administrator','2005-10-23 13:23:06',5792,13,'Contra Costa','2005-10-19 11:00:00','2005-10-19 11:20:00','Dr. Marina Obolnikov','Appointment',0,NULL,'',1,0,'','Administrator',0,NULL,NULL),
 ('Administrator','2005-10-25 13:55:01',5797,6,'Contra Costa','2005-10-25 09:00:00','2005-10-25 09:20:00','David Behar','Appointment',0,NULL,'',1,1,'abc','Administrator',0,NULL,NULL),
 ('remote','2005-10-28 06:14:18',5804,-1,'Union City','2005-10-27 09:00:00','2005-10-27 09:20:00','Dr. Melinda Del Castillo','Blocked',0,NULL,'',1,1,'','remote',0,NULL,NULL),
 ('remote','2005-11-02 10:43:24',5821,3115,'Union City','2005-11-02 11:00:00','2005-11-02 12:00:00','Tom Smith MD','Appointment',0,NULL,'',0,1,'new.; MHS intake at 10am','remote',0,NULL,NULL),
 ('remote','2005-11-07 00:25:22',5827,-1,'Union City','2005-11-09 10:20:00','2005-11-09 11:20:00','Tom Smith MD','Blocked',0,NULL,'',0,1,'TREATMENT TEAM MTG.','remote',0,NULL,NULL),
 ('remote','2005-11-10 01:19:51',5831,3111,'Union City','2005-11-02 12:00:00','2005-11-02 12:10:00','Dr. Colbert','Double Book',0,NULL,'',1,1,'DBLBK @12','remote',0,NULL,NULL),
 ('remote','2005-11-12 05:10:46',5835,3115,'Union City','2005-11-02 09:00:00','2005-11-02 09:20:00','Tom Smith MD','Appointment',0,NULL,'',1,1,'test','remote',0,NULL,NULL),
 ('remote','2005-11-20 08:22:19',5842,3118,'Oakland','2005-11-23 09:00:00','2005-11-23 10:00:00','Tom Smith MD','Appointment',0,NULL,'',1,1,'1st appt','remote',0,NULL,NULL),
 ('remote','2005-11-20 08:30:39',5844,3115,'Oakland','2005-11-23 10:20:00','2005-11-23 11:20:00','Tom Smith MD','Appointment',0,NULL,'',1,1,'','remote',0,NULL,NULL),
 ('remote','2005-11-20 09:22:07',5817,3109,'Union City','2005-11-02 12:00:00','2005-11-02 12:30:00','Dr. Melinda Del Castillo','Appointment',0,NULL,'',1,1,'regular medcheck; confirmed appt','remote',0,NULL,NULL),
 ('remote','2005-11-20 09:29:06',5833,4,'Union City','2005-11-02 14:10:00','2005-11-02 14:30:00','Dr. Colbert','Appointment',0,NULL,'',1,1,'URGENT PT','remote',0,NULL,NULL),
 ('remote','2005-11-20 09:35:44',5852,7,'Union City','2005-12-25 13:00:00','2005-12-25 14:00:00','Dr. Melinda Del Castillo','Appointment',0,NULL,'',1,1,'','remote',0,NULL,NULL),
 ('remote','2005-11-27 18:35:26',5854,3121,'Oakland','2005-11-03 11:00:00','2005-11-03 12:00:00','Dr. Harris','Appointment',0,NULL,'',0,0,'init appt;10-11am w/ MHS; req Dr.Harris','remote',0,NULL,NULL),
 ('administrator','2005-12-18 08:31:23',5857,3118,'Contra Costa','2005-12-18 08:40:00','2005-12-18 08:50:00','David Behar','Appointment',0,NULL,'',1,1,'','administrator',0,NULL,NULL),
 ('remote','2005-12-18 09:15:43',5853,3111,'Oakland','2005-11-03 10:00:00','2005-11-03 11:00:00','Dr. Harris','Appointment',0,NULL,'',0,0,'1st appt; 9-10 w/MHS;requests Dr. Harris','remote',0,NULL,NULL),
 ('ben','2005-12-18 09:22:36',5858,3111,'Contra Costa','2005-11-03 09:00:00','2005-11-03 10:00:00','David Behar','Appointment',0,NULL,'',1,1,'','remote',0,NULL,NULL),
 ('ben','2005-12-18 16:01:16',5860,3111,'Oakland','2005-12-18 09:00:00','2005-12-18 10:00:00','David Behar','Appointment',0,NULL,'',1,1,'','ben',0,NULL,NULL),
 ('manager','2005-12-18 16:03:10',5861,3118,'Contra Costa','2005-12-18 09:00:00','2005-12-18 10:00:00','Dr. Barker','Appointment',0,NULL,'',1,1,'','remote',0,NULL,NULL),
 ('administrator','2006-01-17 16:32:01',5862,12,'Contra Costa','2006-01-17 08:40:00','2006-01-17 08:50:00','David Behar','Appointment',0,NULL,'',1,1,'','administrator',0,NULL,NULL),
 ('jeff','2011-02-04 09:38:53',5868,3111,'Contra Costa','2011-02-04 09:00:00','2011-02-04 10:00:00','David Behar','Appointment',0,NULL,'yes',0,1,'','jeff',0,NULL,NULL);
/*!40000 ALTER TABLE `deletedappointment` ENABLE KEYS */;


--
-- Definition of table `deletedreferral`
--

DROP TABLE IF EXISTS `deletedreferral`;
CREATE TABLE `deletedreferral` (
  `deletedBy` varchar(20) DEFAULT NULL,
  `deleteDate` datetime DEFAULT NULL,
  `referralId` int(11) DEFAULT NULL,
  `firstName` varchar(30) DEFAULT NULL,
  `middleInitial` varchar(5) DEFAULT NULL,
  `lastName` varchar(30) DEFAULT NULL,
  `gender` varchar(10) DEFAULT NULL,
  `ssn` varchar(9) DEFAULT NULL,
  `birthDate` date DEFAULT NULL,
  `isChild` tinyint(1) DEFAULT NULL,
  `streetAddress` varchar(30) DEFAULT NULL,
  `apartmentNumber` varchar(30) DEFAULT NULL,
  `city` varchar(20) DEFAULT NULL,
  `state` varchar(2) DEFAULT NULL,
  `zipCode` varchar(20) DEFAULT NULL,
  `phoneNumber` varchar(10) DEFAULT NULL,
  `email` varchar(30) DEFAULT NULL,
  `legalGardianFirstName` varchar(30) DEFAULT NULL,
  `legalGardianLastName` varchar(30) DEFAULT NULL,
  `legalGardianMiddleInitial` varchar(5) DEFAULT NULL,
  `legalGardianPhoneNumber` varchar(10) DEFAULT NULL,
  `previousPsychiatrist` varchar(65) DEFAULT NULL,
  `lastSeen` date DEFAULT NULL,
  `currentMedications` varchar(100) DEFAULT NULL,
  `daysLeft` int(11) DEFAULT NULL,
  `previousMedications` varchar(100) DEFAULT NULL,
  `previousDx` varchar(100) DEFAULT NULL,
  `presentingProblem` varchar(200) DEFAULT NULL,
  `needMedicalMgntSvc` tinyint(1) DEFAULT NULL,
  `needTherapy` tinyint(1) DEFAULT NULL,
  `isUrgent` varchar(10) DEFAULT NULL,
  `clinic` varchar(30) DEFAULT NULL,
  `comments` varchar(200) DEFAULT NULL,
  `userId` varchar(20) DEFAULT NULL,
  `insuranceCompany` varchar(30) DEFAULT NULL,
  `memberId` varchar(30) DEFAULT NULL,
  `copay` decimal(8,2) DEFAULT NULL,
  `insPhoneNumber` varchar(10) DEFAULT NULL,
  `authorizationNumber` varchar(30) DEFAULT NULL,
  `numAuthorizedVisit` int(11) DEFAULT NULL
) ENGINE=MyISAM DEFAULT CHARSET=utf8;

--
-- Dumping data for table `deletedreferral`
--

/*!40000 ALTER TABLE `deletedreferral` DISABLE KEYS */;
/*!40000 ALTER TABLE `deletedreferral` ENABLE KEYS */;


--
-- Definition of table `employee`
--

DROP TABLE IF EXISTS `employee`;
CREATE TABLE `employee` (
  `empId` int(10) unsigned NOT NULL AUTO_INCREMENT,
  `firstName` varchar(45) NOT NULL,
  `lastName` varchar(45) NOT NULL,
  `middleName` varchar(45) DEFAULT NULL,
  `title` varchar(45) DEFAULT NULL,
  `isActive` tinyint(1) NOT NULL DEFAULT '1',
  PRIMARY KEY (`empId`),
  UNIQUE KEY `AK_Employee_1` (`firstName`,`lastName`)
) ENGINE=InnoDB DEFAULT CHARSET=latin1;

--
-- Dumping data for table `employee`
--

/*!40000 ALTER TABLE `employee` DISABLE KEYS */;
/*!40000 ALTER TABLE `employee` ENABLE KEYS */;


--
-- Definition of table `evaluation`
--

DROP TABLE IF EXISTS `evaluation`;
CREATE TABLE `evaluation` (
  `referralId` int(10) unsigned NOT NULL,
  `year` int(10) unsigned NOT NULL,
  `checkoffDate` datetime NOT NULL,
  `checkoffBy` varchar(20) NOT NULL,
  `notes` varchar(200) DEFAULT NULL,
  PRIMARY KEY (`referralId`,`year`)
) ENGINE=InnoDB DEFAULT CHARSET=latin1;

--
-- Dumping data for table `evaluation`
--

/*!40000 ALTER TABLE `evaluation` DISABLE KEYS */;
/*!40000 ALTER TABLE `evaluation` ENABLE KEYS */;


--
-- Definition of table `holiday`
--

DROP TABLE IF EXISTS `holiday`;
CREATE TABLE `holiday` (
  `name` varchar(100) NOT NULL,
  `isActive` tinyint(1) DEFAULT NULL,
  PRIMARY KEY (`name`)
) ENGINE=MyISAM DEFAULT CHARSET=latin1;

--
-- Dumping data for table `holiday`
--

/*!40000 ALTER TABLE `holiday` DISABLE KEYS */;
INSERT INTO `holiday` (`name`,`isActive`) VALUES 
 ('New Years Day',0),
 ('Martin Luther King Day',0),
 ('Presidents Day',0),
 ('Memorial Day',0),
 ('Independence Day',0),
 ('Labor Day',0),
 ('Columbus Day',0),
 ('Veterans Day',0),
 ('Thanksgiving Day',0),
 ('Christmas Day',0);
/*!40000 ALTER TABLE `holiday` ENABLE KEYS */;


--
-- Definition of table `holidaymap`
--

DROP TABLE IF EXISTS `holidaymap`;
CREATE TABLE `holidaymap` (
  `holidayMapId` int(11) NOT NULL AUTO_INCREMENT,
  `startDate` date NOT NULL,
  `endDate` date DEFAULT NULL,
  `description` varchar(100) DEFAULT NULL,
  PRIMARY KEY (`holidayMapId`),
  UNIQUE KEY `holidaymap_AK` (`startDate`,`endDate`)
) ENGINE=MyISAM DEFAULT CHARSET=latin1;

--
-- Dumping data for table `holidaymap`
--

/*!40000 ALTER TABLE `holidaymap` DISABLE KEYS */;
/*!40000 ALTER TABLE `holidaymap` ENABLE KEYS */;


--
-- Definition of table `insurance`
--

DROP TABLE IF EXISTS `insurance`;
CREATE TABLE `insurance` (
  `referralId` int(11) NOT NULL DEFAULT '0',
  `insuranceCompany` varchar(30) NOT NULL DEFAULT '',
  `memberId` varchar(30) DEFAULT NULL,
  `copay` decimal(8,2) DEFAULT NULL,
  `phoneNumber` varchar(10) DEFAULT NULL,
  `authNumForMD` varchar(30) DEFAULT NULL,
  `numAuthVisitForMD` int(11) DEFAULT NULL,
  `insuranceId` int(11) NOT NULL AUTO_INCREMENT,
  `copayParity` decimal(8,2) DEFAULT NULL,
  `numAuthVisitForMA` int(11) DEFAULT NULL,
  `medicalId` varchar(60) DEFAULT NULL,
  `medicalIssueDate` date DEFAULT NULL,
  `isLast` tinyint(1) DEFAULT '1',
  `authNumForMA` varchar(30) DEFAULT NULL,
  `referralDate` date DEFAULT NULL,
  `eligEffDate` date DEFAULT NULL,
  `eligTermDate` date DEFAULT NULL,
  `notes` varchar(250) DEFAULT NULL,
  PRIMARY KEY (`insuranceId`),
  KEY `ins_ak1` (`referralId`)
) ENGINE=MyISAM AUTO_INCREMENT=2848 DEFAULT CHARSET=utf8;

--
-- Dumping data for table `insurance`
--

/*!40000 ALTER TABLE `insurance` DISABLE KEYS */;
INSERT INTO `insurance` (`referralId`,`insuranceCompany`,`memberId`,`copay`,`phoneNumber`,`authNumForMD`,`numAuthVisitForMD`,`insuranceId`,`copayParity`,`numAuthVisitForMA`,`medicalId`,`medicalIssueDate`,`isLast`,`authNumForMA`,`referralDate`,`eligEffDate`,`eligTermDate`,`notes`) VALUES 
 (14,'Medi-Cal - Alameda Cty ACCESS','12345678',NULL,NULL,NULL,0,1,NULL,NULL,NULL,NULL,1,NULL,NULL,NULL,NULL,NULL),
 (4,'Medi-Cal - Alameda Cty ACCESS','12345678','10.00',NULL,NULL,0,2,NULL,NULL,NULL,NULL,1,NULL,NULL,NULL,NULL,NULL),
 (6,'Medi-Cal - Alameda Cty ACCESS','22233555','5.00',NULL,NULL,0,3,NULL,NULL,NULL,NULL,1,NULL,NULL,NULL,NULL,NULL),
 (7,'Medi-Cal - Alameda Cty ACCESS','77777777',NULL,NULL,NULL,0,4,NULL,NULL,NULL,NULL,1,NULL,NULL,NULL,NULL,NULL),
 (8,'Medi-Cal - Alameda Cty ACCESS','75106384',NULL,NULL,NULL,0,5,NULL,NULL,NULL,NULL,1,NULL,NULL,NULL,NULL,NULL),
 (10,'Medi-Cal - Alameda Cty ACCESS',NULL,NULL,NULL,NULL,0,6,NULL,NULL,NULL,NULL,1,NULL,NULL,NULL,NULL,NULL),
 (11,'Medi-Cal - Alameda Cty ACCESS','33326581',NULL,NULL,NULL,0,7,NULL,NULL,NULL,NULL,1,NULL,NULL,NULL,NULL,NULL),
 (12,'Medi-Cal - Alameda Cty ACCESS','7778956',NULL,NULL,NULL,0,8,NULL,NULL,NULL,NULL,1,NULL,NULL,NULL,NULL,NULL),
 (13,'Medi-Cal - Alameda Cty ACCESS',NULL,NULL,NULL,NULL,0,9,NULL,NULL,NULL,NULL,1,NULL,NULL,NULL,NULL,NULL),
 (15,'Medi-Cal - Alameda Cty ACCESS','000110001',NULL,NULL,NULL,0,10,NULL,NULL,NULL,NULL,1,NULL,NULL,NULL,NULL,NULL),
 (16,'Medi-Cal - Alameda Cty ACCESS','75017181',NULL,NULL,NULL,0,11,NULL,NULL,NULL,NULL,1,NULL,NULL,NULL,NULL,NULL),
 (17,'PacifiCare PPO',NULL,'5.00','8009999585','043580074',4,12,NULL,NULL,NULL,NULL,1,NULL,NULL,NULL,NULL,NULL),
 (18,'PacifiCare PPO',NULL,'0.00','8009999585','043621368',3,13,NULL,NULL,NULL,NULL,1,NULL,NULL,NULL,NULL,NULL),
 (19,'PacifiCare PPO',NULL,'20.00','8009999585',NULL,0,14,NULL,NULL,NULL,NULL,1,NULL,NULL,NULL,NULL,NULL),
 (20,'Medi-Cal - Alameda Cty ACCESS','75118688',NULL,NULL,NULL,0,15,NULL,NULL,NULL,NULL,1,NULL,NULL,NULL,NULL,NULL),
 (22,'PacifiCare PPO',NULL,'10.00','8009999589','043631847',4,16,NULL,NULL,NULL,NULL,1,NULL,NULL,NULL,NULL,NULL),
 (23,'PacifiCare PPO',NULL,'10.00','8009999585','043080533',4,17,NULL,NULL,NULL,NULL,1,NULL,NULL,NULL,NULL,NULL),
 (25,'Contra Costa Access',NULL,NULL,NULL,'A238067',0,18,NULL,NULL,NULL,NULL,1,NULL,NULL,NULL,NULL,NULL),
 (26,'Contra Costa Access',NULL,NULL,NULL,'A238063',0,19,NULL,NULL,NULL,NULL,1,NULL,NULL,NULL,NULL,NULL),
 (27,'Medi-Cal - Alameda Cty ACCESS','75118190',NULL,NULL,NULL,0,20,NULL,NULL,NULL,NULL,1,NULL,NULL,NULL,NULL,NULL),
 (28,'PacifiCare PPO',NULL,'10.00','8009999585','043632169',4,21,NULL,NULL,NULL,NULL,1,NULL,NULL,NULL,NULL,NULL),
 (29,'Medi-Cal - Alameda Cty ACCESS','75057988',NULL,NULL,NULL,0,22,NULL,NULL,NULL,NULL,1,NULL,NULL,NULL,NULL,NULL),
 (79,'Medi-Cal - Alameda Cty ACCESS','75112897',NULL,NULL,NULL,0,23,NULL,NULL,NULL,NULL,1,NULL,NULL,NULL,NULL,NULL),
 (31,'Medi-Cal - Alameda Cty ACCESS','75073008',NULL,NULL,NULL,0,24,NULL,NULL,NULL,NULL,1,NULL,NULL,NULL,NULL,NULL),
 (32,'PacifiCare PPO',NULL,'5.00','8009999585','043572700',4,25,NULL,NULL,NULL,NULL,1,NULL,NULL,NULL,NULL,NULL),
 (33,'Medi-Cal - Alameda Cty ACCESS','75118366',NULL,NULL,NULL,0,26,NULL,NULL,NULL,NULL,1,NULL,NULL,NULL,NULL,NULL),
 (34,'Medi-Cal - Alameda Cty ACCESS','75109013',NULL,NULL,NULL,0,27,NULL,NULL,NULL,NULL,1,NULL,NULL,NULL,NULL,NULL),
 (35,'Medi-Cal - Alameda Cty ACCESS','75097242',NULL,NULL,NULL,0,28,NULL,NULL,NULL,NULL,1,NULL,NULL,NULL,NULL,NULL),
 (36,'Medi-Cal - Alameda Cty ACCESS','75026651',NULL,NULL,NULL,0,29,NULL,NULL,NULL,NULL,1,NULL,NULL,NULL,NULL,NULL),
 (37,'Medi-Cal - Alameda Cty ACCESS','75071915',NULL,NULL,NULL,0,30,NULL,NULL,NULL,NULL,1,NULL,NULL,NULL,NULL,NULL),
 (38,'Medi-Cal - Alameda Cty ACCESS','75099852',NULL,NULL,NULL,0,31,NULL,NULL,NULL,NULL,1,NULL,NULL,NULL,NULL,NULL),
 (39,'Medi-Cal - Alameda Cty ACCESS','75113569',NULL,NULL,NULL,0,32,NULL,NULL,NULL,NULL,1,NULL,NULL,NULL,NULL,NULL),
 (40,'Medi-Cal - Alameda Cty ACCESS','75119395',NULL,NULL,NULL,0,33,NULL,NULL,NULL,NULL,1,NULL,NULL,NULL,NULL,NULL),
 (41,'PacifiCare PPO',NULL,'30.00','8009999585','043632398',12,34,NULL,NULL,NULL,NULL,1,NULL,NULL,NULL,NULL,NULL),
 (42,'Medi-Cal - Alameda Cty ACCESS','75119231',NULL,NULL,NULL,0,35,NULL,NULL,NULL,NULL,1,NULL,NULL,NULL,NULL,NULL),
 (43,'Medi-Cal - Alameda Cty ACCESS','75114299',NULL,NULL,NULL,0,36,NULL,NULL,NULL,NULL,1,NULL,NULL,NULL,NULL,NULL),
 (44,'PacifiCare PPO',NULL,'5.00','8009999585','041410278',2,37,NULL,NULL,NULL,NULL,1,NULL,NULL,NULL,NULL,NULL),
 (45,'Contra Costa Access','A239791',NULL,NULL,NULL,0,38,NULL,NULL,NULL,NULL,1,NULL,NULL,NULL,NULL,NULL),
 (46,'CHIPA - MHN',NULL,'30.00','8007793825','163733-01-02',5,39,NULL,NULL,NULL,NULL,1,NULL,NULL,NULL,NULL,NULL),
 (47,'PacifiCare PPO',NULL,NULL,'8009999585','043642349',0,40,NULL,NULL,NULL,NULL,1,NULL,NULL,NULL,NULL,NULL),
 (48,'Medi-Cal - Alameda Cty ACCESS','75085877',NULL,NULL,NULL,0,41,NULL,NULL,NULL,NULL,1,NULL,NULL,NULL,NULL,NULL),
 (49,'Medi-Cal - Alameda Cty ACCESS','75114237',NULL,NULL,NULL,0,42,NULL,NULL,NULL,NULL,1,NULL,NULL,NULL,NULL,NULL),
 (50,'CHIPA - Magellan','BBJ9CXBA','25.00','8007793825','116214-02-02',20,43,NULL,NULL,NULL,NULL,1,NULL,NULL,NULL,NULL,NULL),
 (51,'PacifiCare PPO',NULL,'5.00','8009999585','043633441',11,44,NULL,NULL,NULL,NULL,1,NULL,NULL,NULL,NULL,NULL),
 (1211,'Medi-Cal - Alameda Cty ACCESS','75122883',NULL,'8004919099',NULL,0,45,NULL,NULL,NULL,NULL,1,NULL,NULL,NULL,NULL,NULL),
 (53,'Medi-Cal - Alameda Cty ACCESS','75118148',NULL,NULL,NULL,0,46,NULL,NULL,NULL,NULL,1,NULL,NULL,NULL,NULL,NULL),
 (54,'Medi-Cal - Alameda Cty ACCESS','75118571',NULL,NULL,NULL,0,47,NULL,NULL,NULL,NULL,1,NULL,NULL,NULL,NULL,NULL),
 (80,'Contra Costa Access',NULL,NULL,NULL,'A239928',0,48,NULL,NULL,NULL,NULL,1,NULL,NULL,NULL,NULL,NULL),
 (56,'Contra Costa Access',NULL,NULL,NULL,'A239922',0,49,NULL,NULL,NULL,NULL,1,NULL,NULL,NULL,NULL,NULL),
 (57,'Medi-Cal - Alameda Cty ACCESS','75105748',NULL,NULL,NULL,0,50,NULL,NULL,NULL,NULL,1,NULL,NULL,NULL,NULL,NULL),
 (58,'PacifiCare PPO',NULL,'0.00','8009999585','043651951',3,51,NULL,NULL,NULL,NULL,1,NULL,NULL,NULL,NULL,NULL),
 (59,'Medi-Cal - Alameda Cty ACCESS','75109365',NULL,NULL,NULL,0,52,NULL,NULL,NULL,NULL,1,NULL,NULL,NULL,NULL,NULL),
 (60,'Medi-Cal - Alameda Cty ACCESS','75079797',NULL,NULL,NULL,0,53,NULL,NULL,NULL,NULL,1,NULL,NULL,NULL,NULL,NULL),
 (61,'Medi-Cal - Alameda Cty ACCESS','75063566',NULL,NULL,NULL,0,54,NULL,NULL,NULL,NULL,1,NULL,NULL,NULL,NULL,NULL),
 (62,'Medi-Cal - Alameda Cty ACCESS','75078796',NULL,NULL,NULL,0,55,NULL,NULL,NULL,NULL,1,NULL,NULL,NULL,NULL,NULL),
 (63,'Medi-Cal - Alameda Cty ACCESS','75119447',NULL,NULL,NULL,0,56,NULL,NULL,NULL,NULL,1,NULL,NULL,NULL,NULL,NULL),
 (64,'Medi-Cal - Alameda Cty ACCESS','75104192',NULL,NULL,NULL,0,57,NULL,NULL,NULL,NULL,1,NULL,NULL,NULL,NULL,NULL),
 (65,'Medi-Cal - Alameda Cty ACCESS','75057178',NULL,NULL,NULL,0,58,NULL,NULL,NULL,NULL,1,NULL,NULL,NULL,NULL,NULL),
 (66,'Medi-Cal - Alameda Cty ACCESS','75115065',NULL,NULL,NULL,0,59,NULL,NULL,NULL,NULL,1,NULL,NULL,NULL,NULL,NULL),
 (67,'PacifiCare PPO',NULL,'10.00','8009999585','050030301',0,60,NULL,NULL,NULL,NULL,1,NULL,NULL,NULL,NULL,NULL),
 (68,'MHN','R04245835','30.00','8884260030','01739173',20,61,NULL,NULL,NULL,NULL,1,NULL,NULL,NULL,NULL,NULL),
 (69,'Medi-Cal - Alameda Cty ACCESS','1126201',NULL,NULL,NULL,0,62,NULL,NULL,NULL,NULL,1,NULL,NULL,NULL,NULL,NULL),
 (70,'Medi-Cal - Alameda Cty ACCESS','75069915',NULL,NULL,NULL,0,63,NULL,NULL,NULL,NULL,1,NULL,NULL,NULL,NULL,NULL),
 (71,'Private Pay',NULL,'89.00',NULL,NULL,0,64,NULL,NULL,NULL,NULL,1,NULL,NULL,NULL,NULL,NULL),
 (72,'PacifiCare PPO',NULL,'30.00','8009999585','043020164',4,65,NULL,NULL,NULL,NULL,1,NULL,NULL,NULL,NULL,NULL),
 (1011,'Medi-Cal - Alameda Cty ACCESS','75030141',NULL,NULL,NULL,0,66,NULL,NULL,NULL,NULL,1,NULL,NULL,NULL,NULL,NULL),
 (74,'PacifiCare PPO',NULL,'4.00',NULL,'043664241',4,67,NULL,NULL,NULL,NULL,1,NULL,NULL,NULL,NULL,NULL),
 (75,'Medi-Cal - Alameda Cty ACCESS',NULL,NULL,NULL,NULL,0,68,NULL,NULL,NULL,NULL,1,NULL,NULL,NULL,NULL,NULL),
 (76,'Medi-Cal - Alameda Cty ACCESS','75068014',NULL,NULL,NULL,0,69,NULL,NULL,NULL,NULL,1,NULL,NULL,NULL,NULL,NULL),
 (77,'Medi-Cal - Alameda Cty ACCESS','75117455',NULL,NULL,NULL,0,70,NULL,NULL,NULL,NULL,1,NULL,NULL,NULL,NULL,NULL),
 (78,'Medi-Cal - Alameda Cty ACCESS','75107697',NULL,NULL,NULL,0,71,NULL,NULL,NULL,NULL,1,NULL,NULL,NULL,NULL,NULL),
 (81,'Private Pay',NULL,'200.00',NULL,NULL,0,72,NULL,NULL,NULL,NULL,1,NULL,NULL,NULL,NULL,NULL),
 (82,'CHIPA - Magellan','YYM108881789001','0.00','8004227171',NULL,0,73,NULL,NULL,NULL,NULL,1,NULL,NULL,NULL,NULL,NULL),
 (83,'Contra Costa Access',NULL,NULL,NULL,'A239282',0,74,NULL,NULL,NULL,NULL,1,NULL,NULL,NULL,NULL,NULL),
 (84,'PacifiCare HMO',NULL,'5.00',NULL,'043580215',0,75,NULL,NULL,NULL,NULL,1,NULL,NULL,NULL,NULL,NULL),
 (85,'Contra Costa Access',NULL,NULL,NULL,'A240003',0,76,NULL,NULL,NULL,NULL,1,NULL,NULL,NULL,NULL,NULL),
 (86,'PacifiCare PPO','037097700-01',NULL,'8663169776',NULL,0,77,NULL,NULL,NULL,NULL,1,NULL,NULL,NULL,NULL,NULL),
 (87,'Medi-Cal - Alameda Cty ACCESS','75061057',NULL,NULL,NULL,0,78,NULL,NULL,NULL,NULL,1,NULL,NULL,NULL,NULL,NULL),
 (88,'Medi-Cal - Alameda Cty ACCESS','75119571',NULL,NULL,NULL,0,79,NULL,NULL,NULL,NULL,1,NULL,NULL,NULL,NULL,NULL),
 (89,'PacifiCare HMO','042370451','10.00',NULL,NULL,0,80,NULL,NULL,NULL,NULL,1,NULL,NULL,NULL,NULL,NULL),
 (90,'PacifiCare HMO',NULL,'5.00','8009999585','050050499',12,81,NULL,NULL,NULL,NULL,1,NULL,NULL,NULL,NULL,NULL),
 (91,'Medi-Cal - Alameda Cty ACCESS','75085783',NULL,NULL,NULL,0,82,NULL,NULL,NULL,NULL,1,NULL,NULL,NULL,NULL,NULL),
 (92,'Medi-Cal - Alameda Cty ACCESS','72887301',NULL,NULL,NULL,0,83,NULL,NULL,NULL,NULL,1,NULL,NULL,NULL,NULL,NULL),
 (93,'Medi-Cal - Alameda Cty ACCESS','75050011',NULL,NULL,NULL,0,84,NULL,NULL,NULL,NULL,1,NULL,NULL,NULL,NULL,NULL),
 (94,'Medi-Cal - Alameda Cty ACCESS','75119341',NULL,NULL,NULL,0,85,NULL,NULL,NULL,NULL,1,NULL,NULL,NULL,NULL,NULL),
 (95,'Medi-Cal - Alameda Cty ACCESS','3472801',NULL,NULL,NULL,0,86,NULL,NULL,NULL,NULL,1,NULL,NULL,NULL,NULL,NULL),
 (96,'MHN','R04180815',NULL,'8009777958',NULL,0,87,NULL,NULL,NULL,NULL,1,NULL,NULL,NULL,NULL,NULL),
 (97,'Medi-Cal - Alameda Cty ACCESS','75069016',NULL,NULL,NULL,0,88,NULL,NULL,NULL,NULL,1,NULL,NULL,NULL,NULL,NULL),
 (98,'Medi-Cal - Alameda Cty ACCESS','75071301',NULL,NULL,NULL,0,89,NULL,NULL,NULL,NULL,1,NULL,NULL,NULL,NULL,NULL),
 (99,'Medi-Cal - Alameda Cty ACCESS','75118574',NULL,NULL,NULL,0,90,NULL,NULL,NULL,NULL,1,NULL,NULL,NULL,NULL,NULL),
 (100,'Medi-Cal - Alameda Cty ACCESS','75117342',NULL,NULL,NULL,0,91,NULL,NULL,NULL,NULL,1,NULL,NULL,NULL,NULL,NULL),
 (101,'Medi-Cal - Alameda Cty ACCESS','75040140',NULL,NULL,NULL,0,92,NULL,NULL,NULL,NULL,1,NULL,NULL,NULL,NULL,NULL),
 (102,'Medi-Cal - Alameda Cty ACCESS','75015299',NULL,NULL,NULL,0,93,NULL,NULL,NULL,NULL,1,NULL,NULL,NULL,NULL,NULL),
 (103,'Medi-Cal - Alameda Cty ACCESS','75118464',NULL,NULL,NULL,0,94,NULL,NULL,NULL,NULL,1,NULL,NULL,NULL,NULL,NULL),
 (104,'Medi-Cal - Alameda Cty ACCESS','75065026',NULL,NULL,NULL,0,95,NULL,NULL,NULL,NULL,1,NULL,NULL,NULL,NULL,NULL),
 (105,'Medi-Cal - Alameda Cty ACCESS','75008115',NULL,NULL,NULL,0,96,NULL,NULL,NULL,NULL,1,NULL,NULL,NULL,NULL,NULL),
 (106,'Medi-Cal - Alameda Cty ACCESS','73663701',NULL,NULL,NULL,0,97,NULL,NULL,NULL,NULL,1,NULL,NULL,NULL,NULL,NULL),
 (107,'Medi-Cal - Alameda Cty ACCESS','75116882',NULL,NULL,NULL,0,98,NULL,NULL,NULL,NULL,1,NULL,NULL,NULL,NULL,NULL),
 (108,'Medi-Cal - Alameda Cty ACCESS','75076479',NULL,NULL,NULL,0,99,NULL,NULL,NULL,NULL,1,NULL,NULL,NULL,NULL,NULL),
 (109,'Medi-Cal - Alameda Cty ACCESS','75097644',NULL,NULL,NULL,0,100,NULL,NULL,NULL,NULL,1,NULL,NULL,NULL,NULL,NULL),
 (110,'Medi-Cal - Alameda Cty ACCESS','75117261',NULL,NULL,NULL,0,101,NULL,NULL,NULL,NULL,1,NULL,NULL,NULL,NULL,NULL),
 (111,'Medi-Cal - Alameda Cty ACCESS','75082045',NULL,NULL,NULL,0,102,NULL,NULL,NULL,NULL,1,NULL,NULL,NULL,NULL,NULL),
 (112,'Medi-Cal - Alameda Cty ACCESS','75104978',NULL,NULL,NULL,0,103,NULL,NULL,NULL,NULL,1,NULL,NULL,NULL,NULL,NULL),
 (113,'Medi-Cal - Alameda Cty ACCESS','75078434',NULL,NULL,NULL,0,104,NULL,NULL,NULL,NULL,1,NULL,NULL,NULL,NULL,NULL),
 (114,'Medi-Cal - Alameda Cty ACCESS','28497601',NULL,NULL,NULL,0,105,NULL,NULL,NULL,NULL,1,NULL,NULL,NULL,NULL,NULL),
 (115,'Medi-Cal - Alameda Cty ACCESS','75093157',NULL,NULL,NULL,0,106,NULL,NULL,NULL,NULL,1,NULL,NULL,NULL,NULL,NULL),
 (116,'Medi-Cal - Alameda Cty ACCESS','75075262',NULL,NULL,NULL,0,107,NULL,NULL,NULL,NULL,1,NULL,NULL,NULL,NULL,NULL),
 (117,'Medi-Cal - Alameda Cty ACCESS','75041264',NULL,NULL,NULL,0,108,NULL,NULL,NULL,NULL,1,NULL,NULL,NULL,NULL,NULL),
 (118,'Medi-Cal - Alameda Cty ACCESS','75111736',NULL,NULL,NULL,0,109,NULL,NULL,NULL,NULL,1,NULL,NULL,NULL,NULL,NULL),
 (119,'Medi-Cal - Alameda Cty ACCESS','69847201',NULL,NULL,NULL,0,110,NULL,NULL,NULL,NULL,1,NULL,NULL,NULL,NULL,NULL),
 (120,'Medi-Cal - Alameda Cty ACCESS','75118668',NULL,NULL,NULL,0,111,NULL,NULL,NULL,NULL,1,NULL,NULL,NULL,NULL,NULL),
 (121,'Medi-Cal - Alameda Cty ACCESS','75081243',NULL,NULL,NULL,0,112,NULL,NULL,NULL,NULL,1,NULL,NULL,NULL,NULL,NULL),
 (122,'PacifiCare HMO',NULL,'15.00','8009999585','043642091',12,113,NULL,NULL,NULL,NULL,1,NULL,NULL,NULL,NULL,NULL),
 (123,'Medi-Cal - Alameda Cty ACCESS','75097344',NULL,NULL,NULL,0,114,NULL,NULL,NULL,NULL,1,NULL,NULL,NULL,NULL,NULL),
 (124,'Medi-Cal - Alameda Cty ACCESS','75056693',NULL,NULL,NULL,0,115,NULL,NULL,NULL,NULL,1,NULL,NULL,NULL,NULL,NULL),
 (125,'Medi-Cal - Alameda Cty ACCESS','75117958',NULL,NULL,NULL,0,116,NULL,NULL,NULL,NULL,1,NULL,NULL,NULL,NULL,NULL),
 (126,'Medi-Cal - Alameda Cty ACCESS','75115025',NULL,NULL,NULL,0,117,NULL,NULL,NULL,NULL,1,NULL,NULL,NULL,NULL,NULL),
 (127,'Medi-Cal - Alameda Cty ACCESS','75060609',NULL,NULL,NULL,0,118,NULL,NULL,NULL,NULL,1,NULL,NULL,NULL,NULL,NULL),
 (128,'Medi-Cal - Alameda Cty ACCESS','75078395',NULL,NULL,NULL,0,119,NULL,NULL,NULL,NULL,1,NULL,NULL,NULL,NULL,NULL),
 (129,'Medi-Cal - Alameda Cty ACCESS','75077894',NULL,NULL,NULL,0,120,NULL,NULL,NULL,NULL,1,NULL,NULL,NULL,NULL,NULL),
 (130,'Medi-Cal - Alameda Cty ACCESS','75019910',NULL,NULL,NULL,0,121,NULL,NULL,NULL,NULL,1,NULL,NULL,NULL,NULL,NULL),
 (131,'Medi-Cal - Alameda Cty ACCESS','75079942',NULL,NULL,NULL,0,122,NULL,NULL,NULL,NULL,1,NULL,NULL,NULL,NULL,NULL),
 (132,'Medi-Cal - Alameda Cty ACCESS','75094590',NULL,NULL,NULL,0,123,NULL,NULL,NULL,NULL,1,NULL,NULL,NULL,NULL,NULL),
 (133,'Medi-Cal - Alameda Cty ACCESS','75118398',NULL,NULL,NULL,0,124,NULL,NULL,NULL,NULL,1,NULL,NULL,NULL,NULL,NULL),
 (134,'Medi-Cal - Alameda Cty ACCESS','75119190',NULL,NULL,NULL,0,125,NULL,NULL,NULL,NULL,1,NULL,NULL,NULL,NULL,NULL),
 (135,'Medi-Cal - Alameda Cty ACCESS','75118777',NULL,NULL,NULL,0,126,NULL,NULL,NULL,NULL,1,NULL,NULL,NULL,NULL,NULL),
 (136,'Medi-Cal - Alameda Cty ACCESS','75055620',NULL,NULL,NULL,0,127,NULL,NULL,NULL,NULL,1,NULL,NULL,NULL,NULL,NULL),
 (137,'Medi-Cal - Alameda Cty ACCESS',NULL,NULL,NULL,NULL,0,128,NULL,NULL,NULL,NULL,1,NULL,NULL,NULL,NULL,NULL),
 (138,'Medi-Cal - Alameda Cty ACCESS','75085910',NULL,NULL,NULL,0,129,NULL,NULL,NULL,NULL,1,NULL,NULL,NULL,NULL,NULL),
 (139,'Medi-Cal - Alameda Cty ACCESS','58684201',NULL,NULL,NULL,0,130,NULL,NULL,NULL,NULL,1,NULL,NULL,NULL,NULL,NULL),
 (140,'Medi-Cal - Alameda Cty ACCESS','75117746',NULL,NULL,NULL,0,131,NULL,NULL,NULL,NULL,1,NULL,NULL,NULL,NULL,NULL),
 (141,'Medi-Cal - Alameda Cty ACCESS','75094600',NULL,NULL,NULL,0,132,NULL,NULL,NULL,NULL,1,NULL,NULL,NULL,NULL,NULL),
 (142,'Medi-Cal - Alameda Cty ACCESS',NULL,NULL,NULL,NULL,0,133,NULL,NULL,NULL,NULL,1,NULL,NULL,NULL,NULL,NULL),
 (1151,'Contra Costa Access',NULL,NULL,NULL,'A249341',0,134,NULL,NULL,NULL,NULL,1,NULL,NULL,NULL,NULL,NULL),
 (144,'Medi-Cal - Alameda Cty ACCESS','75117691',NULL,NULL,NULL,0,135,NULL,NULL,NULL,NULL,1,NULL,NULL,NULL,NULL,NULL),
 (145,'Medi-Cal - Alameda Cty ACCESS','5163101',NULL,NULL,NULL,0,136,NULL,NULL,NULL,NULL,1,NULL,NULL,NULL,NULL,NULL),
 (146,'Medi-Cal - Alameda Cty ACCESS','75118121',NULL,NULL,NULL,0,137,NULL,NULL,NULL,NULL,1,NULL,NULL,NULL,NULL,NULL),
 (147,'Medi-Cal - Alameda Cty ACCESS','75090941',NULL,NULL,NULL,0,138,NULL,NULL,NULL,NULL,1,NULL,NULL,NULL,NULL,NULL),
 (148,'Medi-Cal - Alameda Cty ACCESS','75115504',NULL,NULL,NULL,0,139,NULL,NULL,NULL,NULL,1,NULL,NULL,NULL,NULL,NULL),
 (149,'Medi-Cal - Alameda Cty ACCESS','75119303',NULL,NULL,NULL,0,140,NULL,NULL,NULL,NULL,1,NULL,NULL,NULL,NULL,NULL),
 (150,'Medi-Cal - Alameda Cty ACCESS','75103802',NULL,NULL,NULL,0,141,NULL,NULL,NULL,NULL,1,NULL,NULL,NULL,NULL,NULL),
 (151,'Medi-Cal - Alameda Cty ACCESS','75099708',NULL,NULL,NULL,0,142,NULL,NULL,NULL,NULL,1,NULL,NULL,NULL,NULL,NULL),
 (152,'Medi-Cal - Alameda Cty ACCESS','75118124',NULL,NULL,NULL,0,143,NULL,NULL,NULL,NULL,1,NULL,NULL,NULL,NULL,NULL),
 (2672,'Medi-Cal - Alameda Cty ACCESS','75110912',NULL,NULL,NULL,0,144,NULL,NULL,NULL,NULL,1,NULL,NULL,NULL,NULL,NULL),
 (154,'Medi-Cal - Alameda Cty ACCESS','54607702',NULL,NULL,NULL,0,145,NULL,NULL,NULL,NULL,1,NULL,NULL,NULL,NULL,NULL),
 (155,'Medi-Cal - Alameda Cty ACCESS','75028326',NULL,NULL,NULL,0,146,NULL,NULL,NULL,NULL,1,NULL,NULL,NULL,NULL,NULL),
 (156,'Medi-Cal - Alameda Cty ACCESS',NULL,NULL,NULL,NULL,0,147,NULL,NULL,NULL,NULL,1,NULL,NULL,NULL,NULL,NULL),
 (157,'Medi-Cal - Alameda Cty ACCESS','75093695',NULL,NULL,NULL,0,148,NULL,NULL,NULL,NULL,1,NULL,NULL,NULL,NULL,NULL),
 (158,'Medi-Cal - Alameda Cty ACCESS','75118118',NULL,NULL,NULL,0,149,NULL,NULL,NULL,NULL,1,NULL,NULL,NULL,NULL,NULL),
 (159,'Contra Costa Access',NULL,NULL,NULL,'A240317',0,150,NULL,NULL,NULL,NULL,1,NULL,NULL,NULL,NULL,NULL),
 (160,'PacifiCare HMO',NULL,'5.00','8009999585','050051569',12,151,NULL,NULL,NULL,NULL,1,NULL,NULL,NULL,NULL,NULL),
 (161,'CHIPA - MHN',NULL,NULL,NULL,'0831480206',0,152,NULL,NULL,NULL,NULL,1,NULL,NULL,NULL,NULL,NULL),
 (162,'Medi-Cal - Alameda Cty ACCESS','75119547',NULL,NULL,NULL,0,153,NULL,NULL,NULL,NULL,1,NULL,NULL,NULL,NULL,NULL),
 (163,'Medi-Cal - Alameda Cty ACCESS','75091358',NULL,NULL,NULL,0,154,NULL,NULL,NULL,NULL,1,NULL,NULL,NULL,NULL,NULL),
 (164,'PacifiCare PPO',NULL,'0.00','8009999585','050052176',9,155,NULL,NULL,NULL,NULL,1,NULL,NULL,NULL,NULL,NULL),
 (165,'Medi-Cal - Alameda Cty ACCESS','75119594',NULL,NULL,NULL,0,156,NULL,NULL,NULL,NULL,1,NULL,NULL,NULL,NULL,NULL),
 (166,'Medi-Cal - Alameda Cty ACCESS','75119593',NULL,NULL,NULL,0,157,NULL,NULL,NULL,NULL,1,NULL,NULL,NULL,NULL,NULL),
 (167,'PacifiCare HMO',NULL,'5.00','8009999585','LT35652',0,158,NULL,NULL,NULL,NULL,1,NULL,NULL,NULL,NULL,NULL),
 (168,'Medi-Cal - Alameda Cty ACCESS','75048490',NULL,NULL,NULL,0,159,NULL,NULL,NULL,NULL,1,NULL,NULL,NULL,NULL,NULL),
 (169,'Medi-Cal - Alameda Cty ACCESS','75119626',NULL,NULL,NULL,0,160,NULL,NULL,NULL,NULL,1,NULL,NULL,NULL,NULL,NULL),
 (170,'Contra Costa Access',NULL,NULL,NULL,'A240373',0,161,NULL,NULL,NULL,NULL,1,NULL,NULL,NULL,NULL,NULL),
 (171,'PacifiCare HMO',NULL,'10.00',NULL,'05006133',12,162,NULL,NULL,NULL,NULL,1,NULL,NULL,NULL,NULL,NULL),
 (172,'PacifiCare HMO',NULL,'10.00','8009999585','050061397',4,163,NULL,NULL,NULL,NULL,1,NULL,NULL,NULL,NULL,NULL),
 (173,'USBH','R50522745',NULL,'8772637410',NULL,0,164,NULL,NULL,NULL,NULL,1,NULL,NULL,NULL,NULL,NULL),
 (174,'PacifiCare HMO','050061553','0.00','8009999585',NULL,0,165,NULL,NULL,NULL,NULL,1,NULL,NULL,NULL,NULL,NULL),
 (175,'Medi-Cal - Alameda Cty ACCESS','10781301',NULL,NULL,NULL,0,166,NULL,NULL,NULL,NULL,1,NULL,NULL,NULL,NULL,NULL),
 (176,'PacifiCare HMO',NULL,'5.00','8009999585','0435100528',2,167,NULL,NULL,NULL,NULL,1,NULL,NULL,NULL,NULL,NULL),
 (177,'Medi-Cal - Alameda Cty ACCESS','75119583',NULL,NULL,NULL,0,168,NULL,NULL,NULL,NULL,1,NULL,NULL,NULL,NULL,NULL),
 (178,'Medi-Cal - Alameda Cty ACCESS','75101848',NULL,NULL,NULL,0,169,NULL,NULL,NULL,NULL,1,NULL,NULL,NULL,NULL,NULL),
 (179,'Medi-Cal - Alameda Cty ACCESS','75119644',NULL,NULL,NULL,0,170,NULL,NULL,NULL,NULL,1,NULL,NULL,NULL,NULL,NULL),
 (180,'PacifiCare HMO',NULL,'5.00','8009999585','043641324',12,171,NULL,NULL,NULL,NULL,1,NULL,NULL,NULL,NULL,NULL),
 (181,'Medi-Cal - Alameda Cty ACCESS','52592301',NULL,NULL,NULL,0,172,NULL,NULL,NULL,NULL,1,NULL,NULL,NULL,NULL,NULL),
 (182,'PacifiCare HMO',NULL,'20.00','8009999585','050042417',0,173,NULL,NULL,NULL,NULL,1,NULL,NULL,NULL,NULL,NULL),
 (183,'Medi-Cal - Alameda Cty ACCESS','75094928',NULL,NULL,NULL,0,174,NULL,NULL,NULL,NULL,1,NULL,NULL,NULL,NULL,NULL),
 (184,'Medi-Cal - Alameda Cty ACCESS','75101587',NULL,NULL,NULL,0,175,NULL,NULL,NULL,NULL,1,NULL,NULL,NULL,NULL,NULL),
 (185,'UBH','972227532','27.00','8005459075','WD8BBZ-01',0,176,NULL,NULL,NULL,NULL,1,NULL,NULL,NULL,NULL,NULL),
 (186,'MHN','R02129879','30.00','8007306191','intake # 2829186',20,177,NULL,NULL,NULL,NULL,1,NULL,NULL,NULL,NULL,NULL),
 (187,'Medi-Cal - Alameda Cty ACCESS','75119562',NULL,NULL,NULL,0,178,NULL,NULL,NULL,NULL,1,NULL,NULL,NULL,NULL,NULL),
 (188,'Medi-Cal - Alameda Cty ACCESS','75111201',NULL,NULL,NULL,0,179,NULL,NULL,NULL,NULL,1,NULL,NULL,NULL,NULL,NULL),
 (189,'Medi-Cal - Alameda Cty ACCESS','5246401',NULL,NULL,NULL,0,180,NULL,NULL,NULL,NULL,1,NULL,NULL,NULL,NULL,NULL),
 (190,'PacifiCare HMO',NULL,'10.00','8009999585','050030583',12,181,NULL,NULL,NULL,NULL,1,NULL,NULL,NULL,NULL,NULL),
 (191,'Medi-Cal - Alameda Cty ACCESS','75119685',NULL,NULL,NULL,0,182,NULL,NULL,NULL,NULL,1,NULL,NULL,NULL,NULL,NULL),
 (192,'Medi-Cal - Alameda Cty ACCESS',NULL,NULL,NULL,NULL,0,183,NULL,NULL,NULL,NULL,1,NULL,NULL,NULL,NULL,NULL),
 (193,'Medi-Cal - Alameda Cty ACCESS','75117676',NULL,NULL,NULL,0,184,NULL,NULL,NULL,NULL,1,NULL,NULL,NULL,NULL,NULL),
 (194,'Medi-Cal - Alameda Cty ACCESS','75037328',NULL,NULL,NULL,0,185,NULL,NULL,NULL,NULL,1,NULL,NULL,NULL,NULL,NULL),
 (195,'Medi-Cal - Alameda Cty ACCESS','75090428',NULL,NULL,NULL,0,186,NULL,NULL,NULL,NULL,1,NULL,NULL,NULL,NULL,NULL),
 (196,'Medi-Cal - Alameda Cty ACCESS','75101724',NULL,NULL,NULL,0,187,NULL,NULL,NULL,NULL,1,NULL,NULL,NULL,NULL,NULL),
 (197,'Medi-Cal - Alameda Cty ACCESS','75080754',NULL,NULL,NULL,0,188,NULL,NULL,NULL,NULL,1,NULL,NULL,NULL,NULL,NULL),
 (198,'Medi-Cal - Alameda Cty ACCESS','75027073',NULL,NULL,NULL,0,189,NULL,NULL,NULL,NULL,1,NULL,NULL,NULL,NULL,NULL),
 (199,'Medi-Cal - Alameda Cty ACCESS','75118656',NULL,NULL,NULL,0,190,NULL,NULL,NULL,NULL,1,NULL,NULL,NULL,NULL,NULL),
 (200,'PacifiCare HMO',NULL,'15.00','8009999585','043666485',12,191,NULL,NULL,NULL,NULL,1,NULL,NULL,NULL,NULL,NULL),
 (201,'Medi-Cal - Alameda Cty ACCESS','75105872',NULL,NULL,NULL,0,192,NULL,NULL,NULL,NULL,1,NULL,NULL,NULL,NULL,NULL),
 (202,'PacifiCare HMO',NULL,'0.00','8009999585','050071934',3,193,NULL,NULL,NULL,NULL,1,NULL,NULL,NULL,NULL,NULL),
 (203,'MHN','2850642',NULL,NULL,'01743006',0,194,NULL,NULL,NULL,NULL,1,NULL,NULL,NULL,NULL,NULL),
 (205,'Medi-Cal - Alameda Cty ACCESS','75091475',NULL,NULL,NULL,0,195,NULL,NULL,NULL,NULL,1,NULL,NULL,NULL,NULL,NULL),
 (206,'Medi-Cal - Alameda Cty ACCESS','75010846',NULL,NULL,NULL,0,196,NULL,NULL,NULL,NULL,1,NULL,NULL,NULL,NULL,NULL),
 (207,'Medi-Cal - Alameda Cty ACCESS','75105367',NULL,NULL,NULL,0,197,NULL,NULL,NULL,NULL,1,NULL,NULL,NULL,NULL,NULL),
 (208,'Medi-Cal - Alameda Cty ACCESS','75119224',NULL,NULL,NULL,0,198,NULL,NULL,NULL,NULL,1,NULL,NULL,NULL,NULL,NULL),
 (209,'Medi-Cal - Alameda Cty ACCESS','75113347',NULL,NULL,NULL,0,199,NULL,NULL,NULL,NULL,1,NULL,NULL,NULL,NULL,NULL),
 (210,'Medi-Cal - Alameda Cty ACCESS',NULL,NULL,NULL,NULL,0,200,NULL,NULL,NULL,NULL,1,NULL,NULL,NULL,NULL,NULL),
 (211,'Medi-Cal - Alameda Cty ACCESS','75068982',NULL,NULL,NULL,0,201,NULL,NULL,NULL,NULL,1,NULL,NULL,NULL,NULL,NULL),
 (212,'Medi-Cal - Alameda Cty ACCESS','75069759',NULL,NULL,NULL,0,202,NULL,NULL,NULL,NULL,1,NULL,NULL,NULL,NULL,NULL),
 (213,'PacifiCare HMO',NULL,'15.00','8009999585','043030196',4,203,NULL,NULL,NULL,NULL,1,NULL,NULL,NULL,NULL,NULL),
 (214,'PacifiCare HMO',NULL,'0.00',NULL,'sv35970',5,204,NULL,NULL,NULL,NULL,1,NULL,NULL,NULL,NULL,NULL),
 (215,'PacifiCare HMO',NULL,'35.00',NULL,'050101827',4,205,NULL,NULL,NULL,NULL,1,NULL,NULL,NULL,NULL,NULL),
 (216,'Medi-Cal - Alameda Cty ACCESS','75075908',NULL,NULL,NULL,0,206,NULL,NULL,NULL,NULL,1,NULL,NULL,NULL,NULL,NULL),
 (217,'Medi-Cal - Alameda Cty ACCESS','75119761',NULL,NULL,NULL,0,207,NULL,NULL,NULL,NULL,1,NULL,NULL,NULL,NULL,NULL),
 (218,'Medi-Cal - Alameda Cty ACCESS','75103381',NULL,NULL,NULL,0,208,NULL,NULL,NULL,NULL,1,NULL,NULL,NULL,NULL,NULL),
 (219,'Medi-Cal - Alameda Cty ACCESS','75116073',NULL,NULL,NULL,0,209,NULL,NULL,NULL,NULL,1,NULL,NULL,NULL,NULL,NULL),
 (220,'Medi-Cal - Alameda Cty ACCESS','75116736',NULL,NULL,NULL,0,210,NULL,NULL,NULL,NULL,1,NULL,NULL,NULL,NULL,NULL),
 (221,'Medi-Cal - Alameda Cty ACCESS','75096413',NULL,NULL,NULL,0,211,NULL,NULL,NULL,NULL,1,NULL,NULL,NULL,NULL,NULL),
 (222,'Medi-Cal - Alameda Cty ACCESS','75119866',NULL,NULL,NULL,0,212,NULL,NULL,NULL,NULL,1,NULL,NULL,NULL,NULL,NULL),
 (223,'Medi-Cal - Alameda Cty ACCESS',NULL,NULL,NULL,NULL,0,213,NULL,NULL,NULL,NULL,1,NULL,NULL,NULL,NULL,NULL),
 (224,'Medi-Cal - Alameda Cty ACCESS','75119843',NULL,NULL,NULL,0,214,NULL,NULL,NULL,NULL,1,NULL,NULL,NULL,NULL,NULL),
 (225,'Medi-Cal - Alameda Cty ACCESS',NULL,NULL,NULL,NULL,0,215,NULL,NULL,NULL,NULL,1,NULL,NULL,NULL,NULL,NULL),
 (226,'Medi-Cal - Alameda Cty ACCESS','75099679',NULL,NULL,NULL,0,216,NULL,NULL,NULL,NULL,1,NULL,NULL,NULL,NULL,NULL),
 (913,'PacifiCare HMO',NULL,'5.00',NULL,'050840842',12,217,NULL,NULL,NULL,NULL,1,NULL,NULL,NULL,NULL,NULL),
 (228,'Medi-Cal - Alameda Cty ACCESS','75119832',NULL,NULL,NULL,0,218,NULL,NULL,NULL,NULL,1,NULL,NULL,NULL,NULL,NULL),
 (229,'Medi-Cal - Alameda Cty ACCESS','75119758',NULL,NULL,NULL,0,219,NULL,NULL,NULL,NULL,1,NULL,NULL,NULL,NULL,NULL),
 (230,'Medi-Cal - Alameda Cty ACCESS','75094794',NULL,NULL,NULL,0,220,NULL,NULL,NULL,NULL,1,NULL,NULL,NULL,NULL,NULL),
 (232,'Medi-Cal - Alameda Cty ACCESS','75118424',NULL,NULL,NULL,0,221,NULL,NULL,NULL,NULL,1,NULL,NULL,NULL,NULL,NULL),
 (233,'Medi-Cal - Alameda Cty ACCESS','75119819',NULL,NULL,NULL,0,222,NULL,NULL,NULL,NULL,1,NULL,NULL,NULL,NULL,NULL),
 (235,'Medi-Cal - Alameda Cty ACCESS','75063920',NULL,NULL,NULL,0,223,NULL,NULL,NULL,NULL,1,NULL,NULL,NULL,NULL,NULL),
 (236,'PacifiCare HMO',NULL,'10.00','8009999585','043280472',12,224,NULL,NULL,NULL,NULL,1,NULL,NULL,NULL,NULL,NULL),
 (237,'PacifiCare HMO',NULL,'20.00','8009999585','043290273',12,225,NULL,NULL,NULL,NULL,1,NULL,NULL,NULL,NULL,NULL),
 (238,'PacifiCare HMO',NULL,'15.00','8009999585','050122206',4,226,NULL,NULL,NULL,NULL,1,NULL,NULL,NULL,NULL,NULL),
 (239,'MHN','R03071154','30.00','8884260030',NULL,0,227,NULL,NULL,NULL,NULL,1,NULL,NULL,NULL,NULL,NULL),
 (240,'PacifiCare HMO',NULL,'5.00','8009999585','050130614',12,228,NULL,NULL,NULL,NULL,1,NULL,NULL,NULL,NULL,NULL),
 (241,'PacifiCare HMO',NULL,NULL,NULL,NULL,0,229,NULL,NULL,NULL,NULL,1,NULL,NULL,NULL,NULL,NULL),
 (242,'CHIPA - MHN','Ro4455289','40.00','8007793825','165137-01-03',0,230,NULL,NULL,NULL,NULL,1,NULL,NULL,NULL,NULL,NULL),
 (243,'Medi-Cal - Alameda Cty ACCESS','75113718',NULL,NULL,NULL,0,231,NULL,NULL,NULL,NULL,1,NULL,NULL,NULL,NULL,NULL),
 (244,'Medi-Cal - Alameda Cty ACCESS','75096375',NULL,NULL,NULL,0,232,NULL,NULL,NULL,NULL,1,NULL,NULL,NULL,NULL,NULL),
 (245,'Medi-Cal - Alameda Cty ACCESS','75027156',NULL,NULL,NULL,0,233,NULL,NULL,NULL,NULL,1,NULL,NULL,NULL,NULL,NULL),
 (246,'Medi-Cal - Alameda Cty ACCESS','72363501',NULL,NULL,NULL,0,234,NULL,NULL,NULL,NULL,1,NULL,NULL,NULL,NULL,NULL),
 (247,'PacifiCare HMO',NULL,'30.00','8009999585','050130452',4,235,NULL,NULL,NULL,NULL,1,NULL,NULL,NULL,NULL,NULL),
 (248,'Medi-Cal - Alameda Cty ACCESS','75119865',NULL,NULL,NULL,0,236,NULL,NULL,NULL,NULL,1,NULL,NULL,NULL,NULL,NULL),
 (249,'Medi-Cal - Alameda Cty ACCESS','75120023',NULL,NULL,NULL,0,237,NULL,NULL,NULL,NULL,1,NULL,NULL,NULL,NULL,NULL),
 (250,'Medi-Cal - Alameda Cty ACCESS','75086291',NULL,NULL,NULL,0,238,NULL,NULL,NULL,NULL,1,NULL,NULL,NULL,NULL,NULL),
 (251,'Medi-Cal - Alameda Cty ACCESS','57852601',NULL,NULL,NULL,0,239,NULL,NULL,NULL,NULL,1,NULL,NULL,NULL,NULL,NULL),
 (252,'Medi-Cal - Alameda Cty ACCESS','75044358',NULL,NULL,NULL,0,240,NULL,NULL,NULL,NULL,1,NULL,NULL,NULL,NULL,NULL),
 (253,'Medi-Cal - Alameda Cty ACCESS','75056327',NULL,NULL,NULL,0,241,NULL,NULL,NULL,NULL,1,NULL,NULL,NULL,NULL,NULL),
 (254,'Medi-Cal - Alameda Cty ACCESS','75067805',NULL,NULL,NULL,0,242,NULL,NULL,NULL,NULL,1,NULL,NULL,NULL,NULL,NULL),
 (255,'Medi-Cal - Alameda Cty ACCESS','75067307',NULL,NULL,NULL,0,243,NULL,NULL,NULL,NULL,1,NULL,NULL,NULL,NULL,NULL),
 (256,'Medi-Cal - Alameda Cty ACCESS','75095169',NULL,NULL,NULL,0,244,NULL,NULL,NULL,NULL,1,NULL,NULL,NULL,NULL,NULL),
 (257,'Medi-Cal - Alameda Cty ACCESS','75092926',NULL,NULL,NULL,0,245,NULL,NULL,NULL,NULL,1,NULL,NULL,NULL,NULL,NULL),
 (258,'Medi-Cal - Alameda Cty ACCESS','22185301',NULL,NULL,NULL,0,246,NULL,NULL,NULL,NULL,1,NULL,NULL,NULL,NULL,NULL),
 (259,'Medi-Cal - Alameda Cty ACCESS','16819501',NULL,NULL,NULL,0,247,NULL,NULL,NULL,NULL,1,NULL,NULL,NULL,NULL,NULL),
 (260,'Medi-Cal - Alameda Cty ACCESS','75086618',NULL,NULL,NULL,0,248,NULL,NULL,NULL,NULL,1,NULL,NULL,NULL,NULL,NULL),
 (261,'Medi-Cal - Alameda Cty ACCESS','75096457',NULL,NULL,NULL,0,249,NULL,NULL,NULL,NULL,1,NULL,NULL,NULL,NULL,NULL),
 (262,'Medi-Cal - Alameda Cty ACCESS','75099269',NULL,NULL,NULL,0,250,NULL,NULL,NULL,NULL,1,NULL,NULL,NULL,NULL,NULL),
 (263,'Medi-Cal - Alameda Cty ACCESS','75082351',NULL,NULL,NULL,0,251,NULL,NULL,NULL,NULL,1,NULL,NULL,NULL,NULL,NULL),
 (264,'Medi-Cal - Alameda Cty ACCESS','75057527',NULL,NULL,NULL,0,252,NULL,NULL,NULL,NULL,1,NULL,NULL,NULL,NULL,NULL),
 (265,'Medi-Cal - Alameda Cty ACCESS','75098400',NULL,NULL,NULL,0,253,NULL,NULL,NULL,NULL,1,NULL,NULL,NULL,NULL,NULL),
 (266,'Medi-Cal - Alameda Cty ACCESS','75120039',NULL,NULL,NULL,0,254,NULL,NULL,NULL,NULL,1,NULL,NULL,NULL,NULL,NULL),
 (267,'Medi-Cal - Alameda Cty ACCESS','75108263',NULL,NULL,NULL,0,255,NULL,NULL,NULL,NULL,1,NULL,NULL,NULL,NULL,NULL),
 (268,'Medi-Cal - Alameda Cty ACCESS','75108266',NULL,NULL,NULL,0,256,NULL,NULL,NULL,NULL,1,NULL,NULL,NULL,NULL,NULL),
 (269,'Medi-Cal - Alameda Cty ACCESS',NULL,NULL,NULL,'050200734',12,257,NULL,NULL,NULL,NULL,1,NULL,NULL,NULL,NULL,NULL),
 (270,'PacifiCare HMO',NULL,'0.00',NULL,'050191710',3,258,NULL,NULL,NULL,NULL,1,NULL,NULL,NULL,NULL,NULL),
 (271,'PacifiCare HMO',NULL,NULL,NULL,'050200883',12,259,NULL,NULL,NULL,NULL,1,NULL,NULL,NULL,NULL,NULL),
 (272,'PacifiCare HMO',NULL,'0.00',NULL,'050191150',3,260,NULL,NULL,NULL,NULL,1,NULL,NULL,NULL,NULL,NULL),
 (273,'MHN','R04154607',NULL,NULL,NULL,0,261,NULL,NULL,NULL,NULL,1,NULL,NULL,NULL,NULL,NULL),
 (274,'Medi-Cal - Alameda Cty ACCESS','75087083',NULL,NULL,NULL,0,262,NULL,NULL,NULL,NULL,1,NULL,NULL,NULL,NULL,NULL),
 (275,'Medi-Cal - Alameda Cty ACCESS','75043264',NULL,NULL,NULL,0,263,NULL,NULL,NULL,NULL,1,NULL,NULL,NULL,NULL,NULL),
 (276,'Medi-Cal - Alameda Cty ACCESS','75080018',NULL,NULL,NULL,0,264,NULL,NULL,NULL,NULL,1,NULL,NULL,NULL,NULL,NULL),
 (277,'Medi-Cal - Alameda Cty ACCESS','75120060',NULL,NULL,NULL,0,265,NULL,NULL,NULL,NULL,1,NULL,NULL,NULL,NULL,NULL),
 (278,'Medi-Cal - Alameda Cty ACCESS','75061961',NULL,NULL,NULL,0,266,NULL,NULL,NULL,NULL,1,NULL,NULL,NULL,NULL,NULL),
 (279,'Medi-Cal - Alameda Cty ACCESS','75112912',NULL,NULL,NULL,0,267,NULL,NULL,NULL,NULL,1,NULL,NULL,NULL,NULL,NULL),
 (280,'Medi-Cal - Alameda Cty ACCESS','75075311',NULL,NULL,NULL,0,268,NULL,NULL,NULL,NULL,1,NULL,NULL,NULL,NULL,NULL),
 (281,'PacifiCare HMO',NULL,'4.00',NULL,'050201774',12,269,NULL,NULL,NULL,NULL,1,NULL,NULL,NULL,NULL,NULL),
 (282,'MHN','R04548420','25.00','8887792231',NULL,20,270,NULL,NULL,NULL,NULL,1,NULL,NULL,NULL,NULL,NULL),
 (284,'MHN','R00956526','10.00','8889355966',NULL,0,271,NULL,NULL,NULL,NULL,1,NULL,NULL,NULL,NULL,NULL),
 (285,'Contra Costa Access',NULL,NULL,NULL,'A240599',0,272,NULL,NULL,NULL,NULL,1,NULL,NULL,NULL,NULL,NULL),
 (286,'PacifiCare HMO',NULL,NULL,NULL,'EB35736',0,273,NULL,NULL,NULL,NULL,1,NULL,NULL,NULL,NULL,NULL),
 (287,'Medi-Cal - Alameda Cty ACCESS','75071799',NULL,NULL,NULL,0,274,NULL,NULL,NULL,NULL,1,NULL,NULL,NULL,NULL,NULL),
 (288,'Medi-Cal - Alameda Cty ACCESS','75000374',NULL,NULL,NULL,0,275,NULL,NULL,NULL,NULL,1,NULL,NULL,NULL,NULL,NULL),
 (289,'Medi-Cal - Alameda Cty ACCESS','39852901',NULL,NULL,NULL,0,276,NULL,NULL,NULL,NULL,1,NULL,NULL,NULL,NULL,NULL),
 (290,'Medi-Cal - Alameda Cty ACCESS','75120026',NULL,NULL,NULL,0,277,NULL,NULL,NULL,NULL,1,NULL,NULL,NULL,NULL,NULL),
 (291,'Medi-Cal - Alameda Cty ACCESS','75012836',NULL,NULL,NULL,0,278,NULL,NULL,NULL,NULL,1,NULL,NULL,NULL,NULL,NULL),
 (292,'Medi-Cal - Alameda Cty ACCESS',NULL,'10.00',NULL,'043230406',1,279,NULL,NULL,NULL,NULL,1,NULL,NULL,NULL,NULL,NULL),
 (293,'Medi-Cal - Alameda Cty ACCESS','75082002',NULL,NULL,NULL,0,280,NULL,NULL,NULL,NULL,1,NULL,NULL,NULL,NULL,NULL),
 (294,'Contra Costa Access',NULL,NULL,NULL,'A241562',0,281,NULL,NULL,NULL,NULL,1,NULL,NULL,NULL,NULL,NULL),
 (295,'Medi-Cal - Alameda Cty ACCESS','75096580',NULL,NULL,NULL,0,282,NULL,NULL,NULL,NULL,1,NULL,NULL,NULL,NULL,NULL),
 (296,'PacifiCare HMO',NULL,'0.00',NULL,'050211361',4,283,NULL,NULL,NULL,NULL,1,NULL,NULL,NULL,NULL,NULL),
 (297,'MHN','448481849','0.00','8004509355','kit # 1756912',30,284,NULL,NULL,NULL,NULL,1,NULL,NULL,NULL,NULL,NULL),
 (298,'Medi-Cal - Alameda Cty ACCESS','75105567',NULL,NULL,NULL,0,285,NULL,NULL,NULL,NULL,1,NULL,NULL,NULL,NULL,NULL),
 (299,'PacifiCare HMO',NULL,'0.00','8009999585','AT35747',3,286,NULL,NULL,NULL,NULL,1,NULL,NULL,NULL,NULL,NULL),
 (300,'Medi-Cal - Alameda Cty ACCESS','75120110',NULL,NULL,NULL,0,287,NULL,NULL,NULL,NULL,1,NULL,NULL,NULL,NULL,NULL),
 (301,'PacifiCare HMO',NULL,'30.00',NULL,'050191128',4,288,NULL,NULL,NULL,NULL,1,NULL,NULL,NULL,NULL,NULL),
 (302,'Medi-Cal - Alameda Cty ACCESS','75086689',NULL,NULL,NULL,0,289,NULL,NULL,NULL,NULL,1,NULL,NULL,NULL,NULL,NULL),
 (303,'MHN','R00918658',NULL,'8007306191',NULL,20,290,NULL,NULL,NULL,NULL,1,NULL,NULL,NULL,NULL,NULL),
 (304,'Medi-Cal - Alameda Cty ACCESS','75120028',NULL,NULL,NULL,0,291,NULL,NULL,NULL,NULL,1,NULL,NULL,NULL,NULL,NULL),
 (305,'Medi-Cal - Alameda Cty ACCESS','75120077',NULL,NULL,NULL,0,292,NULL,NULL,NULL,NULL,1,NULL,NULL,NULL,NULL,NULL),
 (306,'PacifiCare HMO','050250532','0.00',NULL,'050250532',0,293,NULL,NULL,NULL,NULL,1,NULL,NULL,NULL,NULL,NULL),
 (307,'PacifiCare HMO','050250757',NULL,NULL,'050250757',4,294,NULL,NULL,NULL,NULL,1,NULL,NULL,NULL,NULL,NULL),
 (308,'Medi-Cal - Alameda Cty ACCESS','75089176',NULL,NULL,NULL,0,295,NULL,NULL,NULL,NULL,1,NULL,NULL,NULL,NULL,NULL),
 (309,'Medi-Cal - Alameda Cty ACCESS','75053108',NULL,NULL,NULL,0,296,NULL,NULL,NULL,NULL,1,NULL,NULL,NULL,NULL,NULL),
 (310,'Medi-Cal - Alameda Cty ACCESS','75062582',NULL,NULL,NULL,0,297,NULL,NULL,NULL,NULL,1,NULL,NULL,NULL,NULL,NULL),
 (311,'Medi-Cal - Alameda Cty ACCESS','75072331',NULL,NULL,NULL,0,298,NULL,NULL,NULL,NULL,1,NULL,NULL,NULL,NULL,NULL),
 (312,'Medi-Cal - Alameda Cty ACCESS','75015636',NULL,NULL,NULL,0,299,NULL,NULL,NULL,NULL,1,NULL,NULL,NULL,NULL,NULL),
 (313,'Medi-Cal - Alameda Cty ACCESS','75120171',NULL,NULL,NULL,0,300,NULL,NULL,NULL,NULL,1,NULL,NULL,NULL,NULL,NULL),
 (314,'Medi-Cal - Alameda Cty ACCESS','75039489',NULL,NULL,NULL,0,301,NULL,NULL,NULL,NULL,1,NULL,NULL,NULL,NULL,NULL),
 (315,'Medi-Cal - Alameda Cty ACCESS',NULL,NULL,NULL,NULL,0,302,NULL,NULL,NULL,NULL,1,NULL,NULL,NULL,NULL,NULL),
 (316,'Medi-Cal - Alameda Cty ACCESS','75120170',NULL,NULL,NULL,0,303,NULL,NULL,NULL,NULL,1,NULL,NULL,NULL,NULL,NULL),
 (317,'PacifiCare HMO','050251379',NULL,NULL,'050251379',12,304,NULL,NULL,NULL,NULL,1,NULL,NULL,NULL,NULL,NULL),
 (318,'Medi-Cal - Alameda Cty ACCESS','75120207',NULL,NULL,NULL,0,305,NULL,NULL,NULL,NULL,1,NULL,NULL,NULL,NULL,NULL),
 (319,'Medi-Cal - Alameda Cty ACCESS','75120113',NULL,NULL,NULL,0,306,NULL,NULL,NULL,NULL,1,NULL,NULL,NULL,NULL,NULL),
 (320,'Medi-Cal - Alameda Cty ACCESS','75103444',NULL,NULL,NULL,0,307,NULL,NULL,NULL,NULL,1,NULL,NULL,NULL,NULL,NULL),
 (321,'Medi-Cal - Alameda Cty ACCESS','75113503',NULL,NULL,NULL,0,308,NULL,NULL,NULL,NULL,1,NULL,NULL,NULL,NULL,NULL),
 (322,'PacifiCare HMO',NULL,NULL,NULL,'050261260',4,309,NULL,NULL,NULL,NULL,1,NULL,NULL,NULL,NULL,NULL),
 (323,'Medi-Cal - Alameda Cty ACCESS','75120185',NULL,NULL,NULL,0,310,NULL,NULL,NULL,NULL,1,NULL,NULL,NULL,NULL,NULL),
 (324,'Medi-Cal - Alameda Cty ACCESS','25604001',NULL,NULL,NULL,0,311,NULL,NULL,NULL,NULL,1,NULL,NULL,NULL,NULL,NULL),
 (325,'Medi-Cal - Alameda Cty ACCESS','75117630',NULL,NULL,NULL,0,312,NULL,NULL,NULL,NULL,1,NULL,NULL,NULL,NULL,NULL),
 (326,'PacifiCare HMO',NULL,'15.00',NULL,'043550577',12,313,NULL,NULL,NULL,NULL,1,NULL,NULL,NULL,NULL,NULL),
 (327,'Contra Costa Access',NULL,NULL,NULL,'A240566',0,314,NULL,NULL,NULL,NULL,1,NULL,NULL,NULL,NULL,NULL),
 (329,'Medi-Cal - Alameda Cty ACCESS','75120213',NULL,NULL,NULL,0,315,NULL,NULL,NULL,NULL,1,NULL,NULL,NULL,NULL,NULL),
 (330,'PacifiCare HMO',NULL,'10.00',NULL,'050270916',4,316,NULL,NULL,NULL,NULL,1,NULL,NULL,NULL,NULL,NULL),
 (331,'PacifiCare HMO',NULL,'25.00',NULL,'050271071',4,317,NULL,NULL,NULL,NULL,1,NULL,NULL,NULL,NULL,NULL),
 (332,'Medi-Cal - Alameda Cty ACCESS','75118966',NULL,NULL,NULL,0,318,NULL,NULL,NULL,NULL,1,NULL,NULL,NULL,NULL,NULL),
 (333,'Medi-Cal - Alameda Cty ACCESS','75055835',NULL,NULL,NULL,0,319,NULL,NULL,NULL,NULL,1,NULL,NULL,NULL,NULL,NULL),
 (334,'Medi-Cal - Alameda Cty ACCESS',NULL,NULL,NULL,NULL,0,320,NULL,NULL,NULL,NULL,1,NULL,NULL,NULL,NULL,NULL),
 (335,'Medi-Cal - Alameda Cty ACCESS','75101894',NULL,NULL,NULL,0,321,NULL,NULL,NULL,NULL,1,NULL,NULL,NULL,NULL,NULL),
 (336,'Medi-Cal - Alameda Cty ACCESS','75057552',NULL,NULL,NULL,0,322,NULL,NULL,NULL,NULL,1,NULL,NULL,NULL,NULL,NULL),
 (337,'PacifiCare HMO',NULL,'10.00',NULL,'050251396',4,323,NULL,NULL,NULL,NULL,1,NULL,NULL,NULL,NULL,NULL),
 (338,'PacifiCare HMO',NULL,'5.00',NULL,'040541027',12,324,NULL,NULL,NULL,NULL,1,NULL,NULL,NULL,NULL,NULL),
 (339,'Medi-Cal - Alameda Cty ACCESS','75101691',NULL,NULL,NULL,0,325,NULL,NULL,NULL,NULL,1,NULL,NULL,NULL,NULL,NULL),
 (340,'Medi-Cal - Alameda Cty ACCESS','75101898',NULL,NULL,NULL,0,326,NULL,NULL,NULL,NULL,1,NULL,NULL,NULL,NULL,NULL),
 (341,'Medi-Cal - Alameda Cty ACCESS','75097540',NULL,NULL,NULL,0,327,NULL,NULL,NULL,NULL,1,NULL,NULL,NULL,NULL,NULL),
 (344,'Medi-Cal - Alameda Cty ACCESS',NULL,NULL,NULL,NULL,0,328,NULL,NULL,NULL,NULL,1,NULL,NULL,NULL,NULL,NULL),
 (345,'Medi-Cal - Alameda Cty ACCESS',NULL,NULL,NULL,NULL,0,329,NULL,NULL,NULL,NULL,1,NULL,NULL,NULL,NULL,NULL),
 (346,'PacifiCare HMO',NULL,'15.00',NULL,'050280427',16,330,NULL,NULL,NULL,NULL,1,NULL,NULL,NULL,NULL,NULL),
 (347,'PacifiCare HMO',NULL,'10.00',NULL,'050281203',12,331,NULL,NULL,NULL,NULL,1,NULL,NULL,NULL,NULL,NULL),
 (348,'Medi-Cal - Alameda Cty ACCESS','75050490',NULL,NULL,NULL,0,332,NULL,NULL,NULL,NULL,1,NULL,NULL,NULL,NULL,NULL),
 (349,'Medi-Cal - Alameda Cty ACCESS','75104414',NULL,NULL,NULL,0,333,NULL,NULL,NULL,NULL,1,NULL,NULL,NULL,NULL,NULL),
 (350,'Medi-Cal - Alameda Cty ACCESS','75120302',NULL,NULL,NULL,0,334,NULL,NULL,NULL,NULL,1,NULL,NULL,NULL,NULL,NULL),
 (351,'Medi-Cal - Alameda Cty ACCESS','75018757',NULL,NULL,NULL,0,335,NULL,NULL,NULL,NULL,1,NULL,NULL,NULL,NULL,NULL),
 (352,'Medi-Cal - Alameda Cty ACCESS','71605001',NULL,NULL,NULL,0,336,NULL,NULL,NULL,NULL,1,NULL,NULL,NULL,NULL,NULL),
 (353,'Medi-Cal - Alameda Cty ACCESS','75087723',NULL,NULL,NULL,0,337,NULL,NULL,NULL,NULL,1,NULL,NULL,NULL,NULL,NULL),
 (354,'Medi-Cal - Alameda Cty ACCESS','75112425',NULL,NULL,NULL,0,338,NULL,NULL,NULL,NULL,1,NULL,NULL,NULL,NULL,NULL),
 (355,'Medi-Cal - Alameda Cty ACCESS','75090733',NULL,NULL,NULL,0,339,NULL,NULL,NULL,NULL,1,NULL,NULL,NULL,NULL,NULL),
 (356,'Medi-Cal - Alameda Cty ACCESS','75034257',NULL,NULL,NULL,0,340,NULL,NULL,NULL,NULL,1,NULL,NULL,NULL,NULL,NULL),
 (357,'Medi-Cal - Alameda Cty ACCESS','75085905',NULL,NULL,NULL,0,341,NULL,NULL,NULL,NULL,1,NULL,NULL,NULL,NULL,NULL),
 (358,'Medi-Cal - Alameda Cty ACCESS','75106262',NULL,NULL,NULL,0,342,NULL,NULL,NULL,NULL,1,NULL,NULL,NULL,NULL,NULL),
 (359,'Medi-Cal - Alameda Cty ACCESS','75026532',NULL,NULL,NULL,0,343,NULL,NULL,NULL,NULL,1,NULL,NULL,NULL,NULL,NULL),
 (360,'Medi-Cal - Alameda Cty ACCESS','75053966',NULL,NULL,NULL,0,344,NULL,NULL,NULL,NULL,1,NULL,NULL,NULL,NULL,NULL),
 (361,'Medi-Cal - Alameda Cty ACCESS','75036032',NULL,NULL,NULL,0,345,NULL,NULL,NULL,NULL,1,NULL,NULL,NULL,NULL,NULL),
 (363,'Private Pay',NULL,'200.00',NULL,NULL,0,346,NULL,NULL,NULL,NULL,1,NULL,NULL,NULL,NULL,NULL),
 (364,'Medi-Cal - Alameda Cty ACCESS','75094865',NULL,NULL,NULL,0,347,NULL,NULL,NULL,NULL,1,NULL,NULL,NULL,NULL,NULL),
 (365,'Medi-Cal - Alameda Cty ACCESS','75091955',NULL,NULL,NULL,0,348,NULL,NULL,NULL,NULL,1,NULL,NULL,NULL,NULL,NULL),
 (366,'Medi-Cal - Alameda Cty ACCESS','75120327',NULL,NULL,NULL,0,349,NULL,NULL,NULL,NULL,1,NULL,NULL,NULL,NULL,NULL),
 (367,'PacifiCare HMO',NULL,'30.00',NULL,'050311361',12,350,NULL,NULL,NULL,NULL,1,NULL,NULL,NULL,NULL,NULL),
 (368,'PacifiCare HMO',NULL,'20.00',NULL,'050311362',12,351,NULL,NULL,NULL,NULL,1,NULL,NULL,NULL,NULL,NULL),
 (369,'Contra Costa Access',NULL,NULL,NULL,'A242835',0,352,NULL,NULL,NULL,NULL,1,NULL,NULL,NULL,NULL,NULL),
 (370,'Contra Costa Access',NULL,NULL,NULL,'A236138',0,353,NULL,NULL,NULL,NULL,1,NULL,NULL,NULL,NULL,NULL),
 (371,'Contra Costa Access',NULL,NULL,NULL,'A242969',0,354,NULL,NULL,NULL,NULL,1,NULL,NULL,NULL,NULL,NULL),
 (372,'Medi-Cal - Alameda Cty ACCESS','75079442',NULL,NULL,NULL,0,355,NULL,NULL,NULL,NULL,1,NULL,NULL,NULL,NULL,NULL),
 (373,'Medi-Cal - Alameda Cty ACCESS','75119591',NULL,NULL,NULL,0,356,NULL,NULL,NULL,NULL,1,NULL,NULL,NULL,NULL,NULL),
 (374,'Medi-Cal - Alameda Cty ACCESS','75093039',NULL,NULL,NULL,0,357,NULL,NULL,NULL,NULL,1,NULL,NULL,NULL,NULL,NULL),
 (375,'Medi-Cal - Alameda Cty ACCESS','75119049',NULL,NULL,NULL,0,358,NULL,NULL,NULL,NULL,1,NULL,NULL,NULL,NULL,NULL),
 (376,'Contra Costa Access',NULL,NULL,NULL,'A241248',0,359,NULL,NULL,NULL,NULL,1,NULL,NULL,NULL,NULL,NULL),
 (377,'Contra Costa Access',NULL,NULL,NULL,'A242238',0,360,NULL,NULL,NULL,NULL,1,NULL,NULL,NULL,NULL,NULL),
 (378,'Medi-Cal - Alameda Cty ACCESS','75101409',NULL,NULL,NULL,0,361,NULL,NULL,NULL,NULL,1,NULL,NULL,NULL,NULL,NULL),
 (379,'Medi-Cal - Alameda Cty ACCESS','75070773',NULL,NULL,NULL,0,362,NULL,NULL,NULL,NULL,1,NULL,NULL,NULL,NULL,NULL),
 (380,'Medi-Cal - Alameda Cty ACCESS','75081857',NULL,NULL,NULL,0,363,NULL,NULL,NULL,NULL,1,NULL,NULL,NULL,NULL,NULL),
 (381,'Medi-Cal - Alameda Cty ACCESS','75118182',NULL,NULL,NULL,0,364,NULL,NULL,NULL,NULL,1,NULL,NULL,NULL,NULL,NULL),
 (382,'Medi-Cal - Alameda Cty ACCESS','75120416',NULL,NULL,NULL,0,365,NULL,NULL,NULL,NULL,1,NULL,NULL,NULL,NULL,NULL),
 (383,'Medi-Cal - Alameda Cty ACCESS','75120386',NULL,NULL,NULL,0,366,NULL,NULL,NULL,NULL,1,NULL,NULL,NULL,NULL,NULL),
 (384,'Medi-Cal - Alameda Cty ACCESS','75120426',NULL,NULL,NULL,0,367,NULL,NULL,NULL,NULL,1,NULL,NULL,NULL,NULL,NULL),
 (385,'Medi-Cal - Alameda Cty ACCESS','75117692',NULL,NULL,NULL,0,368,NULL,NULL,NULL,NULL,1,NULL,NULL,NULL,NULL,NULL),
 (386,'Medi-Cal - Alameda Cty ACCESS','42798901',NULL,NULL,NULL,0,369,NULL,NULL,NULL,NULL,1,NULL,NULL,NULL,NULL,NULL),
 (387,'PacifiCare HMO','004708115-01','10.00',NULL,'050330666',12,370,NULL,NULL,NULL,NULL,1,NULL,NULL,NULL,NULL,NULL),
 (388,'Medi-Cal - Alameda Cty ACCESS','75120287',NULL,NULL,NULL,0,371,NULL,NULL,NULL,NULL,1,NULL,NULL,NULL,NULL,NULL),
 (595,'Medi-Cal - Alameda Cty ACCESS','75104794',NULL,NULL,NULL,0,372,NULL,NULL,NULL,NULL,1,NULL,NULL,NULL,NULL,NULL),
 (390,'PacifiCare HMO',NULL,'0.00',NULL,'050331569',3,373,NULL,NULL,NULL,NULL,1,NULL,NULL,NULL,NULL,NULL),
 (391,'PacifiCare HMO',NULL,'0.00',NULL,'050331576',3,374,NULL,NULL,NULL,NULL,1,NULL,NULL,NULL,NULL,NULL),
 (392,'Medi-Cal - Alameda Cty ACCESS',NULL,NULL,NULL,NULL,0,375,NULL,NULL,NULL,NULL,1,NULL,NULL,NULL,NULL,NULL),
 (393,'Contra Costa Access',NULL,NULL,NULL,'A242451',0,376,NULL,NULL,NULL,NULL,1,NULL,NULL,NULL,NULL,NULL),
 (394,'PacifiCare HMO',NULL,'10.00',NULL,'050340776',12,377,NULL,NULL,NULL,NULL,1,NULL,NULL,NULL,NULL,NULL),
 (395,'PacifiCare HMO',NULL,'20.00',NULL,'050340167',0,378,NULL,NULL,NULL,NULL,1,NULL,NULL,NULL,NULL,NULL),
 (396,'PacifiCare HMO',NULL,'20.00',NULL,'050340842',4,379,NULL,NULL,NULL,NULL,1,NULL,NULL,NULL,NULL,NULL),
 (397,'Private Pay',NULL,'200.00',NULL,NULL,0,380,NULL,NULL,NULL,NULL,1,NULL,NULL,NULL,NULL,NULL),
 (398,'Medi-Cal - Alameda Cty ACCESS',NULL,NULL,NULL,NULL,0,381,NULL,NULL,NULL,NULL,1,NULL,NULL,NULL,NULL,NULL),
 (399,'Medi-Cal - Alameda Cty ACCESS',NULL,NULL,NULL,NULL,0,382,NULL,NULL,NULL,NULL,1,NULL,NULL,NULL,NULL,NULL),
 (400,'Medi-Cal - Alameda Cty ACCESS','75087565',NULL,NULL,NULL,0,383,NULL,NULL,NULL,NULL,1,NULL,NULL,NULL,NULL,NULL),
 (401,'Medi-Cal - Alameda Cty ACCESS','75088271',NULL,NULL,NULL,0,384,NULL,NULL,NULL,NULL,1,NULL,NULL,NULL,NULL,NULL),
 (402,'Medi-Cal - Alameda Cty ACCESS','75120482',NULL,NULL,NULL,0,385,NULL,NULL,NULL,NULL,1,NULL,NULL,NULL,NULL,NULL),
 (403,'Medi-Cal - Alameda Cty ACCESS','75120468',NULL,NULL,NULL,0,386,NULL,NULL,NULL,NULL,1,NULL,NULL,NULL,NULL,NULL),
 (404,'Medi-Cal - Alameda Cty ACCESS','75020452',NULL,NULL,NULL,0,387,NULL,NULL,NULL,NULL,1,NULL,NULL,NULL,NULL,NULL),
 (405,'PacifiCare HMO',NULL,'35.00',NULL,'050101209',4,388,NULL,NULL,NULL,NULL,1,NULL,NULL,NULL,NULL,NULL),
 (406,'Medi-Cal - Alameda Cty ACCESS','75119090',NULL,NULL,NULL,0,389,NULL,NULL,NULL,NULL,1,NULL,NULL,NULL,NULL,NULL),
 (407,'Medi-Cal - Alameda Cty ACCESS','75120505',NULL,NULL,NULL,0,390,NULL,NULL,NULL,NULL,1,NULL,NULL,NULL,NULL,NULL),
 (408,'Medi-Cal - Alameda Cty ACCESS','75110990',NULL,NULL,NULL,0,391,NULL,NULL,NULL,NULL,1,NULL,NULL,NULL,NULL,NULL),
 (409,'Medi-Cal - Alameda Cty ACCESS','75066975',NULL,NULL,NULL,0,392,NULL,NULL,NULL,NULL,1,NULL,NULL,NULL,NULL,NULL),
 (410,'Medi-Cal - Alameda Cty ACCESS','75120188',NULL,NULL,NULL,0,393,NULL,NULL,NULL,NULL,1,NULL,NULL,NULL,NULL,NULL),
 (411,'Contra Costa Access',NULL,NULL,NULL,'A243037',0,394,NULL,NULL,NULL,NULL,1,NULL,NULL,NULL,NULL,NULL),
 (412,'PacifiCare HMO',NULL,'20.00',NULL,'050350426',0,395,NULL,NULL,NULL,NULL,1,NULL,NULL,NULL,NULL,NULL),
 (413,'Medi-Cal - Alameda Cty ACCESS','75032651',NULL,NULL,NULL,0,396,NULL,NULL,NULL,NULL,1,NULL,NULL,NULL,NULL,NULL),
 (414,'PacifiCare HMO',NULL,'15.00',NULL,'043550577',12,397,NULL,NULL,NULL,NULL,1,NULL,NULL,NULL,NULL,NULL),
 (415,'Medi-Cal - Alameda Cty ACCESS','75120574',NULL,NULL,NULL,0,398,NULL,NULL,NULL,NULL,1,NULL,NULL,NULL,NULL,NULL),
 (416,'Medi-Cal - Alameda Cty ACCESS','75120575',NULL,NULL,NULL,0,399,NULL,NULL,NULL,NULL,1,NULL,NULL,NULL,NULL,NULL),
 (417,'PacifiCare HMO',NULL,'10.00',NULL,'043521275',12,400,NULL,NULL,NULL,NULL,1,NULL,NULL,NULL,NULL,NULL),
 (418,'Medi-Cal - Alameda Cty ACCESS','75120567',NULL,NULL,NULL,0,401,NULL,NULL,NULL,NULL,1,NULL,NULL,NULL,NULL,NULL),
 (419,'PacifiCare HMO',NULL,'15.00',NULL,'050350807',12,402,NULL,NULL,NULL,NULL,1,NULL,NULL,NULL,NULL,NULL),
 (420,'PacifiCare HMO',NULL,NULL,NULL,NULL,0,403,NULL,NULL,NULL,NULL,1,NULL,NULL,NULL,NULL,NULL),
 (421,'Medi-Cal - Alameda Cty ACCESS','75120384',NULL,NULL,NULL,0,404,NULL,NULL,NULL,NULL,1,NULL,NULL,NULL,NULL,NULL),
 (422,'CHIPA - Magellan','W113228475-01',NULL,'8882386271',NULL,0,405,NULL,NULL,NULL,NULL,1,NULL,NULL,NULL,NULL,NULL),
 (423,'Medi-Cal - Alameda Cty ACCESS','75120291',NULL,NULL,NULL,0,406,NULL,NULL,NULL,NULL,1,NULL,NULL,NULL,NULL,NULL),
 (424,'Medi-Cal - Alameda Cty ACCESS','54957601',NULL,NULL,NULL,0,407,NULL,NULL,NULL,NULL,1,NULL,NULL,NULL,NULL,NULL),
 (425,'Medi-Cal - Alameda Cty ACCESS','75120475',NULL,NULL,NULL,0,408,NULL,NULL,NULL,NULL,1,NULL,NULL,NULL,NULL,NULL),
 (426,'Medi-Cal - Alameda Cty ACCESS','75044575',NULL,NULL,NULL,0,409,NULL,NULL,NULL,NULL,1,NULL,NULL,NULL,NULL,NULL),
 (427,'MHN','951760247','15.00','8005689276','Case # 2890490',0,410,NULL,NULL,NULL,NULL,1,NULL,NULL,NULL,NULL,NULL),
 (428,'Medi-Cal - Alameda Cty ACCESS','75002046',NULL,NULL,NULL,0,411,NULL,NULL,NULL,NULL,1,NULL,NULL,NULL,NULL,NULL),
 (429,'Medi-Cal - Alameda Cty ACCESS','75064252',NULL,NULL,NULL,0,412,NULL,NULL,NULL,NULL,1,NULL,NULL,NULL,NULL,NULL),
 (430,'Medi-Cal - Alameda Cty ACCESS','75086915',NULL,NULL,NULL,0,413,NULL,NULL,NULL,NULL,1,NULL,NULL,NULL,NULL,NULL),
 (431,'Medi-Cal - Alameda Cty ACCESS','75104180',NULL,NULL,NULL,0,414,NULL,NULL,NULL,NULL,1,NULL,NULL,NULL,NULL,NULL),
 (432,'Medi-Cal - Alameda Cty ACCESS','75034914',NULL,NULL,NULL,0,415,NULL,NULL,NULL,NULL,1,NULL,NULL,NULL,NULL,NULL),
 (433,'Medi-Cal - Alameda Cty ACCESS','75093016',NULL,NULL,NULL,0,416,NULL,NULL,NULL,NULL,1,NULL,NULL,NULL,NULL,NULL),
 (434,'Medi-Cal - Alameda Cty ACCESS','75108858',NULL,NULL,NULL,0,417,NULL,NULL,NULL,NULL,1,NULL,NULL,NULL,NULL,NULL),
 (435,'Medi-Cal - Alameda Cty ACCESS','75069176',NULL,NULL,NULL,0,418,NULL,NULL,NULL,NULL,1,NULL,NULL,NULL,NULL,NULL),
 (436,'Medi-Cal - Alameda Cty ACCESS','75119668',NULL,NULL,NULL,0,419,NULL,NULL,NULL,NULL,1,NULL,NULL,NULL,NULL,NULL),
 (437,'PacifiCare HMO',NULL,'5.00',NULL,'050180874',4,420,NULL,NULL,NULL,NULL,1,NULL,NULL,NULL,NULL,NULL),
 (438,'PacifiCare HMO',NULL,'5.00',NULL,'050261551',4,421,NULL,NULL,NULL,NULL,1,NULL,NULL,NULL,NULL,NULL),
 (439,'PacifiCare HMO','006348387','5.00',NULL,'050390746',4,422,NULL,NULL,NULL,NULL,1,NULL,NULL,NULL,NULL,NULL),
 (440,'PacifiCare HMO','004759022-01','0.00',NULL,'050390715',9,423,NULL,NULL,NULL,NULL,1,NULL,NULL,NULL,NULL,NULL),
 (441,'Medi-Cal - Alameda Cty ACCESS','75108089',NULL,NULL,NULL,0,424,NULL,NULL,NULL,NULL,1,NULL,NULL,NULL,NULL,NULL),
 (442,'PacifiCare HMO',NULL,'0.00',NULL,'050400227',5,425,NULL,NULL,NULL,NULL,1,NULL,NULL,NULL,NULL,NULL),
 (443,'PacifiCare HMO',NULL,'0.00',NULL,'042920396',12,426,NULL,NULL,NULL,NULL,1,NULL,NULL,NULL,NULL,NULL),
 (444,'PacifiCare HMO',NULL,'10.00',NULL,'050211048',4,427,NULL,NULL,NULL,NULL,1,NULL,NULL,NULL,NULL,NULL),
 (445,'Private Pay',NULL,'110.00',NULL,NULL,0,428,NULL,NULL,NULL,NULL,1,NULL,NULL,NULL,NULL,NULL),
 (446,'CHIPA - MHN','R03316525',NULL,'8007793825','intake #2889421plan code zt',0,429,NULL,NULL,NULL,NULL,1,NULL,NULL,NULL,NULL,NULL),
 (447,'PacifiCare HMO',NULL,'30.00',NULL,'050014888',12,430,NULL,NULL,NULL,NULL,1,NULL,NULL,NULL,NULL,NULL),
 (643,'PacifiCare HMO',NULL,'0.00',NULL,'050621078',4,431,NULL,NULL,NULL,NULL,1,NULL,NULL,NULL,NULL,NULL),
 (449,'PacifiCare HMO',NULL,'10.00',NULL,'050410753',4,432,NULL,NULL,NULL,NULL,1,NULL,NULL,NULL,NULL,NULL),
 (450,'PacifiCare HMO',NULL,'10.00',NULL,'050262523',10,433,NULL,NULL,NULL,NULL,1,NULL,NULL,NULL,NULL,NULL),
 (451,'PacifiCare HMO','006792090','10.00',NULL,'050450717',0,434,NULL,NULL,NULL,NULL,1,NULL,NULL,NULL,NULL,NULL),
 (454,'PacifiCare HMO',NULL,'20.00',NULL,'050131208',12,435,NULL,NULL,NULL,NULL,1,NULL,NULL,NULL,NULL,NULL),
 (453,'PacifiCare HMO',NULL,'10.00',NULL,'050281203',12,436,NULL,NULL,NULL,NULL,1,NULL,NULL,NULL,NULL,NULL),
 (455,'Medi-Cal - Alameda Cty ACCESS','75116002',NULL,NULL,NULL,0,437,NULL,NULL,NULL,NULL,1,NULL,NULL,NULL,NULL,NULL),
 (456,'PacifiCare HMO',NULL,'15.00',NULL,'050460969',4,438,NULL,NULL,NULL,NULL,1,NULL,NULL,NULL,NULL,NULL),
 (457,'Medi-Cal - Alameda Cty ACCESS','75083038',NULL,NULL,NULL,0,439,NULL,NULL,NULL,NULL,1,NULL,NULL,NULL,NULL,NULL),
 (458,'Medi-Cal - Alameda Cty ACCESS','75078310',NULL,NULL,NULL,0,440,NULL,NULL,NULL,NULL,1,NULL,NULL,NULL,NULL,NULL),
 (459,'PacifiCare HMO',NULL,'15.00',NULL,'050451185',4,441,NULL,NULL,NULL,NULL,1,NULL,NULL,NULL,NULL,NULL),
 (460,'PacifiCare HMO',NULL,'10.00',NULL,'050251378',12,442,NULL,NULL,NULL,NULL,1,NULL,NULL,NULL,NULL,NULL),
 (461,'PacifiCare HMO',NULL,NULL,NULL,'050350584',4,443,NULL,NULL,NULL,NULL,1,NULL,NULL,NULL,NULL,NULL),
 (462,'PacifiCare HMO','006348387','5.00',NULL,'050400661',12,444,NULL,NULL,NULL,NULL,1,NULL,NULL,NULL,NULL,NULL),
 (463,'PacifiCare HMO','006561762','0.00',NULL,'050450603',12,445,NULL,NULL,NULL,NULL,1,NULL,NULL,NULL,NULL,NULL),
 (464,'PacifiCare HMO','005654207-03','10.00',NULL,'050461309',12,446,NULL,NULL,NULL,NULL,1,NULL,NULL,NULL,NULL,NULL),
 (465,'PacifiCare HMO','005654207-04','10.00',NULL,'050461429',12,447,NULL,NULL,NULL,NULL,1,NULL,NULL,NULL,NULL,NULL),
 (466,'PacifiCare HMO','012290859-01','5.00',NULL,'8050470781',4,448,NULL,NULL,NULL,NULL,1,NULL,NULL,NULL,NULL,NULL),
 (467,'PacifiCare HMO','005801234-02','10.00',NULL,'043200566',12,449,NULL,NULL,NULL,NULL,1,NULL,NULL,NULL,NULL,NULL),
 (468,'PacifiCare HMO',NULL,'5.00',NULL,'050051640',12,450,NULL,NULL,NULL,NULL,1,NULL,NULL,NULL,NULL,NULL),
 (469,'Medi-Cal - Alameda Cty ACCESS',NULL,NULL,NULL,NULL,0,451,NULL,NULL,NULL,NULL,1,NULL,NULL,NULL,NULL,NULL),
 (470,'Contra Costa Access',NULL,NULL,NULL,'A243438',0,452,NULL,NULL,NULL,NULL,1,NULL,NULL,NULL,NULL,NULL),
 (471,'PacifiCare HMO',NULL,NULL,NULL,NULL,0,453,NULL,NULL,NULL,NULL,1,NULL,NULL,NULL,NULL,NULL),
 (472,'Medi-Cal - Alameda Cty ACCESS','75044977',NULL,NULL,NULL,0,454,NULL,NULL,NULL,NULL,1,NULL,NULL,NULL,NULL,NULL),
 (473,'Medi-Cal - Alameda Cty ACCESS','75120217',NULL,NULL,NULL,0,455,NULL,NULL,NULL,NULL,1,NULL,NULL,NULL,NULL,NULL),
 (474,'MHN','R045486','25.00','8887792231','ref # 2885707',0,456,NULL,NULL,NULL,NULL,1,NULL,NULL,NULL,NULL,NULL),
 (475,'Medi-Cal - Alameda Cty ACCESS',NULL,NULL,NULL,NULL,0,457,NULL,NULL,NULL,NULL,1,NULL,NULL,NULL,NULL,NULL),
 (476,'Medi-Cal - Alameda Cty ACCESS','75094750',NULL,NULL,NULL,0,458,NULL,NULL,NULL,NULL,1,NULL,NULL,NULL,NULL,NULL),
 (477,'CHIPA - MHN',NULL,NULL,NULL,NULL,0,459,NULL,NULL,NULL,NULL,1,NULL,NULL,NULL,NULL,NULL),
 (478,'PacifiCare HMO',NULL,'25.00',NULL,'050481109',16,460,NULL,NULL,NULL,NULL,1,NULL,NULL,NULL,NULL,NULL),
 (479,'Medi-Cal - Alameda Cty ACCESS','75120901',NULL,NULL,NULL,0,461,NULL,NULL,NULL,NULL,1,NULL,NULL,NULL,NULL,NULL),
 (480,'Medi-Cal - Alameda Cty ACCESS','75069390',NULL,NULL,NULL,0,462,NULL,NULL,NULL,NULL,1,NULL,NULL,NULL,NULL,NULL),
 (481,'Medi-Cal - Alameda Cty ACCESS','75120712',NULL,NULL,NULL,0,463,NULL,NULL,NULL,NULL,1,NULL,NULL,NULL,NULL,NULL),
 (482,'PacifiCare HMO',NULL,'0.00',NULL,'050470524',3,464,NULL,NULL,NULL,NULL,1,NULL,NULL,NULL,NULL,NULL),
 (483,'Medi-Cal - Alameda Cty ACCESS','58734501',NULL,NULL,NULL,0,465,NULL,NULL,NULL,NULL,1,NULL,NULL,NULL,NULL,NULL),
 (484,'PacifiCare HMO',NULL,'30.00',NULL,'042110126',4,466,NULL,NULL,NULL,NULL,1,NULL,NULL,NULL,NULL,NULL),
 (485,'Medi-Cal - Alameda Cty ACCESS','75064031',NULL,NULL,NULL,0,467,NULL,NULL,NULL,NULL,1,NULL,NULL,NULL,NULL,NULL),
 (486,'Medi-Cal - Alameda Cty ACCESS','75112359',NULL,NULL,NULL,0,468,NULL,NULL,NULL,NULL,1,NULL,NULL,NULL,NULL,NULL),
 (487,'Medi-Cal - Alameda Cty ACCESS','75107092',NULL,NULL,NULL,0,469,NULL,NULL,NULL,NULL,1,NULL,NULL,NULL,NULL,NULL),
 (488,'Medi-Cal - Alameda Cty ACCESS','75080134',NULL,NULL,NULL,0,470,NULL,NULL,NULL,NULL,1,NULL,NULL,NULL,NULL,NULL),
 (489,'Medi-Cal - Alameda Cty ACCESS',NULL,NULL,NULL,NULL,0,471,NULL,NULL,NULL,NULL,1,NULL,NULL,NULL,NULL,NULL),
 (490,'Medi-Cal - Alameda Cty ACCESS','75120573',NULL,NULL,NULL,0,472,NULL,NULL,NULL,NULL,1,NULL,NULL,NULL,NULL,NULL),
 (491,'Medi-Cal - Alameda Cty ACCESS','75094235',NULL,NULL,NULL,0,473,NULL,NULL,NULL,NULL,1,NULL,NULL,NULL,NULL,NULL),
 (492,'Medi-Cal - Alameda Cty ACCESS','75120952',NULL,NULL,NULL,0,474,NULL,NULL,NULL,NULL,1,NULL,NULL,NULL,NULL,NULL),
 (493,'Medi-Cal - Alameda Cty ACCESS','75108686',NULL,NULL,NULL,0,475,NULL,NULL,NULL,NULL,1,NULL,NULL,NULL,NULL,NULL),
 (494,'Medi-Cal - Alameda Cty ACCESS','75120788',NULL,NULL,NULL,0,476,NULL,NULL,NULL,NULL,1,NULL,NULL,NULL,NULL,NULL),
 (495,'Medi-Cal - Alameda Cty ACCESS','75018055',NULL,NULL,NULL,0,477,NULL,NULL,NULL,NULL,1,NULL,NULL,NULL,NULL,NULL),
 (496,'Medi-Cal - Alameda Cty ACCESS','75054179',NULL,NULL,NULL,0,478,NULL,NULL,NULL,NULL,1,NULL,NULL,NULL,NULL,NULL),
 (497,'Medi-Cal - Alameda Cty ACCESS','75087950',NULL,NULL,NULL,0,479,NULL,NULL,NULL,NULL,1,NULL,NULL,NULL,NULL,NULL),
 (498,'Medi-Cal - Alameda Cty ACCESS','75120749',NULL,NULL,NULL,0,480,NULL,NULL,NULL,NULL,1,NULL,NULL,NULL,NULL,NULL),
 (499,'Medi-Cal - Alameda Cty ACCESS','75120876',NULL,NULL,NULL,0,481,NULL,NULL,NULL,NULL,1,NULL,NULL,NULL,NULL,NULL),
 (500,'Medi-Cal - Alameda Cty ACCESS','75089440',NULL,NULL,NULL,0,482,NULL,NULL,NULL,NULL,1,NULL,NULL,NULL,NULL,NULL),
 (501,'Medi-Cal - Alameda Cty ACCESS','75115946',NULL,NULL,NULL,0,483,NULL,NULL,NULL,NULL,1,NULL,NULL,NULL,NULL,NULL),
 (502,'Medi-Cal - Alameda Cty ACCESS','75049088',NULL,NULL,NULL,0,484,NULL,NULL,NULL,NULL,1,NULL,NULL,NULL,NULL,NULL),
 (503,'PacifiCare HMO',NULL,'35.00',NULL,'050490849',12,485,NULL,NULL,NULL,NULL,1,NULL,NULL,NULL,NULL,NULL),
 (504,'Medi-Cal - Alameda Cty ACCESS','75120741',NULL,NULL,NULL,0,486,NULL,NULL,NULL,NULL,1,NULL,NULL,NULL,NULL,NULL),
 (505,'Medi-Cal - Alameda Cty ACCESS','75060943',NULL,NULL,NULL,0,487,NULL,NULL,NULL,NULL,1,NULL,NULL,NULL,NULL,NULL),
 (507,'Medi-Cal - Alameda Cty ACCESS','75000006',NULL,NULL,NULL,0,488,NULL,NULL,NULL,NULL,1,NULL,NULL,NULL,NULL,NULL),
 (508,'Medi-Cal - Alameda Cty ACCESS','75120732',NULL,NULL,NULL,0,489,NULL,NULL,NULL,NULL,1,NULL,NULL,NULL,NULL,NULL),
 (509,'Medi-Cal - Alameda Cty ACCESS','75059782',NULL,NULL,NULL,0,490,NULL,NULL,NULL,NULL,1,NULL,NULL,NULL,NULL,NULL),
 (510,'Medi-Cal - Alameda Cty ACCESS','75106382',NULL,NULL,NULL,0,491,NULL,NULL,NULL,NULL,1,NULL,NULL,NULL,NULL,NULL),
 (511,'Medi-Cal - Alameda Cty ACCESS','75118147',NULL,NULL,NULL,0,492,NULL,NULL,NULL,NULL,1,NULL,NULL,NULL,NULL,NULL),
 (512,'Medi-Cal - Alameda Cty ACCESS','75086926',NULL,NULL,NULL,0,493,NULL,NULL,NULL,NULL,1,NULL,NULL,NULL,NULL,NULL),
 (513,'Medi-Cal - Alameda Cty ACCESS','75120787',NULL,NULL,NULL,0,494,NULL,NULL,NULL,NULL,1,NULL,NULL,NULL,NULL,NULL),
 (514,'PacifiCare HMO',NULL,'30.00',NULL,'050400709',16,495,NULL,NULL,NULL,NULL,1,NULL,NULL,NULL,NULL,NULL),
 (515,'Private Pay',NULL,'200.00',NULL,NULL,0,496,NULL,NULL,NULL,NULL,1,NULL,NULL,NULL,NULL,NULL),
 (516,'Medi-Cal - Alameda Cty ACCESS','75053665',NULL,NULL,NULL,0,497,NULL,NULL,NULL,NULL,1,NULL,NULL,NULL,NULL,NULL),
 (517,'Medi-Cal - Alameda Cty ACCESS','75120953',NULL,NULL,NULL,0,498,NULL,NULL,NULL,NULL,1,NULL,NULL,NULL,NULL,NULL),
 (518,'Medi-Cal - Alameda Cty ACCESS','61633401',NULL,NULL,NULL,0,499,NULL,NULL,NULL,NULL,1,NULL,NULL,NULL,NULL,NULL),
 (519,'Medi-Cal - Alameda Cty ACCESS','75120949',NULL,NULL,NULL,0,500,NULL,NULL,NULL,NULL,1,NULL,NULL,NULL,NULL,NULL),
 (520,'Medi-Cal - Alameda Cty ACCESS','75097548',NULL,NULL,NULL,0,501,NULL,NULL,NULL,NULL,1,NULL,NULL,NULL,NULL,NULL),
 (521,'Medi-Cal - Alameda Cty ACCESS','75095830',NULL,NULL,NULL,0,502,NULL,NULL,NULL,NULL,1,NULL,NULL,NULL,NULL,NULL),
 (522,'Medi-Cal - Alameda Cty ACCESS','75120947',NULL,NULL,NULL,0,503,NULL,NULL,NULL,NULL,1,NULL,NULL,NULL,NULL,NULL),
 (523,'Medi-Cal - Alameda Cty ACCESS','75120994',NULL,NULL,NULL,0,504,NULL,NULL,NULL,NULL,1,NULL,NULL,NULL,NULL,NULL),
 (524,'Contra Costa Access',NULL,NULL,NULL,'A243763',0,505,NULL,NULL,NULL,NULL,1,NULL,NULL,NULL,NULL,NULL),
 (525,'Medi-Cal - Alameda Cty ACCESS',NULL,NULL,NULL,'75066045',0,506,NULL,NULL,NULL,NULL,1,NULL,NULL,NULL,NULL,NULL),
 (526,'Medi-Cal - Alameda Cty ACCESS',NULL,NULL,NULL,NULL,0,507,NULL,NULL,NULL,NULL,1,NULL,NULL,NULL,NULL,NULL),
 (527,'Medi-Cal - Alameda Cty ACCESS','75067757',NULL,NULL,NULL,0,508,NULL,NULL,NULL,NULL,1,NULL,NULL,NULL,NULL,NULL),
 (528,'Medi-Cal - Alameda Cty ACCESS','75120996',NULL,NULL,NULL,0,509,NULL,NULL,NULL,NULL,1,NULL,NULL,NULL,NULL,NULL),
 (529,'Medi-Cal - Alameda Cty ACCESS','75119959',NULL,NULL,NULL,0,510,NULL,NULL,NULL,NULL,1,NULL,NULL,NULL,NULL,NULL),
 (530,'Medi-Cal - Alameda Cty ACCESS','75120343',NULL,NULL,NULL,0,511,NULL,NULL,NULL,NULL,1,NULL,NULL,NULL,NULL,NULL),
 (531,'Medi-Cal - Alameda Cty ACCESS','75119457',NULL,NULL,NULL,0,512,NULL,NULL,NULL,NULL,1,NULL,NULL,NULL,NULL,NULL),
 (532,'Medi-Cal - Alameda Cty ACCESS','75063129',NULL,NULL,NULL,0,513,NULL,NULL,NULL,NULL,1,NULL,NULL,NULL,NULL,NULL),
 (533,'Medi-Cal - Alameda Cty ACCESS','75115583',NULL,NULL,NULL,0,514,NULL,NULL,NULL,NULL,1,NULL,NULL,NULL,NULL,NULL),
 (534,'Medi-Cal - Alameda Cty ACCESS','75069434',NULL,NULL,NULL,0,515,NULL,NULL,NULL,NULL,1,NULL,NULL,NULL,NULL,NULL),
 (535,'Medi-Cal - Alameda Cty ACCESS','75112628',NULL,NULL,NULL,0,516,NULL,NULL,NULL,NULL,1,NULL,NULL,NULL,NULL,NULL),
 (536,'Medi-Cal - Alameda Cty ACCESS','75116596',NULL,NULL,NULL,0,517,NULL,NULL,NULL,NULL,1,NULL,NULL,NULL,NULL,NULL),
 (537,'Medi-Cal - Alameda Cty ACCESS','75114626',NULL,NULL,NULL,0,518,NULL,NULL,NULL,NULL,1,NULL,NULL,NULL,NULL,NULL),
 (538,'Medi-Cal - Alameda Cty ACCESS','75121002',NULL,NULL,NULL,0,519,NULL,NULL,NULL,NULL,1,NULL,NULL,NULL,NULL,NULL),
 (539,'PacifiCare HMO','006815523','5.00','8009999585','050530765',12,520,NULL,NULL,NULL,NULL,1,NULL,NULL,NULL,NULL,NULL),
 (540,'Medi-Cal - Alameda Cty ACCESS','75120750',NULL,NULL,NULL,0,521,NULL,NULL,NULL,NULL,1,NULL,NULL,NULL,NULL,NULL),
 (542,'Medi-Cal - Alameda Cty ACCESS','75120849',NULL,NULL,NULL,0,522,NULL,NULL,NULL,NULL,1,NULL,NULL,NULL,NULL,NULL),
 (543,'MHN','R02189555','25.00','8884260030','02151122',20,523,NULL,NULL,NULL,NULL,1,NULL,NULL,NULL,NULL,NULL),
 (544,'MHN',NULL,'40.00','8884260030','021502A',20,524,NULL,NULL,NULL,NULL,1,NULL,NULL,NULL,NULL,NULL),
 (545,'Medi-Cal - Alameda Cty ACCESS',NULL,NULL,NULL,NULL,0,525,NULL,NULL,NULL,NULL,1,NULL,NULL,NULL,NULL,NULL),
 (546,'Medi-Cal - Alameda Cty ACCESS','75011555',NULL,NULL,NULL,0,526,NULL,NULL,NULL,NULL,1,NULL,NULL,NULL,NULL,NULL),
 (547,'Medi-Cal - Alameda Cty ACCESS','75025822',NULL,NULL,NULL,0,527,NULL,NULL,NULL,NULL,1,NULL,NULL,NULL,NULL,NULL),
 (548,'Medi-Cal - Alameda Cty ACCESS','75078898',NULL,NULL,NULL,0,528,NULL,NULL,NULL,NULL,1,NULL,NULL,NULL,NULL,NULL),
 (549,'Medi-Cal - Alameda Cty ACCESS','75029498',NULL,NULL,NULL,0,529,NULL,NULL,NULL,NULL,1,NULL,NULL,NULL,NULL,NULL),
 (550,'Medi-Cal - Alameda Cty ACCESS','not given',NULL,NULL,NULL,0,530,NULL,NULL,NULL,NULL,1,NULL,NULL,NULL,NULL,NULL),
 (551,'Medi-Cal - Alameda Cty ACCESS','16737901',NULL,NULL,NULL,0,531,NULL,NULL,NULL,NULL,1,NULL,NULL,NULL,NULL,NULL),
 (552,'Medi-Cal - Alameda Cty ACCESS','75093825',NULL,NULL,NULL,0,532,NULL,NULL,NULL,NULL,1,NULL,NULL,NULL,NULL,NULL),
 (553,'Medi-Cal - Alameda Cty ACCESS','75079749',NULL,NULL,NULL,0,533,NULL,NULL,NULL,NULL,1,NULL,NULL,NULL,NULL,NULL),
 (554,'Medi-Cal - Alameda Cty ACCESS','75072933',NULL,NULL,NULL,0,534,NULL,NULL,NULL,NULL,1,NULL,NULL,NULL,NULL,NULL),
 (575,'Medi-Cal - Alameda Cty ACCESS','75121124',NULL,NULL,NULL,0,535,NULL,NULL,NULL,NULL,1,NULL,NULL,NULL,NULL,NULL),
 (556,'Medi-Cal - Alameda Cty ACCESS','not given',NULL,NULL,NULL,0,536,NULL,NULL,NULL,NULL,1,NULL,NULL,NULL,NULL,NULL),
 (557,'PacifiCare HMO',NULL,NULL,NULL,'050471377',0,537,NULL,NULL,NULL,NULL,1,NULL,NULL,NULL,NULL,NULL),
 (558,'Medi-Cal - Alameda Cty ACCESS','75121107',NULL,NULL,NULL,0,538,NULL,NULL,NULL,NULL,1,NULL,NULL,NULL,NULL,NULL),
 (559,'PacifiCare HMO',NULL,'5.00',NULL,'050540972',4,539,NULL,NULL,NULL,NULL,1,NULL,NULL,NULL,NULL,NULL),
 (1596,'UBH','Subr: 956642321 grp.2037868','35.00','8008427084',NULL,20,540,NULL,NULL,NULL,NULL,1,NULL,NULL,NULL,NULL,NULL),
 (562,'PacifiCare HMO',NULL,'40.00',NULL,'050421136',4,541,NULL,NULL,NULL,NULL,1,NULL,NULL,NULL,NULL,NULL),
 (1595,'Private Pay','private pay','110.00',NULL,NULL,0,542,NULL,NULL,NULL,NULL,1,NULL,NULL,NULL,NULL,NULL),
 (627,'PacifiCare HMO',NULL,'10.00',NULL,'050610475',12,543,NULL,NULL,NULL,NULL,1,NULL,NULL,NULL,NULL,NULL),
 (795,'PacifiCare HMO',NULL,'35.00',NULL,'050731010',4,544,NULL,NULL,NULL,NULL,1,NULL,NULL,NULL,NULL,NULL),
 (566,'PacifiCare HMO',NULL,'10.00',NULL,'043080531',4,545,NULL,NULL,NULL,NULL,1,NULL,NULL,NULL,NULL,NULL),
 (792,'PacifiCare HMO',NULL,'4.00',NULL,'050730851',12,546,NULL,NULL,NULL,NULL,1,NULL,NULL,NULL,NULL,NULL),
 (796,'Medi-Cal - Alameda Cty ACCESS','75063406',NULL,NULL,NULL,0,547,NULL,NULL,NULL,NULL,1,NULL,NULL,NULL,NULL,NULL),
 (570,'PacifiCare HMO',NULL,'15.00',NULL,'050770751',4,548,NULL,NULL,NULL,NULL,1,NULL,NULL,NULL,NULL,NULL),
 (571,'PacifiCare HMO',NULL,'0.00',NULL,'050400377',3,549,NULL,NULL,NULL,NULL,1,NULL,NULL,NULL,NULL,NULL),
 (793,'PacifiCare HMO',NULL,'5.00',NULL,'050700540',4,550,NULL,NULL,NULL,NULL,1,NULL,NULL,NULL,NULL,NULL),
 (573,'PacifiCare HMO',NULL,'5.00',NULL,'043550946',3,551,NULL,NULL,NULL,NULL,1,NULL,NULL,NULL,NULL,NULL),
 (574,'PacifiCare HMO',NULL,'20.00',NULL,'050350910',4,552,NULL,NULL,NULL,NULL,1,NULL,NULL,NULL,NULL,NULL);
INSERT INTO `insurance` (`referralId`,`insuranceCompany`,`memberId`,`copay`,`phoneNumber`,`authNumForMD`,`numAuthVisitForMD`,`insuranceId`,`copayParity`,`numAuthVisitForMA`,`medicalId`,`medicalIssueDate`,`isLast`,`authNumForMA`,`referralDate`,`eligEffDate`,`eligTermDate`,`notes`) VALUES 
 (576,'PacifiCare HMO',NULL,'5.00',NULL,'050540770',4,553,NULL,NULL,NULL,NULL,1,NULL,NULL,NULL,NULL,NULL),
 (577,'Private Pay',NULL,'200.00',NULL,NULL,0,554,NULL,NULL,NULL,NULL,1,NULL,NULL,NULL,NULL,NULL),
 (578,'Medi-Cal - Alameda Cty ACCESS','35628701',NULL,NULL,NULL,0,555,NULL,NULL,NULL,NULL,1,NULL,NULL,NULL,NULL,NULL),
 (579,'Medi-Cal - Alameda Cty ACCESS','61729001',NULL,NULL,NULL,0,556,NULL,NULL,NULL,NULL,1,NULL,NULL,NULL,NULL,NULL),
 (580,'Medi-Cal - Alameda Cty ACCESS','75022027',NULL,NULL,NULL,0,557,NULL,NULL,NULL,NULL,1,NULL,NULL,NULL,NULL,NULL),
 (581,'Medi-Cal - Alameda Cty ACCESS',NULL,NULL,NULL,NULL,0,558,NULL,NULL,NULL,NULL,1,NULL,NULL,NULL,NULL,NULL),
 (582,'Medi-Cal - Alameda Cty ACCESS','75029299',NULL,NULL,NULL,0,559,NULL,NULL,NULL,NULL,1,NULL,NULL,NULL,NULL,NULL),
 (583,'Medi-Cal - Alameda Cty ACCESS','74584401',NULL,NULL,NULL,0,560,NULL,NULL,NULL,NULL,1,NULL,NULL,NULL,NULL,NULL),
 (584,'Medi-Cal - Alameda Cty ACCESS','75079513',NULL,NULL,NULL,0,561,NULL,NULL,NULL,NULL,1,NULL,NULL,NULL,NULL,NULL),
 (585,'Medi-Cal - Alameda Cty ACCESS','38519501',NULL,NULL,NULL,0,562,NULL,NULL,NULL,NULL,1,NULL,NULL,NULL,NULL,NULL),
 (586,'Medi-Cal - Alameda Cty ACCESS','75000014',NULL,NULL,NULL,0,563,NULL,NULL,NULL,NULL,1,NULL,NULL,NULL,NULL,NULL),
 (587,'Medi-Cal - Alameda Cty ACCESS','75121156',NULL,NULL,NULL,0,564,NULL,NULL,NULL,NULL,1,NULL,NULL,NULL,NULL,NULL),
 (588,'MHN',NULL,'30.00',NULL,'043580022',12,565,NULL,NULL,NULL,NULL,1,NULL,NULL,NULL,NULL,NULL),
 (589,'MHN','RO3182577','30.00','8009777591','2913803',20,566,NULL,NULL,NULL,NULL,1,NULL,NULL,NULL,NULL,NULL),
 (590,'PacifiCare HMO',NULL,'30.00',NULL,'050530526',12,567,NULL,NULL,NULL,NULL,1,NULL,NULL,NULL,NULL,NULL),
 (591,'PacifiCare HMO',NULL,'30.00',NULL,'050550558',4,568,NULL,NULL,NULL,NULL,1,NULL,NULL,NULL,NULL,NULL),
 (592,'PacifiCare HMO',NULL,'0.00',NULL,'050560492',5,569,NULL,NULL,NULL,NULL,1,NULL,NULL,NULL,NULL,NULL),
 (593,'PacifiCare HMO',NULL,'5.00',NULL,'050560628',10,570,NULL,NULL,NULL,NULL,1,NULL,NULL,NULL,NULL,NULL),
 (794,'PacifiCare HMO',NULL,'30.00',NULL,'050730823',4,571,NULL,NULL,NULL,NULL,1,NULL,NULL,NULL,NULL,NULL),
 (596,'Medi-Cal - Alameda Cty ACCESS','75121183',NULL,NULL,NULL,0,572,NULL,NULL,NULL,NULL,1,NULL,NULL,NULL,NULL,NULL),
 (597,'Medi-Cal - Alameda Cty ACCESS','75048680',NULL,NULL,NULL,0,573,NULL,NULL,NULL,NULL,1,NULL,NULL,NULL,NULL,NULL),
 (598,'PacifiCare HMO',NULL,'30.00',NULL,'050380653',12,574,NULL,NULL,NULL,NULL,1,NULL,NULL,NULL,NULL,NULL),
 (599,'Medi-Cal - Alameda Cty ACCESS','75056793',NULL,NULL,NULL,0,575,NULL,NULL,NULL,NULL,1,NULL,NULL,NULL,NULL,NULL),
 (600,'Medi-Cal - Alameda Cty ACCESS','75103267',NULL,NULL,NULL,0,576,NULL,NULL,NULL,NULL,1,NULL,NULL,NULL,NULL,NULL),
 (601,'Medi-Cal - Alameda Cty ACCESS','75121157',NULL,NULL,NULL,0,577,NULL,NULL,NULL,NULL,1,NULL,NULL,NULL,NULL,NULL),
 (602,'Contra Costa Access',NULL,NULL,NULL,'A244902',0,578,NULL,NULL,NULL,NULL,1,NULL,NULL,NULL,NULL,NULL),
 (603,'Contra Costa Access',NULL,NULL,NULL,'A244910',0,579,NULL,NULL,NULL,NULL,1,NULL,NULL,NULL,NULL,NULL),
 (604,'Contra Costa Access',NULL,NULL,NULL,'A244894',0,580,NULL,NULL,NULL,NULL,1,NULL,NULL,NULL,NULL,NULL),
 (605,'PacifiCare HMO',NULL,'0.00',NULL,'050140742',9,581,NULL,NULL,NULL,NULL,1,NULL,NULL,NULL,NULL,NULL),
 (606,'UBH','935148631','20.00','8008427084',NULL,0,582,NULL,NULL,NULL,NULL,1,NULL,NULL,NULL,NULL,NULL),
 (607,'UBH','XDM127A66393','10.00','8663123077',NULL,0,583,NULL,NULL,NULL,NULL,1,NULL,NULL,NULL,NULL,NULL),
 (608,'PacifiCare HMO',NULL,'5.00',NULL,'050700348',12,584,NULL,NULL,NULL,NULL,1,NULL,NULL,NULL,NULL,NULL),
 (609,'PacifiCare HMO',NULL,'30.00',NULL,'050540388',4,585,NULL,NULL,NULL,NULL,1,NULL,NULL,NULL,NULL,NULL),
 (610,'Medi-Cal - Alameda Cty ACCESS','75090847',NULL,NULL,NULL,0,586,NULL,NULL,NULL,NULL,1,NULL,NULL,NULL,NULL,NULL),
 (611,'Medi-Cal - Alameda Cty ACCESS','75072934',NULL,NULL,NULL,0,587,NULL,NULL,NULL,NULL,1,NULL,NULL,NULL,NULL,NULL),
 (612,'PacifiCare HMO',NULL,'40.00',NULL,'050242532',12,588,NULL,NULL,NULL,NULL,1,NULL,NULL,NULL,NULL,NULL),
 (613,'PacifiCare HMO',NULL,NULL,NULL,'050600114',0,589,NULL,NULL,NULL,NULL,1,NULL,NULL,NULL,NULL,NULL),
 (614,'Medi-Cal - Alameda Cty ACCESS','75121271',NULL,NULL,NULL,0,590,NULL,NULL,NULL,NULL,1,NULL,NULL,NULL,NULL,NULL),
 (615,'PacifiCare HMO',NULL,'25.00',NULL,'050461010',12,591,NULL,NULL,NULL,NULL,1,NULL,NULL,NULL,NULL,NULL),
 (616,'Medi-Cal - Alameda Cty ACCESS','75033613',NULL,NULL,NULL,0,592,NULL,NULL,NULL,NULL,1,NULL,NULL,NULL,NULL,NULL),
 (617,'PacifiCare HMO',NULL,NULL,NULL,'050600963',0,593,NULL,NULL,NULL,NULL,1,NULL,NULL,NULL,NULL,NULL),
 (618,'Medi-Cal - Alameda Cty ACCESS','75121203',NULL,NULL,NULL,0,594,NULL,NULL,NULL,NULL,1,NULL,NULL,NULL,NULL,NULL),
 (619,'PacifiCare HMO',NULL,'40.00',NULL,'050591247',4,595,NULL,NULL,NULL,NULL,1,NULL,NULL,NULL,NULL,NULL),
 (620,'PacifiCare HMO',NULL,'10.00',NULL,'050610535',0,596,NULL,NULL,NULL,NULL,1,NULL,NULL,NULL,NULL,NULL),
 (624,'MHN',NULL,'30.00',NULL,'02156701 - Kit # 1781143',20,597,NULL,NULL,NULL,NULL,1,NULL,NULL,NULL,NULL,NULL),
 (622,'PacifiCare HMO',NULL,'5.00',NULL,'050591213',12,598,NULL,NULL,NULL,NULL,1,NULL,NULL,NULL,NULL,NULL),
 (623,'PacifiCare HMO',NULL,'5.00',NULL,'050591216',4,599,NULL,NULL,NULL,NULL,1,NULL,NULL,NULL,NULL,NULL),
 (625,'Medi-Cal - Alameda Cty ACCESS','75098465',NULL,NULL,NULL,0,600,NULL,NULL,NULL,NULL,1,NULL,NULL,NULL,NULL,NULL),
 (626,'PacifiCare HMO',NULL,'5.00',NULL,'050281846',12,601,NULL,NULL,NULL,NULL,1,NULL,NULL,NULL,NULL,NULL),
 (628,'PacifiCare HMO',NULL,NULL,NULL,'050601132',0,602,NULL,NULL,NULL,NULL,1,NULL,NULL,NULL,NULL,NULL),
 (629,'PacifiCare HMO',NULL,'0.00',NULL,'050601162',3,603,NULL,NULL,NULL,NULL,1,NULL,NULL,NULL,NULL,NULL),
 (630,'PacifiCare HMO',NULL,'10.00',NULL,'050620427',12,604,NULL,NULL,NULL,NULL,1,NULL,NULL,NULL,NULL,NULL),
 (631,'PacifiCare HMO',NULL,'0.00',NULL,'050610552',12,605,NULL,NULL,NULL,NULL,1,NULL,NULL,NULL,NULL,NULL),
 (632,'PacifiCare HMO',NULL,'15.00',NULL,'050611139',16,606,NULL,NULL,NULL,NULL,1,NULL,NULL,NULL,NULL,NULL),
 (633,'PacifiCare HMO',NULL,'5.00',NULL,'041310045',12,607,NULL,NULL,NULL,NULL,1,NULL,NULL,NULL,NULL,NULL),
 (634,'Medi-Cal - Alameda Cty ACCESS','75092409',NULL,NULL,NULL,0,608,NULL,NULL,NULL,NULL,1,NULL,NULL,NULL,NULL,NULL),
 (635,'MHN','R01415943',NULL,NULL,'2920078',0,609,NULL,NULL,NULL,NULL,1,NULL,NULL,NULL,NULL,NULL),
 (636,'PacifiCare HMO',NULL,'20.00',NULL,'050550744',4,610,NULL,NULL,NULL,NULL,1,NULL,NULL,NULL,NULL,NULL),
 (637,'Medi-Cal - Alameda Cty ACCESS','75105849',NULL,NULL,NULL,0,611,NULL,NULL,NULL,NULL,1,NULL,NULL,NULL,NULL,NULL),
 (638,'Medi-Cal - Alameda Cty ACCESS','75121144',NULL,NULL,NULL,0,612,NULL,NULL,NULL,NULL,1,NULL,NULL,NULL,NULL,NULL),
 (639,'PacifiCare HMO',NULL,'10.00',NULL,'050610229',4,613,NULL,NULL,NULL,NULL,1,NULL,NULL,NULL,NULL,NULL),
 (640,'PacifiCare HMO',NULL,'10.00',NULL,'050620496',16,614,NULL,NULL,NULL,NULL,1,NULL,NULL,NULL,NULL,NULL),
 (641,'PacifiCare HMO',NULL,'10.00',NULL,'050620509',4,615,NULL,NULL,NULL,NULL,1,NULL,NULL,NULL,NULL,NULL),
 (642,'PacifiCare HMO',NULL,'10.00',NULL,'050620896',4,616,NULL,NULL,NULL,NULL,1,NULL,NULL,NULL,NULL,NULL),
 (644,'Medi-Cal - Alameda Cty ACCESS','75115948',NULL,NULL,NULL,0,617,NULL,NULL,NULL,NULL,1,NULL,NULL,NULL,NULL,NULL),
 (645,'PacifiCare HMO',NULL,'10.00',NULL,'050321418',12,618,NULL,NULL,NULL,NULL,1,NULL,NULL,NULL,NULL,NULL),
 (966,'PacifiCare HMO',NULL,'20.00','8009999585','050880316',11,619,NULL,NULL,NULL,NULL,1,NULL,NULL,NULL,NULL,NULL),
 (647,'Medi-Cal - Alameda Cty ACCESS','75092542',NULL,NULL,NULL,0,620,NULL,NULL,NULL,NULL,1,NULL,NULL,NULL,NULL,NULL),
 (648,'Medi-Cal - Alameda Cty ACCESS','75108856',NULL,NULL,NULL,0,621,NULL,NULL,NULL,NULL,1,NULL,NULL,NULL,NULL,NULL),
 (649,'Medi-Cal - Alameda Cty ACCESS','75121364',NULL,NULL,NULL,0,622,NULL,NULL,NULL,NULL,1,NULL,NULL,NULL,NULL,NULL),
 (650,'Medi-Cal - Alameda Cty ACCESS','75121182',NULL,NULL,NULL,0,623,NULL,NULL,NULL,NULL,1,NULL,NULL,NULL,NULL,NULL),
 (651,'Medi-Cal - Alameda Cty ACCESS','75111798',NULL,NULL,NULL,0,624,NULL,NULL,NULL,NULL,1,NULL,NULL,NULL,NULL,NULL),
 (652,'Medi-Cal - Alameda Cty ACCESS','75079936',NULL,NULL,NULL,0,625,NULL,NULL,NULL,NULL,1,NULL,NULL,NULL,NULL,NULL),
 (653,'Medi-Cal - Alameda Cty ACCESS','75087236',NULL,NULL,NULL,0,626,NULL,NULL,NULL,NULL,1,NULL,NULL,NULL,NULL,NULL),
 (654,'PacifiCare HMO',NULL,'20.00',NULL,'050270521',12,627,NULL,NULL,NULL,NULL,1,NULL,NULL,NULL,NULL,NULL),
 (655,'Contra Costa Access',NULL,NULL,NULL,'A245319',0,628,NULL,NULL,NULL,NULL,1,NULL,NULL,NULL,NULL,NULL),
 (656,'PacifiCare HMO',NULL,'0.00',NULL,'050630387',5,629,NULL,NULL,NULL,NULL,1,NULL,NULL,NULL,NULL,NULL),
 (657,'Medi-Cal - Alameda Cty ACCESS','75060782',NULL,NULL,NULL,0,630,NULL,NULL,NULL,NULL,1,NULL,NULL,NULL,NULL,NULL),
 (658,'Medi-Cal - Alameda Cty ACCESS','75121400',NULL,NULL,NULL,0,631,NULL,NULL,NULL,NULL,1,NULL,NULL,NULL,NULL,NULL),
 (659,'Medi-Cal - Alameda Cty ACCESS','75110746',NULL,NULL,NULL,0,632,NULL,NULL,NULL,NULL,1,NULL,NULL,NULL,NULL,NULL),
 (660,'Medi-Cal - Alameda Cty ACCESS','75078529',NULL,NULL,NULL,0,633,NULL,NULL,NULL,NULL,1,NULL,NULL,NULL,NULL,NULL),
 (661,'MHN',NULL,NULL,NULL,NULL,0,634,NULL,NULL,NULL,NULL,1,NULL,NULL,NULL,NULL,NULL),
 (662,'Medi-Cal - Alameda Cty ACCESS','75121262',NULL,NULL,NULL,0,635,NULL,NULL,NULL,NULL,1,NULL,NULL,NULL,NULL,NULL),
 (663,'Medi-Cal - Alameda Cty ACCESS','75121334',NULL,NULL,NULL,0,636,NULL,NULL,NULL,NULL,1,NULL,NULL,NULL,NULL,NULL),
 (664,'Medi-Cal - Alameda Cty ACCESS','75076673',NULL,NULL,NULL,0,637,NULL,NULL,NULL,NULL,1,NULL,NULL,NULL,NULL,NULL),
 (665,'Medi-Cal - Alameda Cty ACCESS','75000397',NULL,NULL,NULL,0,638,NULL,NULL,NULL,NULL,1,NULL,NULL,NULL,NULL,NULL),
 (666,'Medi-Cal - Alameda Cty ACCESS','75074333',NULL,NULL,NULL,0,639,NULL,NULL,NULL,NULL,1,NULL,NULL,NULL,NULL,NULL),
 (667,'Medi-Cal - Alameda Cty ACCESS','75044726',NULL,NULL,NULL,0,640,NULL,NULL,NULL,NULL,1,NULL,NULL,NULL,NULL,NULL),
 (668,'Medi-Cal - Alameda Cty ACCESS','75050834',NULL,NULL,NULL,0,641,NULL,NULL,NULL,NULL,1,NULL,NULL,NULL,NULL,NULL),
 (669,'Medi-Cal - Alameda Cty ACCESS','75121118',NULL,NULL,NULL,0,642,NULL,NULL,NULL,NULL,1,NULL,NULL,NULL,NULL,NULL),
 (670,'Medi-Cal - Alameda Cty ACCESS','75075701',NULL,NULL,NULL,0,643,NULL,NULL,NULL,NULL,1,NULL,NULL,NULL,NULL,NULL),
 (671,'Medi-Cal - Alameda Cty ACCESS','75069390',NULL,NULL,NULL,0,644,NULL,NULL,NULL,NULL,1,NULL,NULL,NULL,NULL,NULL),
 (920,'Medi-Cal - Alameda Cty ACCESS','75106606',NULL,NULL,NULL,0,645,NULL,NULL,NULL,NULL,1,NULL,NULL,NULL,NULL,NULL),
 (673,'Medi-Cal - Alameda Cty ACCESS','75074676',NULL,NULL,NULL,0,646,NULL,NULL,NULL,NULL,1,NULL,NULL,NULL,NULL,NULL),
 (674,'Medi-Cal - Alameda Cty ACCESS','75119770',NULL,NULL,NULL,0,647,NULL,NULL,NULL,NULL,1,NULL,NULL,NULL,NULL,NULL),
 (675,'Medi-Cal - Alameda Cty ACCESS','75034662',NULL,NULL,NULL,0,648,NULL,NULL,NULL,NULL,1,NULL,NULL,NULL,NULL,NULL),
 (676,'PacifiCare HMO',NULL,'10.00',NULL,'050591098',12,649,NULL,NULL,NULL,NULL,1,NULL,NULL,NULL,NULL,NULL),
 (677,'PacifiCare HMO',NULL,'5.00',NULL,'050600793',12,650,NULL,NULL,NULL,NULL,1,NULL,NULL,NULL,NULL,NULL),
 (678,'Medi-Cal - Alameda Cty ACCESS','75030759',NULL,NULL,NULL,0,651,NULL,NULL,NULL,NULL,1,NULL,NULL,NULL,NULL,NULL),
 (679,'PacifiCare HMO',NULL,'5.00',NULL,'050630963',4,652,NULL,NULL,NULL,NULL,1,NULL,NULL,NULL,NULL,NULL),
 (680,'Medi-Cal - Alameda Cty ACCESS','75082523',NULL,NULL,NULL,0,653,NULL,NULL,NULL,NULL,1,NULL,NULL,NULL,NULL,NULL),
 (681,'Medi-Cal - Alameda Cty ACCESS','75093359',NULL,NULL,NULL,0,654,NULL,NULL,NULL,NULL,1,NULL,NULL,NULL,NULL,NULL),
 (1141,'PacifiCare HMO',NULL,'5.00','8009999585','040130176',1,655,NULL,NULL,NULL,NULL,1,NULL,NULL,NULL,NULL,NULL),
 (683,'Medi-Cal - Alameda Cty ACCESS','28662501',NULL,NULL,NULL,0,656,NULL,NULL,NULL,NULL,1,NULL,NULL,NULL,NULL,NULL),
 (684,'Medi-Cal - Alameda Cty ACCESS','75079220',NULL,NULL,NULL,0,657,NULL,NULL,NULL,NULL,1,NULL,NULL,NULL,NULL,NULL),
 (685,'Medi-Cal - Alameda Cty ACCESS','75030733',NULL,NULL,NULL,0,658,NULL,NULL,NULL,NULL,1,NULL,NULL,NULL,NULL,NULL),
 (686,'Medi-Cal - Alameda Cty ACCESS','75053802',NULL,NULL,NULL,0,659,NULL,NULL,NULL,NULL,1,NULL,NULL,NULL,NULL,NULL),
 (687,'Medi-Cal - Alameda Cty ACCESS','75044615',NULL,NULL,NULL,0,660,NULL,NULL,NULL,NULL,1,NULL,NULL,NULL,NULL,NULL),
 (688,'Medi-Cal - Alameda Cty ACCESS','75114563',NULL,NULL,NULL,0,661,NULL,NULL,NULL,NULL,1,NULL,NULL,NULL,NULL,NULL),
 (689,'Medi-Cal - Alameda Cty ACCESS','75057482',NULL,NULL,NULL,0,662,NULL,NULL,NULL,NULL,1,NULL,NULL,NULL,NULL,NULL),
 (690,'Medi-Cal - Alameda Cty ACCESS','75057481',NULL,NULL,NULL,0,663,NULL,NULL,NULL,NULL,1,NULL,NULL,NULL,NULL,NULL),
 (691,'Medi-Cal - Alameda Cty ACCESS','75019502',NULL,NULL,NULL,0,664,NULL,NULL,NULL,NULL,1,NULL,NULL,NULL,NULL,NULL),
 (692,'Medi-Cal - Alameda Cty ACCESS','75050604',NULL,NULL,NULL,0,665,NULL,NULL,NULL,NULL,1,NULL,NULL,NULL,NULL,NULL),
 (693,'Medi-Cal - Alameda Cty ACCESS','75016303',NULL,NULL,NULL,0,666,NULL,NULL,NULL,NULL,1,NULL,NULL,NULL,NULL,NULL),
 (694,'Medi-Cal - Alameda Cty ACCESS','75121453',NULL,NULL,NULL,0,667,NULL,NULL,NULL,NULL,1,NULL,NULL,NULL,NULL,NULL),
 (695,'Medi-Cal - Alameda Cty ACCESS','75121381',NULL,NULL,NULL,0,668,NULL,NULL,NULL,NULL,1,NULL,NULL,NULL,NULL,NULL),
 (696,'MHN',NULL,NULL,NULL,NULL,0,669,NULL,NULL,NULL,NULL,1,NULL,NULL,NULL,NULL,NULL),
 (697,'PacifiCare HMO',NULL,'20.00',NULL,'050660652',4,670,NULL,NULL,NULL,NULL,1,NULL,NULL,NULL,NULL,NULL),
 (698,'Medi-Cal - Alameda Cty ACCESS','75121366',NULL,NULL,NULL,0,671,NULL,NULL,NULL,NULL,1,NULL,NULL,NULL,NULL,NULL),
 (1733,'Medi-Cal - Alameda Cty ACCESS',NULL,'0.00',NULL,NULL,0,672,NULL,NULL,NULL,NULL,1,NULL,NULL,NULL,NULL,NULL),
 (700,'Medi-Cal - Alameda Cty ACCESS','28529601',NULL,NULL,NULL,0,673,NULL,NULL,NULL,NULL,1,NULL,NULL,NULL,NULL,NULL),
 (702,'Contra Costa Access',NULL,NULL,NULL,'A245690',0,674,NULL,NULL,NULL,NULL,1,NULL,NULL,NULL,NULL,NULL),
 (703,'PacifiCare HMO',NULL,NULL,NULL,NULL,0,675,NULL,NULL,NULL,NULL,1,NULL,NULL,NULL,NULL,NULL),
 (704,'Medi-Cal - Alameda Cty ACCESS','75099572',NULL,NULL,NULL,0,676,NULL,NULL,NULL,NULL,1,NULL,NULL,NULL,NULL,NULL),
 (705,'Medi-Cal - Alameda Cty ACCESS','75116997',NULL,NULL,NULL,0,677,NULL,NULL,NULL,NULL,1,NULL,NULL,NULL,NULL,NULL),
 (706,'Medi-Cal - Alameda Cty ACCESS','75084554',NULL,NULL,NULL,0,678,NULL,NULL,NULL,NULL,1,NULL,NULL,NULL,NULL,NULL),
 (707,'Medi-Cal - Alameda Cty ACCESS','75068908',NULL,NULL,NULL,0,679,NULL,NULL,NULL,NULL,1,NULL,NULL,NULL,NULL,NULL),
 (708,'Medi-Cal - Alameda Cty ACCESS','75118164',NULL,NULL,NULL,0,680,NULL,NULL,NULL,NULL,1,NULL,NULL,NULL,NULL,NULL),
 (709,'Medi-Cal - Alameda Cty ACCESS','75121509',NULL,NULL,NULL,0,681,NULL,NULL,NULL,NULL,1,NULL,NULL,NULL,NULL,NULL),
 (710,'PacifiCare HMO',NULL,NULL,'8009999585','050670520',12,682,NULL,NULL,NULL,NULL,1,NULL,NULL,NULL,NULL,NULL),
 (711,'PacifiCare HMO',NULL,'10.00','8009999585','050670578',4,683,NULL,NULL,NULL,NULL,1,NULL,NULL,NULL,NULL,NULL),
 (1730,'PacifiCare HMO',NULL,'10.00','8009999585','051680507',4,684,NULL,NULL,NULL,NULL,1,NULL,NULL,NULL,NULL,NULL),
 (713,'PacifiCare HMO',NULL,'10.00','8009999585','050670723',4,685,NULL,NULL,NULL,NULL,1,NULL,NULL,NULL,NULL,NULL),
 (714,'Medi-Cal - Alameda Cty ACCESS','75121520',NULL,NULL,NULL,0,686,NULL,NULL,NULL,NULL,1,NULL,NULL,NULL,NULL,NULL),
 (715,'Medi-Cal - Alameda Cty ACCESS','60203701',NULL,NULL,NULL,0,687,NULL,NULL,NULL,NULL,1,NULL,NULL,NULL,NULL,NULL),
 (716,'Medi-Cal - Alameda Cty ACCESS','75079535',NULL,NULL,NULL,0,688,NULL,NULL,NULL,NULL,1,NULL,NULL,NULL,NULL,NULL),
 (717,'Medi-Cal - Alameda Cty ACCESS','75067304',NULL,NULL,NULL,0,689,NULL,NULL,NULL,NULL,1,NULL,NULL,NULL,NULL,NULL),
 (718,'Medi-Cal - Alameda Cty ACCESS','75114404',NULL,NULL,NULL,0,690,NULL,NULL,NULL,NULL,1,NULL,NULL,NULL,NULL,NULL),
 (719,'Medi-Cal - Alameda Cty ACCESS','75121516',NULL,NULL,NULL,0,691,NULL,NULL,NULL,NULL,1,NULL,NULL,NULL,NULL,NULL),
 (1180,'Medi-Cal - Alameda Cty ACCESS','75048386',NULL,NULL,NULL,0,692,NULL,NULL,NULL,NULL,1,NULL,NULL,NULL,NULL,NULL),
 (721,'Medi-Cal - Alameda Cty ACCESS','75121522',NULL,NULL,NULL,0,693,NULL,NULL,NULL,NULL,1,NULL,NULL,NULL,NULL,NULL),
 (722,'Medi-Cal - Alameda Cty ACCESS','75086023',NULL,NULL,NULL,0,694,NULL,NULL,NULL,NULL,1,NULL,NULL,NULL,NULL,NULL),
 (723,'Medi-Cal - Alameda Cty ACCESS','75057145',NULL,NULL,NULL,0,695,NULL,NULL,NULL,NULL,1,NULL,NULL,NULL,NULL,NULL),
 (724,'Medi-Cal - Alameda Cty ACCESS','63768601',NULL,NULL,NULL,0,696,NULL,NULL,NULL,NULL,1,NULL,NULL,NULL,NULL,NULL),
 (725,'Medi-Cal - Alameda Cty ACCESS','75121394',NULL,NULL,NULL,0,697,NULL,NULL,NULL,NULL,1,NULL,NULL,NULL,NULL,NULL),
 (726,'PacifiCare HMO',NULL,'10.00','8009999585','050671296',0,698,NULL,NULL,NULL,NULL,1,NULL,NULL,NULL,NULL,NULL),
 (727,'CHIPA - Magellan','W114639307',NULL,'8888023862',NULL,0,699,NULL,NULL,NULL,NULL,1,NULL,NULL,NULL,NULL,NULL),
 (728,'PacifiCare HMO',NULL,'15.00','8009999585','050611139',0,700,NULL,NULL,NULL,NULL,1,NULL,NULL,NULL,NULL,NULL),
 (729,'Private Pay',NULL,'200.00',NULL,NULL,0,701,NULL,NULL,NULL,NULL,1,NULL,NULL,NULL,NULL,NULL),
 (730,'MHN','R01368164','10.00','8884260030','01785626',0,702,NULL,NULL,NULL,NULL,1,NULL,NULL,NULL,NULL,NULL),
 (731,'Medi-Cal - Alameda Cty ACCESS','75101252',NULL,NULL,NULL,0,703,NULL,NULL,NULL,NULL,1,NULL,NULL,NULL,NULL,NULL),
 (1594,'PacifiCare HMO',NULL,'15.00',NULL,NULL,0,704,NULL,NULL,NULL,NULL,1,NULL,NULL,NULL,NULL,NULL),
 (734,'Private Pay',NULL,'247.00',NULL,NULL,0,705,NULL,NULL,NULL,NULL,1,NULL,NULL,NULL,NULL,NULL),
 (735,'PacifiCare HMO',NULL,NULL,NULL,'050670398',0,706,NULL,NULL,NULL,NULL,1,NULL,NULL,NULL,NULL,NULL),
 (736,'MHN','R02855615','15.00','8006417761',NULL,0,707,NULL,NULL,NULL,NULL,1,NULL,NULL,NULL,NULL,NULL),
 (737,'PacifiCare HMO',NULL,'5.00',NULL,'050191155',4,708,NULL,NULL,NULL,NULL,1,NULL,NULL,NULL,NULL,NULL),
 (739,'Contra Costa Access',NULL,NULL,NULL,'A246081',0,709,NULL,NULL,NULL,NULL,1,NULL,NULL,NULL,NULL,NULL),
 (740,'PacifiCare HMO',NULL,'0.00',NULL,'050690154',4,710,NULL,NULL,NULL,NULL,1,NULL,NULL,NULL,NULL,NULL),
 (741,'PacifiCare HMO',NULL,'10.00',NULL,'050690552',0,711,NULL,NULL,NULL,NULL,1,NULL,NULL,NULL,NULL,NULL),
 (742,'CHIPA - Magellan','BBLOZRHA','25.00','8007793825','170498-01-01',12,712,NULL,NULL,NULL,NULL,1,NULL,NULL,NULL,NULL,NULL),
 (743,'PacifiCare HMO',NULL,'30.00',NULL,'050541161',4,713,NULL,NULL,NULL,NULL,1,NULL,NULL,NULL,NULL,NULL),
 (744,'Contra Costa Access',NULL,NULL,NULL,'A243799',0,714,NULL,NULL,NULL,NULL,1,NULL,NULL,NULL,NULL,NULL),
 (915,'Medi-Cal - Alameda Cty ACCESS','75100957',NULL,NULL,NULL,0,715,NULL,NULL,NULL,NULL,1,NULL,NULL,NULL,NULL,NULL),
 (746,'Medi-Cal - Alameda Cty ACCESS','75051229',NULL,NULL,NULL,0,716,NULL,NULL,NULL,NULL,1,NULL,NULL,NULL,NULL,NULL),
 (747,'Medi-Cal - Alameda Cty ACCESS','75120355',NULL,NULL,NULL,0,717,NULL,NULL,NULL,NULL,1,NULL,NULL,NULL,NULL,NULL),
 (814,'MHN','R02071646','10.00','8889355966',NULL,0,718,NULL,NULL,NULL,NULL,1,NULL,NULL,NULL,NULL,NULL),
 (749,'PacifiCare HMO',NULL,'10.00',NULL,'050531284',12,719,NULL,NULL,NULL,NULL,1,NULL,NULL,NULL,NULL,NULL),
 (750,'Medi-Cal - Alameda Cty ACCESS','75121579',NULL,NULL,NULL,0,720,NULL,NULL,NULL,NULL,1,NULL,NULL,NULL,NULL,NULL),
 (751,'Medi-Cal - Alameda Cty ACCESS','75056841',NULL,NULL,NULL,0,721,NULL,NULL,NULL,NULL,1,NULL,NULL,NULL,NULL,NULL),
 (752,'Medi-Cal - Alameda Cty ACCESS','75002371',NULL,NULL,NULL,0,722,NULL,NULL,NULL,NULL,1,NULL,NULL,NULL,NULL,NULL),
 (753,'Medi-Cal - Alameda Cty ACCESS','75032824',NULL,NULL,NULL,0,723,NULL,NULL,NULL,NULL,1,NULL,NULL,NULL,NULL,NULL),
 (754,'PacifiCare HMO',NULL,'0.00',NULL,'050770949',3,724,NULL,NULL,NULL,NULL,1,NULL,NULL,NULL,NULL,NULL),
 (755,'Medi-Cal - Alameda Cty ACCESS','75069809',NULL,NULL,NULL,0,725,NULL,NULL,NULL,NULL,1,NULL,NULL,NULL,NULL,NULL),
 (756,'Medi-Cal - Alameda Cty ACCESS','75121450',NULL,NULL,NULL,0,726,NULL,NULL,NULL,NULL,1,NULL,NULL,NULL,NULL,NULL),
 (757,'Medi-Cal - Alameda Cty ACCESS','75121580',NULL,NULL,NULL,0,727,NULL,NULL,NULL,NULL,1,NULL,NULL,NULL,NULL,NULL),
 (758,'Medi-Cal - Alameda Cty ACCESS','75060727',NULL,NULL,NULL,0,728,NULL,NULL,NULL,NULL,1,NULL,NULL,NULL,NULL,NULL),
 (759,'Medi-Cal - Alameda Cty ACCESS','75104137',NULL,NULL,NULL,0,729,NULL,NULL,NULL,NULL,1,NULL,NULL,NULL,NULL,NULL),
 (760,'Medi-Cal - Alameda Cty ACCESS','75106167',NULL,NULL,NULL,0,730,NULL,NULL,NULL,NULL,1,NULL,NULL,NULL,NULL,NULL),
 (761,'Medi-Cal - Alameda Cty ACCESS','75104239',NULL,NULL,NULL,0,731,NULL,NULL,NULL,NULL,1,NULL,NULL,NULL,NULL,NULL),
 (762,'Medi-Cal - Alameda Cty ACCESS','75039926',NULL,NULL,NULL,0,732,NULL,NULL,NULL,NULL,1,NULL,NULL,NULL,NULL,NULL),
 (763,'Medi-Cal - Alameda Cty ACCESS','75087971',NULL,NULL,NULL,0,733,NULL,NULL,NULL,NULL,1,NULL,NULL,NULL,NULL,NULL),
 (764,'Medi-Cal - Alameda Cty ACCESS','75082444',NULL,NULL,NULL,0,734,NULL,NULL,NULL,NULL,1,NULL,NULL,NULL,NULL,NULL),
 (765,'Medi-Cal - Alameda Cty ACCESS','75121640',NULL,NULL,NULL,0,735,NULL,NULL,NULL,NULL,1,NULL,NULL,NULL,NULL,NULL),
 (766,'Medi-Cal - Alameda Cty ACCESS','75121578',NULL,NULL,NULL,0,736,NULL,NULL,NULL,NULL,1,NULL,NULL,NULL,NULL,NULL),
 (767,'MHN','R00281803','30.00','8007306191','Kit # 01787082',10,737,NULL,NULL,NULL,NULL,1,NULL,NULL,NULL,NULL,NULL),
 (768,'PacifiCare HMO',NULL,'0.00',NULL,'050661107',4,738,NULL,NULL,NULL,NULL,1,NULL,NULL,NULL,NULL,NULL),
 (769,'Medi-Cal - Alameda Cty ACCESS','75065331',NULL,NULL,NULL,0,739,NULL,NULL,NULL,NULL,1,NULL,NULL,NULL,NULL,NULL),
 (770,'PacifiCare HMO',NULL,'0.00',NULL,'050680939',3,740,NULL,NULL,NULL,NULL,1,NULL,NULL,NULL,NULL,NULL),
 (771,'PacifiCare HMO',NULL,'5.00',NULL,'050600372',4,741,NULL,NULL,NULL,NULL,1,NULL,NULL,NULL,NULL,NULL),
 (772,'Medi-Cal - Alameda Cty ACCESS','51952001',NULL,NULL,NULL,0,742,NULL,NULL,NULL,NULL,1,NULL,NULL,NULL,NULL,NULL),
 (773,'Contra Costa Access',NULL,NULL,NULL,'A221444',0,743,NULL,NULL,NULL,NULL,1,NULL,NULL,NULL,NULL,NULL),
 (774,'Medi-Cal - Alameda Cty ACCESS','75114417',NULL,NULL,NULL,0,744,NULL,NULL,NULL,NULL,1,NULL,NULL,NULL,NULL,NULL),
 (775,'Medi-Cal - Alameda Cty ACCESS','75054785',NULL,NULL,NULL,0,745,NULL,NULL,NULL,NULL,1,NULL,NULL,NULL,NULL,NULL),
 (776,'Medi-Cal - Alameda Cty ACCESS','75120984',NULL,NULL,NULL,0,746,NULL,NULL,NULL,NULL,1,NULL,NULL,NULL,NULL,NULL),
 (777,'Medi-Cal - Alameda Cty ACCESS','75121652',NULL,NULL,NULL,0,747,NULL,NULL,NULL,NULL,1,NULL,NULL,NULL,NULL,NULL),
 (778,'Medi-Cal - Alameda Cty ACCESS',NULL,'10.00',NULL,'050730430',4,748,NULL,NULL,NULL,NULL,1,NULL,NULL,NULL,NULL,NULL),
 (779,'Medi-Cal - Alameda Cty ACCESS','75114761',NULL,NULL,NULL,0,749,NULL,NULL,NULL,NULL,1,NULL,NULL,NULL,NULL,NULL),
 (780,'Medi-Cal - Alameda Cty ACCESS','75070387',NULL,NULL,NULL,0,750,NULL,NULL,NULL,NULL,1,NULL,NULL,NULL,NULL,NULL),
 (781,'Medi-Cal - Alameda Cty ACCESS','75045854',NULL,NULL,NULL,0,751,NULL,NULL,NULL,NULL,1,NULL,NULL,NULL,NULL,NULL),
 (782,'Medi-Cal - Alameda Cty ACCESS','75072811',NULL,NULL,NULL,0,752,NULL,NULL,NULL,NULL,1,NULL,NULL,NULL,NULL,NULL),
 (783,'Private Pay',NULL,'247.00',NULL,NULL,0,753,NULL,NULL,NULL,NULL,1,NULL,NULL,NULL,NULL,NULL),
 (784,'PacifiCare HMO',NULL,'0.00',NULL,'050270478',5,754,NULL,NULL,NULL,NULL,1,NULL,NULL,NULL,NULL,NULL),
 (785,'Medi-Cal - Alameda Cty ACCESS','75077241',NULL,NULL,NULL,0,755,NULL,NULL,NULL,NULL,1,NULL,NULL,NULL,NULL,NULL),
 (786,'PacifiCare HMO',NULL,'10.00',NULL,'050730566',4,756,NULL,NULL,NULL,NULL,1,NULL,NULL,NULL,NULL,NULL),
 (787,'Medi-Cal - Alameda Cty ACCESS','75121650',NULL,NULL,NULL,0,757,NULL,NULL,NULL,NULL,1,NULL,NULL,NULL,NULL,NULL),
 (788,'Medi-Cal - Alameda Cty ACCESS','75121521',NULL,NULL,NULL,0,758,NULL,NULL,NULL,NULL,1,NULL,NULL,NULL,NULL,NULL),
 (1056,'Medi-Cal - Alameda Cty ACCESS','75118580',NULL,NULL,NULL,0,759,NULL,NULL,NULL,NULL,1,NULL,NULL,NULL,NULL,NULL),
 (791,'Contra Costa Access',NULL,NULL,NULL,'A232971',0,760,NULL,NULL,NULL,NULL,1,NULL,NULL,NULL,NULL,NULL),
 (797,'PacifiCare HMO',NULL,'25.00','8009999585','0501011759',12,761,NULL,NULL,NULL,NULL,1,NULL,NULL,NULL,NULL,NULL),
 (798,'CHIPA - Magellan','W088583002',NULL,'8888023862',NULL,0,762,NULL,NULL,NULL,NULL,1,NULL,NULL,NULL,NULL,NULL),
 (799,'PacifiCare HMO',NULL,'5.00','8009999585','050740149',12,763,NULL,NULL,NULL,NULL,1,NULL,NULL,NULL,NULL,NULL),
 (800,'PacifiCare HMO',NULL,'20.00','8009999585','050740183',12,764,NULL,NULL,NULL,NULL,1,NULL,NULL,NULL,NULL,NULL),
 (801,'PacifiCare HMO',NULL,'20.00','8009999585','050740436',4,765,NULL,NULL,NULL,NULL,1,NULL,NULL,NULL,NULL,NULL),
 (802,'Contra Costa Access',NULL,NULL,NULL,'A235273',0,766,NULL,NULL,NULL,NULL,1,NULL,NULL,NULL,NULL,NULL),
 (803,'CHIPA - Magellan',NULL,NULL,NULL,'170800-02-02',0,767,NULL,NULL,NULL,NULL,1,NULL,NULL,NULL,NULL,NULL),
 (804,'Medi-Cal - Alameda Cty ACCESS','75109800',NULL,NULL,NULL,0,768,NULL,NULL,NULL,NULL,1,NULL,NULL,NULL,NULL,NULL),
 (806,'Medi-Cal - Alameda Cty ACCESS','75082767',NULL,NULL,NULL,0,769,NULL,NULL,NULL,NULL,1,NULL,NULL,NULL,NULL,NULL),
 (807,'Medi-Cal - Alameda Cty ACCESS','75121784',NULL,NULL,NULL,0,770,NULL,NULL,NULL,NULL,1,NULL,NULL,NULL,NULL,NULL),
 (808,'PacifiCare HMO',NULL,'10.00','8009999585','050750314',4,771,NULL,NULL,NULL,NULL,1,NULL,NULL,NULL,NULL,NULL),
 (809,'Medi-Cal - Alameda Cty ACCESS','75048751',NULL,NULL,NULL,0,772,NULL,NULL,NULL,NULL,1,NULL,NULL,NULL,NULL,NULL),
 (810,'Medi-Cal - Alameda Cty ACCESS','75081273',NULL,NULL,NULL,0,773,NULL,NULL,NULL,NULL,1,NULL,NULL,NULL,NULL,NULL),
 (811,'Medi-Cal - Alameda Cty ACCESS','75044747',NULL,NULL,NULL,0,774,NULL,NULL,NULL,NULL,1,NULL,NULL,NULL,NULL,NULL),
 (812,'PacifiCare HMO',NULL,'5.00','8009999585','050750972',0,775,NULL,NULL,NULL,NULL,1,NULL,NULL,NULL,NULL,NULL),
 (813,'PacifiCare HMO',NULL,NULL,NULL,'050760109',0,776,NULL,NULL,NULL,NULL,1,NULL,NULL,NULL,NULL,NULL),
 (815,'PacifiCare HMO',NULL,NULL,NULL,NULL,0,777,NULL,NULL,NULL,NULL,1,NULL,NULL,NULL,NULL,NULL),
 (816,'PacifiCare PPO',NULL,'10.00',NULL,'050751026',12,778,NULL,NULL,NULL,NULL,1,NULL,NULL,NULL,NULL,NULL),
 (817,'PacifiCare HMO',NULL,'10.00',NULL,'050750974',4,779,NULL,NULL,NULL,NULL,1,NULL,NULL,NULL,NULL,NULL),
 (818,'PacifiCare HMO',NULL,'5.00',NULL,'050751054',12,780,NULL,NULL,NULL,NULL,1,NULL,NULL,NULL,NULL,NULL),
 (819,'PacifiCare HMO',NULL,'5.00',NULL,'050760247',12,781,NULL,NULL,NULL,NULL,1,NULL,NULL,NULL,NULL,NULL),
 (820,'PacifiCare HMO',NULL,'5.00',NULL,'050751038',12,782,NULL,NULL,NULL,NULL,1,NULL,NULL,NULL,NULL,NULL),
 (821,'Contra Costa Access',NULL,NULL,NULL,'A246716',0,783,NULL,NULL,NULL,NULL,1,NULL,NULL,NULL,NULL,NULL),
 (822,'Medi-Cal - Alameda Cty ACCESS','51961101',NULL,NULL,NULL,0,784,NULL,NULL,NULL,NULL,1,NULL,NULL,NULL,NULL,NULL),
 (823,'PacifiCare HMO',NULL,'5.00',NULL,'050760766',4,785,NULL,NULL,NULL,NULL,1,NULL,NULL,NULL,NULL,NULL),
 (824,'Medi-Cal - Alameda Cty ACCESS','75114535',NULL,NULL,NULL,0,786,NULL,NULL,NULL,NULL,1,NULL,NULL,NULL,NULL,NULL),
 (825,'Medi-Cal - Alameda Cty ACCESS','75121727',NULL,NULL,NULL,0,787,NULL,NULL,NULL,NULL,1,NULL,NULL,NULL,NULL,NULL),
 (826,'Medi-Cal - Alameda Cty ACCESS','75109497',NULL,NULL,NULL,0,788,NULL,NULL,NULL,NULL,1,NULL,NULL,NULL,NULL,NULL),
 (828,'Medi-Cal - Alameda Cty ACCESS','75112386',NULL,NULL,NULL,0,789,NULL,NULL,NULL,NULL,1,NULL,NULL,NULL,NULL,NULL),
 (1451,'Medi-Cal - Alameda Cty ACCESS','75060872',NULL,'8004909099',NULL,0,790,NULL,NULL,NULL,NULL,1,NULL,NULL,NULL,NULL,NULL),
 (830,'Medi-Cal - Alameda Cty ACCESS','75121826',NULL,'8004919099',NULL,0,791,NULL,NULL,NULL,NULL,1,NULL,NULL,NULL,NULL,NULL),
 (831,'Medi-Cal - Alameda Cty ACCESS','75073910',NULL,'8004919099',NULL,0,792,NULL,NULL,NULL,NULL,1,NULL,NULL,NULL,NULL,NULL),
 (832,'Medi-Cal - Alameda Cty ACCESS','75021172','0.00','8004919099',NULL,0,793,NULL,NULL,NULL,NULL,1,NULL,NULL,NULL,NULL,NULL),
 (833,'PacifiCare HMO',NULL,NULL,NULL,'BF35633',0,794,NULL,NULL,NULL,NULL,1,NULL,NULL,NULL,NULL,NULL),
 (834,'MHN','R00402197','30.00',NULL,NULL,0,795,NULL,NULL,NULL,NULL,1,NULL,NULL,NULL,NULL,NULL),
 (835,'PacifiCare HMO',NULL,'10.00',NULL,'050760810',12,796,NULL,NULL,NULL,NULL,1,NULL,NULL,NULL,NULL,NULL),
 (836,'PacifiCare HMO',NULL,'5.00',NULL,'042920210',12,797,NULL,NULL,NULL,NULL,1,NULL,NULL,NULL,NULL,NULL),
 (837,'PacifiCare HMO',NULL,'20.00',NULL,'050770061',16,798,NULL,NULL,NULL,NULL,1,NULL,NULL,NULL,NULL,NULL),
 (838,'MHN','R04634165','40.00',NULL,NULL,0,799,NULL,NULL,NULL,NULL,1,NULL,NULL,NULL,NULL,NULL),
 (839,'Medi-Cal - Alameda Cty ACCESS','75074615',NULL,NULL,NULL,0,800,NULL,NULL,NULL,NULL,1,NULL,NULL,NULL,NULL,NULL),
 (840,'Contra Costa Access',NULL,NULL,NULL,'A246706',0,801,NULL,NULL,NULL,NULL,1,NULL,NULL,NULL,NULL,NULL),
 (841,'PacifiCare HMO',NULL,'5.00',NULL,'050760686',12,802,NULL,NULL,NULL,NULL,1,NULL,NULL,NULL,NULL,NULL),
 (1480,'Medi-Cal - Alameda Cty ACCESS','75123665',NULL,'8004909099',NULL,0,803,NULL,NULL,NULL,NULL,1,NULL,NULL,NULL,NULL,NULL),
 (843,'Medi-Cal - Alameda Cty ACCESS','75032738',NULL,NULL,NULL,0,804,NULL,NULL,NULL,NULL,1,NULL,NULL,NULL,NULL,NULL),
 (845,'Medi-Cal - Alameda Cty ACCESS','75121799',NULL,NULL,NULL,0,805,NULL,NULL,NULL,NULL,1,NULL,NULL,NULL,NULL,NULL),
 (1592,'Medi-Cal - Alameda Cty ACCESS',NULL,'0.00',NULL,NULL,0,806,NULL,NULL,NULL,NULL,1,NULL,NULL,NULL,NULL,NULL),
 (847,'Medi-Cal - Alameda Cty ACCESS','75079895',NULL,NULL,NULL,0,807,NULL,NULL,NULL,NULL,1,NULL,NULL,NULL,NULL,NULL),
 (848,'Medi-Cal - Alameda Cty ACCESS','46023801',NULL,NULL,NULL,0,808,NULL,NULL,NULL,NULL,1,NULL,NULL,NULL,NULL,NULL),
 (849,'Medi-Cal - Alameda Cty ACCESS','75032814',NULL,NULL,NULL,0,809,NULL,NULL,NULL,NULL,1,NULL,NULL,NULL,NULL,NULL),
 (850,'Medi-Cal - Alameda Cty ACCESS','75059968',NULL,NULL,NULL,0,810,NULL,NULL,NULL,NULL,1,NULL,NULL,NULL,NULL,NULL),
 (851,'Medi-Cal - Alameda Cty ACCESS','75055438',NULL,NULL,NULL,0,811,NULL,NULL,NULL,NULL,1,NULL,NULL,NULL,NULL,NULL),
 (852,'PacifiCare HMO',NULL,NULL,NULL,NULL,0,812,NULL,NULL,NULL,NULL,1,NULL,NULL,NULL,NULL,NULL),
 (853,'Medi-Cal - Alameda Cty ACCESS','75101002',NULL,NULL,NULL,0,813,NULL,NULL,NULL,NULL,1,NULL,NULL,NULL,NULL,NULL),
 (855,'PacifiCare HMO',NULL,'10.00',NULL,'050670609',4,814,NULL,NULL,NULL,NULL,1,NULL,NULL,NULL,NULL,NULL),
 (856,'Medi-Cal - Alameda Cty ACCESS','75054687','0.00','8004919099',NULL,0,815,NULL,NULL,NULL,NULL,1,NULL,NULL,NULL,NULL,NULL),
 (857,'Medi-Cal - Alameda Cty ACCESS','75087134','0.00','8004919099',NULL,0,816,NULL,NULL,NULL,NULL,1,NULL,NULL,NULL,NULL,NULL),
 (910,'PacifiCare HMO',NULL,'5.00',NULL,'050820945',4,817,NULL,NULL,NULL,NULL,1,NULL,NULL,NULL,NULL,NULL),
 (859,'Medi-Cal - Alameda Cty ACCESS','75112392',NULL,NULL,NULL,0,818,NULL,NULL,NULL,NULL,1,NULL,NULL,NULL,NULL,NULL),
 (911,'PacifiCare HMO',NULL,'30.00',NULL,'050820405',4,819,NULL,NULL,NULL,NULL,1,NULL,NULL,NULL,NULL,NULL),
 (2805,'PacifiCare HMO',NULL,'30.00','8009999585','052100450',4,820,NULL,NULL,NULL,NULL,1,NULL,NULL,NULL,NULL,NULL),
 (863,'Medi-Cal - Alameda Cty ACCESS','75109327',NULL,NULL,NULL,0,821,NULL,NULL,NULL,NULL,1,NULL,NULL,NULL,NULL,NULL),
 (864,'Medi-Cal - Alameda Cty ACCESS','75121282',NULL,NULL,NULL,0,822,NULL,NULL,NULL,NULL,1,NULL,NULL,NULL,NULL,NULL),
 (865,'Medi-Cal - Alameda Cty ACCESS','75027026',NULL,NULL,NULL,0,823,NULL,NULL,NULL,NULL,1,NULL,NULL,NULL,NULL,NULL),
 (866,'Medi-Cal - Alameda Cty ACCESS','750550006',NULL,NULL,NULL,0,824,NULL,NULL,NULL,NULL,1,NULL,NULL,NULL,NULL,NULL),
 (867,'Medi-Cal - Alameda Cty ACCESS','75106600',NULL,NULL,NULL,0,825,NULL,NULL,NULL,NULL,1,NULL,NULL,NULL,NULL,NULL),
 (868,'Medi-Cal - Alameda Cty ACCESS','75120570',NULL,NULL,NULL,0,826,NULL,NULL,NULL,NULL,1,NULL,NULL,NULL,NULL,NULL),
 (869,'Medi-Cal - Alameda Cty ACCESS','75115668',NULL,NULL,NULL,0,827,NULL,NULL,NULL,NULL,1,NULL,NULL,NULL,NULL,NULL),
 (870,'MHN','R00569528',NULL,'8884260030','02170361A',0,828,NULL,NULL,NULL,NULL,1,NULL,NULL,NULL,NULL,NULL),
 (871,'PacifiCare HMO',NULL,'4.00','8009999585','050450859',4,829,NULL,NULL,NULL,NULL,1,NULL,NULL,NULL,NULL,NULL),
 (912,'UBH','566540134','0.00',NULL,NULL,0,830,NULL,NULL,NULL,NULL,1,NULL,NULL,NULL,NULL,NULL),
 (874,'Medi-Cal - Alameda Cty ACCESS','75068455','0.00','8004919099',NULL,0,831,NULL,NULL,NULL,NULL,1,NULL,NULL,NULL,NULL,NULL),
 (875,'Medi-Cal - Alameda Cty ACCESS','75122040','0.00',NULL,NULL,0,832,NULL,NULL,NULL,NULL,1,NULL,NULL,NULL,NULL,NULL),
 (876,'Medi-Cal - Alameda Cty ACCESS','75060157','0.00','8004919099',NULL,0,833,NULL,NULL,NULL,NULL,1,NULL,NULL,NULL,NULL,NULL),
 (877,'PacifiCare HMO','050820945','5.00','8009999585','050820945',4,834,NULL,NULL,NULL,NULL,1,NULL,NULL,NULL,NULL,NULL),
 (878,'Medi-Cal - Alameda Cty ACCESS','75114356','0.00','8004919099',NULL,0,835,NULL,NULL,NULL,NULL,1,NULL,NULL,NULL,NULL,NULL),
 (879,'Medi-Cal - Alameda Cty ACCESS','75116416','0.00','8004919099',NULL,0,836,NULL,NULL,NULL,NULL,1,NULL,NULL,NULL,NULL,NULL),
 (880,'Medi-Cal - Alameda Cty ACCESS','75121835','0.00','8004919099',NULL,0,837,NULL,NULL,NULL,NULL,1,NULL,NULL,NULL,NULL,NULL),
 (881,'Medi-Cal - Alameda Cty ACCESS','75100235','0.00','8004919099',NULL,0,838,NULL,NULL,NULL,NULL,1,NULL,NULL,NULL,NULL,NULL),
 (882,'Medi-Cal - Alameda Cty ACCESS','75070749','0.00','8004919099',NULL,0,839,NULL,NULL,NULL,NULL,1,NULL,NULL,NULL,NULL,NULL),
 (883,'Medi-Cal - Alameda Cty ACCESS','75106106','0.00','8004919099',NULL,0,840,NULL,NULL,NULL,NULL,1,NULL,NULL,NULL,NULL,NULL),
 (884,'Medi-Cal - Alameda Cty ACCESS','75032814','0.00','8004919099',NULL,0,841,NULL,NULL,NULL,NULL,1,NULL,NULL,NULL,NULL,NULL),
 (885,'Medi-Cal - Alameda Cty ACCESS','75112675','0.00',NULL,NULL,0,842,NULL,NULL,NULL,NULL,1,NULL,NULL,NULL,NULL,NULL),
 (886,'Medi-Cal - Alameda Cty ACCESS','75073434','0.00','8004919099',NULL,0,843,NULL,NULL,NULL,NULL,1,NULL,NULL,NULL,NULL,NULL),
 (887,'Medi-Cal - Alameda Cty ACCESS',NULL,NULL,NULL,NULL,0,844,NULL,NULL,NULL,NULL,1,NULL,NULL,NULL,NULL,NULL),
 (1016,'PacifiCare HMO',NULL,NULL,'8009999585','050960349',3,845,NULL,NULL,NULL,NULL,1,NULL,NULL,NULL,NULL,NULL),
 (889,'PacifiCare HMO','050281014',NULL,NULL,NULL,0,846,NULL,NULL,NULL,NULL,1,NULL,NULL,NULL,NULL,NULL),
 (890,'Medi-Cal - Alameda Cty ACCESS','75053572','0.00','8004919099',NULL,0,847,NULL,NULL,NULL,NULL,1,NULL,NULL,NULL,NULL,NULL),
 (2649,'Medi-Cal - Alameda Cty ACCESS',NULL,'0.00',NULL,NULL,0,848,NULL,NULL,NULL,NULL,1,NULL,NULL,NULL,NULL,NULL),
 (892,'Medi-Cal - Alameda Cty ACCESS','no PSP number on referral',NULL,'8004919099',NULL,0,849,NULL,NULL,NULL,NULL,1,NULL,NULL,NULL,NULL,NULL),
 (893,'Medi-Cal - Alameda Cty ACCESS','36592401',NULL,NULL,NULL,0,850,NULL,NULL,NULL,NULL,1,NULL,NULL,NULL,NULL,NULL),
 (894,'PacifiCare HMO',NULL,NULL,NULL,NULL,0,851,NULL,NULL,NULL,NULL,1,NULL,NULL,NULL,NULL,NULL),
 (914,'PacifiCare HMO','050751080','10.00',NULL,NULL,4,852,NULL,NULL,NULL,NULL,1,NULL,NULL,NULL,NULL,NULL),
 (896,'Medi-Cal - Alameda Cty ACCESS','75020068',NULL,'8004919099',NULL,0,853,NULL,NULL,NULL,NULL,1,NULL,NULL,NULL,NULL,NULL),
 (897,'PacifiCare HMO',NULL,'30.00','8009999585','050801055',4,854,NULL,NULL,NULL,NULL,1,NULL,NULL,NULL,NULL,NULL),
 (898,'PacifiCare HMO',NULL,'15.00',NULL,'050800616',4,855,NULL,NULL,NULL,NULL,1,NULL,NULL,NULL,NULL,NULL),
 (899,'PacifiCare HMO','0508000810','30.00','8009999585',NULL,4,856,NULL,NULL,NULL,NULL,1,NULL,NULL,NULL,NULL,NULL),
 (900,'PacifiCare HMO','05075707','5.00','8009999585','05075707',12,857,NULL,NULL,NULL,NULL,1,NULL,NULL,NULL,NULL,NULL),
 (901,'Medi-Cal - Alameda Cty ACCESS','75121997','0.00','8004919099',NULL,0,858,NULL,NULL,NULL,NULL,1,NULL,NULL,NULL,NULL,NULL),
 (902,'Medi-Cal - Alameda Cty ACCESS','75111107',NULL,'8004919099',NULL,0,859,NULL,NULL,NULL,NULL,1,NULL,NULL,NULL,NULL,NULL),
 (903,'PacifiCare HMO',NULL,'10.00',NULL,'050611236',12,860,NULL,NULL,NULL,NULL,1,NULL,NULL,NULL,NULL,NULL),
 (904,'PacifiCare HMO',NULL,'0.00',NULL,'050830587',3,861,NULL,NULL,NULL,NULL,1,NULL,NULL,NULL,NULL,NULL),
 (905,'Medi-Cal - Alameda Cty ACCESS','75065206','0.00','8004919099',NULL,0,862,NULL,NULL,NULL,NULL,1,NULL,NULL,NULL,NULL,NULL),
 (906,'Medi-Cal - Alameda Cty ACCESS','75122045','0.00','8004919099',NULL,0,863,NULL,NULL,NULL,NULL,1,NULL,NULL,NULL,NULL,NULL),
 (907,'Medi-Cal - Alameda Cty ACCESS',NULL,NULL,NULL,NULL,0,864,NULL,NULL,NULL,NULL,1,NULL,NULL,NULL,NULL,NULL),
 (908,'MHN','R04166595','5.00','8009777958',NULL,0,865,NULL,NULL,NULL,NULL,1,NULL,NULL,NULL,NULL,NULL),
 (909,'Medi-Cal - Alameda Cty ACCESS','75121835',NULL,NULL,NULL,0,866,NULL,NULL,NULL,NULL,1,NULL,NULL,NULL,NULL,NULL),
 (916,'Medi-Cal - Alameda Cty ACCESS','75100952',NULL,NULL,NULL,0,867,NULL,NULL,NULL,NULL,1,NULL,NULL,NULL,NULL,NULL),
 (917,'Contra Costa Access',NULL,NULL,NULL,'A246287',0,868,NULL,NULL,NULL,NULL,1,NULL,NULL,NULL,NULL,NULL),
 (918,'PacifiCare HMO',NULL,'0.00',NULL,'043370499',16,869,NULL,NULL,NULL,NULL,1,NULL,NULL,NULL,NULL,NULL),
 (919,'Contra Costa Access',NULL,NULL,NULL,'A247596',0,870,NULL,NULL,NULL,NULL,1,NULL,NULL,NULL,NULL,NULL),
 (921,'Medi-Cal - Alameda Cty ACCESS','75095775',NULL,NULL,NULL,0,871,NULL,NULL,NULL,NULL,1,NULL,NULL,NULL,NULL,NULL),
 (1412,'Medi-Cal - Alameda Cty ACCESS','75003678',NULL,NULL,NULL,0,872,NULL,NULL,NULL,NULL,1,NULL,NULL,NULL,NULL,NULL),
 (923,'Medi-Cal - Alameda Cty ACCESS','75061364',NULL,NULL,NULL,0,873,NULL,NULL,NULL,NULL,1,NULL,NULL,NULL,NULL,NULL),
 (924,'Medi-Cal - Alameda Cty ACCESS','75058003',NULL,NULL,NULL,0,874,NULL,NULL,NULL,NULL,1,NULL,NULL,NULL,NULL,NULL),
 (925,'Medi-Cal - Alameda Cty ACCESS','60773901',NULL,NULL,NULL,0,875,NULL,NULL,NULL,NULL,1,NULL,NULL,NULL,NULL,NULL),
 (926,'PacifiCare HMO',NULL,'15.00',NULL,'050820410',4,876,NULL,NULL,NULL,NULL,1,NULL,NULL,NULL,NULL,NULL),
 (927,'MHN','R04595595','25.00','8007306191','02174880 kit#01797151',0,877,NULL,NULL,NULL,NULL,1,NULL,NULL,NULL,NULL,NULL),
 (928,'MHN','R03631006',NULL,'8889355966','confrm#  2949387',0,878,NULL,NULL,NULL,NULL,1,NULL,NULL,NULL,NULL,NULL),
 (930,'PacifiCare HMO',NULL,NULL,NULL,NULL,0,879,NULL,NULL,NULL,NULL,1,NULL,NULL,NULL,NULL,NULL),
 (931,'PacifiCare HMO',NULL,'30.00',NULL,'041950097',10,880,NULL,NULL,NULL,NULL,1,NULL,NULL,NULL,NULL,NULL),
 (932,'PacifiCare HMO',NULL,'30.00',NULL,'050870406',4,881,NULL,NULL,NULL,NULL,1,NULL,NULL,NULL,NULL,NULL),
 (933,'Medi-Cal - Alameda Cty ACCESS','75088768','0.00','8004919099',NULL,0,882,NULL,NULL,NULL,NULL,1,NULL,NULL,NULL,NULL,NULL),
 (934,'Medi-Cal - Alameda Cty ACCESS','75121995','0.00','8004919099',NULL,0,883,NULL,NULL,NULL,NULL,1,NULL,NULL,NULL,NULL,NULL),
 (935,'Medi-Cal - Alameda Cty ACCESS','75069637','0.00','8004919099',NULL,0,884,NULL,NULL,NULL,NULL,1,NULL,NULL,NULL,NULL,NULL),
 (936,'Medi-Cal - Alameda Cty ACCESS','75121920','0.00','8004919099',NULL,0,885,NULL,NULL,NULL,NULL,1,NULL,NULL,NULL,NULL,NULL),
 (937,'Medi-Cal - Alameda Cty ACCESS','75122015','0.00','8004919099',NULL,0,886,NULL,NULL,NULL,NULL,1,NULL,NULL,NULL,NULL,NULL),
 (939,'Contra Costa Access',NULL,NULL,NULL,'A247734',0,887,NULL,NULL,NULL,NULL,1,NULL,NULL,NULL,NULL,NULL),
 (940,'PacifiCare HMO',NULL,'0.00',NULL,'050820681',5,888,NULL,NULL,NULL,NULL,1,NULL,NULL,NULL,NULL,NULL),
 (941,'Medi-Cal - Alameda Cty ACCESS','75122088','0.00','8004919099',NULL,0,889,NULL,NULL,NULL,NULL,1,NULL,NULL,NULL,NULL,NULL),
 (942,'Medi-Cal - Alameda Cty ACCESS','75079405','0.00','8004919099',NULL,0,890,NULL,NULL,NULL,NULL,1,NULL,NULL,NULL,NULL,NULL),
 (943,'Medi-Cal - Alameda Cty ACCESS','No PSP on referral',NULL,'8004919099',NULL,0,891,NULL,NULL,NULL,NULL,1,NULL,NULL,NULL,NULL,NULL),
 (944,'MHN','R00600829','30.00',NULL,NULL,0,892,NULL,NULL,NULL,NULL,1,NULL,NULL,NULL,NULL,NULL),
 (945,'Contra Costa Access','8247775',NULL,'8886787277','A247775',0,893,NULL,NULL,NULL,NULL,1,NULL,NULL,NULL,NULL,NULL),
 (946,'Medi-Cal - Alameda Cty ACCESS','75111331',NULL,'8004919099',NULL,0,894,NULL,NULL,NULL,NULL,1,NULL,NULL,NULL,NULL,NULL),
 (947,'Medi-Cal - Alameda Cty ACCESS','75060607',NULL,'8004919099',NULL,0,895,NULL,NULL,NULL,NULL,1,NULL,NULL,NULL,NULL,NULL),
 (948,'PacifiCare HMO',NULL,'10.00',NULL,'050880460',0,896,NULL,NULL,NULL,NULL,1,NULL,NULL,NULL,NULL,NULL),
 (949,'Medi-Cal - Alameda Cty ACCESS','75121925',NULL,'8004919099',NULL,0,897,NULL,NULL,NULL,NULL,1,NULL,NULL,NULL,NULL,NULL),
 (950,'Medi-Cal - Alameda Cty ACCESS','75011680',NULL,'8004919099',NULL,0,898,NULL,NULL,NULL,NULL,1,NULL,NULL,NULL,NULL,NULL),
 (951,'PacifiCare HMO',NULL,'10.00','8009999585','050880767',4,899,NULL,NULL,NULL,NULL,1,NULL,NULL,NULL,NULL,NULL),
 (952,'PacifiCare HMO',NULL,'5.00','8009999585','050880753',10,900,NULL,NULL,NULL,NULL,1,NULL,NULL,NULL,NULL,NULL),
 (953,'Medi-Cal - Alameda Cty ACCESS','13777801','0.00','8004919099',NULL,0,901,NULL,NULL,NULL,NULL,1,NULL,NULL,NULL,NULL,NULL),
 (954,'PacifiCare HMO',NULL,'0.00','8009999585','050870758',4,902,NULL,NULL,NULL,NULL,1,NULL,NULL,NULL,NULL,NULL),
 (955,'Medi-Cal - Alameda Cty ACCESS','75116416',NULL,NULL,NULL,0,903,NULL,NULL,NULL,NULL,1,NULL,NULL,NULL,NULL,NULL),
 (956,'MHN',NULL,NULL,NULL,NULL,0,904,NULL,NULL,NULL,NULL,1,NULL,NULL,NULL,NULL,NULL),
 (957,'Medi-Cal - Alameda Cty ACCESS','75110076',NULL,NULL,NULL,0,905,NULL,NULL,NULL,NULL,1,NULL,NULL,NULL,NULL,NULL),
 (958,'PacifiCare HMO',NULL,NULL,'8009999585','050880458',4,906,NULL,NULL,NULL,NULL,1,NULL,NULL,NULL,NULL,NULL),
 (959,'Medi-Cal - Alameda Cty ACCESS','75122005',NULL,NULL,NULL,0,907,NULL,NULL,NULL,NULL,1,NULL,NULL,NULL,NULL,NULL),
 (960,'Medi-Cal - Alameda Cty ACCESS','75122113',NULL,NULL,NULL,0,908,NULL,NULL,NULL,NULL,1,NULL,NULL,NULL,NULL,NULL),
 (961,'Medi-Cal - Alameda Cty ACCESS','75062347',NULL,NULL,NULL,0,909,NULL,NULL,NULL,NULL,1,NULL,NULL,NULL,NULL,NULL),
 (962,'PacifiCare HMO',NULL,'20.00','8009999585','043662894',12,910,NULL,NULL,NULL,NULL,1,NULL,NULL,NULL,NULL,NULL),
 (963,'Medi-Cal - Alameda Cty ACCESS','75072186',NULL,NULL,NULL,0,911,NULL,NULL,NULL,NULL,1,NULL,NULL,NULL,NULL,NULL),
 (964,'Medi-Cal - Alameda Cty ACCESS','75033852',NULL,NULL,NULL,0,912,NULL,NULL,NULL,NULL,1,NULL,NULL,NULL,NULL,NULL),
 (965,'Medi-Cal - Alameda Cty ACCESS','75062773',NULL,NULL,NULL,0,913,NULL,NULL,NULL,NULL,1,NULL,NULL,NULL,NULL,NULL),
 (967,'Medi-Cal - Alameda Cty ACCESS','75062136',NULL,NULL,NULL,0,914,NULL,NULL,NULL,NULL,1,NULL,NULL,NULL,NULL,NULL),
 (968,'PacifiCare HMO',NULL,'5.00','8009999585','050890466',12,915,NULL,NULL,NULL,NULL,1,NULL,NULL,NULL,NULL,NULL),
 (969,'Medi-Cal - Alameda Cty ACCESS','75114121',NULL,NULL,NULL,0,916,NULL,NULL,NULL,NULL,1,NULL,NULL,NULL,NULL,NULL),
 (970,'Medi-Cal - Alameda Cty ACCESS','75122244',NULL,NULL,NULL,0,917,NULL,NULL,NULL,NULL,1,NULL,NULL,NULL,NULL,NULL),
 (971,'Medi-Cal - Alameda Cty ACCESS','75122214',NULL,NULL,NULL,0,918,NULL,NULL,NULL,NULL,1,NULL,NULL,NULL,NULL,NULL),
 (972,'Medi-Cal - Alameda Cty ACCESS','75022298',NULL,NULL,NULL,0,919,NULL,NULL,NULL,NULL,1,NULL,NULL,NULL,NULL,NULL),
 (973,'Medi-Cal - Alameda Cty ACCESS','75122049',NULL,NULL,NULL,0,920,NULL,NULL,NULL,NULL,1,NULL,NULL,NULL,NULL,NULL),
 (974,'PacifiCare HMO',NULL,'10.00',NULL,'050900384',4,921,NULL,NULL,NULL,NULL,1,NULL,NULL,NULL,NULL,NULL),
 (975,'PacifiCare HMO',NULL,'5.00',NULL,'050520145',12,922,NULL,NULL,NULL,NULL,1,NULL,NULL,NULL,NULL,NULL),
 (976,'PacifiCare HMO',NULL,'5.00',NULL,'050900520',0,923,NULL,NULL,NULL,NULL,1,NULL,NULL,NULL,NULL,NULL),
 (978,'Medi-Cal - Alameda Cty ACCESS','39304101',NULL,NULL,NULL,0,924,NULL,NULL,NULL,NULL,1,NULL,NULL,NULL,NULL,NULL),
 (979,'Medi-Cal - Alameda Cty ACCESS','63369301',NULL,NULL,NULL,0,925,NULL,NULL,NULL,NULL,1,NULL,NULL,NULL,NULL,NULL),
 (980,'Medi-Cal - Alameda Cty ACCESS','75122046',NULL,NULL,NULL,0,926,NULL,NULL,NULL,NULL,1,NULL,NULL,NULL,NULL,NULL),
 (981,'Medi-Cal - Alameda Cty ACCESS','75122161',NULL,NULL,NULL,0,927,NULL,NULL,NULL,NULL,1,NULL,NULL,NULL,NULL,NULL),
 (982,'Medi-Cal - Alameda Cty ACCESS','75098154',NULL,NULL,NULL,0,928,NULL,NULL,NULL,NULL,1,NULL,NULL,NULL,NULL,NULL),
 (983,'Medi-Cal - Alameda Cty ACCESS','75071380',NULL,NULL,NULL,0,929,NULL,NULL,NULL,NULL,1,NULL,NULL,NULL,NULL,NULL),
 (984,'USBH','XEHJ00970100','10.00','8665053409',NULL,0,930,NULL,NULL,NULL,NULL,1,NULL,NULL,NULL,NULL,NULL),
 (986,'PacifiCare HMO',NULL,'20.00',NULL,'050910403',4,931,NULL,NULL,NULL,NULL,1,NULL,NULL,NULL,NULL,NULL),
 (1150,'PacifiCare HMO',NULL,NULL,'8009999585','051090240',12,932,NULL,NULL,NULL,NULL,1,NULL,NULL,NULL,NULL,NULL),
 (987,'PacifiCare HMO',NULL,'5.00',NULL,'050270690',12,933,NULL,NULL,NULL,NULL,1,NULL,NULL,NULL,NULL,NULL),
 (990,'Medi-Cal - Alameda Cty ACCESS','63855101',NULL,NULL,NULL,0,934,NULL,NULL,NULL,NULL,1,NULL,NULL,NULL,NULL,NULL),
 (991,'Medi-Cal - Alameda Cty ACCESS','75103157',NULL,NULL,NULL,0,935,NULL,NULL,NULL,NULL,1,NULL,NULL,NULL,NULL,NULL),
 (992,'Medi-Cal - Alameda Cty ACCESS','72133201',NULL,NULL,NULL,0,936,NULL,NULL,NULL,NULL,1,NULL,NULL,NULL,NULL,NULL),
 (993,'Medi-Cal - Alameda Cty ACCESS','75000449',NULL,NULL,NULL,0,937,NULL,NULL,NULL,NULL,1,NULL,NULL,NULL,NULL,NULL),
 (994,'PacifiCare HMO',NULL,'10.00',NULL,'050940488',12,938,NULL,NULL,NULL,NULL,1,NULL,NULL,NULL,NULL,NULL),
 (995,'PacifiCare HMO',NULL,'30.00',NULL,'050801166',12,939,NULL,NULL,NULL,NULL,1,NULL,NULL,NULL,NULL,NULL),
 (996,'Medi-Cal - Alameda Cty ACCESS','75122291',NULL,NULL,NULL,0,940,NULL,NULL,NULL,NULL,1,NULL,NULL,NULL,NULL,NULL),
 (997,'UBH','YIE569956929','20.00','8005836372',NULL,0,941,NULL,NULL,NULL,NULL,1,NULL,NULL,NULL,NULL,NULL),
 (998,'PacifiCare HMO',NULL,'10.00',NULL,'050940747',12,942,NULL,NULL,NULL,NULL,1,NULL,NULL,NULL,NULL,NULL),
 (999,'Medi-Cal - Alameda Cty ACCESS','75122294',NULL,NULL,NULL,0,943,NULL,NULL,NULL,NULL,1,NULL,NULL,NULL,NULL,NULL),
 (1000,'Medi-Cal - Alameda Cty ACCESS','75122358',NULL,NULL,NULL,0,944,NULL,NULL,NULL,NULL,1,NULL,NULL,NULL,NULL,NULL),
 (1001,'Medi-Cal - Alameda Cty ACCESS','75122312',NULL,NULL,NULL,0,945,NULL,NULL,NULL,NULL,1,NULL,NULL,NULL,NULL,NULL),
 (1002,'Medi-Cal - Alameda Cty ACCESS','75122114',NULL,'8004919099',NULL,0,946,NULL,NULL,NULL,NULL,1,NULL,NULL,NULL,NULL,NULL),
 (1003,'Medi-Cal - Alameda Cty ACCESS','75063925',NULL,'8004910999',NULL,0,947,NULL,NULL,NULL,NULL,1,NULL,NULL,NULL,NULL,NULL),
 (1004,'PacifiCare HMO',NULL,'15.00',NULL,'043270491',12,948,NULL,NULL,NULL,NULL,1,NULL,NULL,NULL,NULL,NULL),
 (1005,'Contra Costa Access',NULL,NULL,NULL,'A248389',0,949,NULL,NULL,NULL,NULL,1,NULL,NULL,NULL,NULL,NULL),
 (1009,'Medi-Cal - Alameda Cty ACCESS','75097746',NULL,'8004919099',NULL,0,950,NULL,NULL,NULL,NULL,1,NULL,NULL,NULL,NULL,NULL),
 (1007,'Medi-Cal - Alameda Cty ACCESS','75122326',NULL,'8004919099',NULL,0,951,NULL,NULL,NULL,NULL,1,NULL,NULL,NULL,NULL,NULL),
 (1008,'PacifiCare HMO',NULL,'5.00','8009999585','050940815',4,952,NULL,NULL,NULL,NULL,1,NULL,NULL,NULL,NULL,NULL),
 (1010,'Medi-Cal - Alameda Cty ACCESS','75095515',NULL,'8004919099',NULL,0,953,NULL,NULL,NULL,NULL,1,NULL,NULL,NULL,NULL,NULL),
 (1012,'Medi-Cal - Alameda Cty ACCESS','75099267',NULL,NULL,NULL,0,954,NULL,NULL,NULL,NULL,1,NULL,NULL,NULL,NULL,NULL),
 (1149,'PacifiCare HMO',NULL,'20.00','8009999585','051050686',4,955,NULL,NULL,NULL,NULL,1,NULL,NULL,NULL,NULL,NULL),
 (1014,'PacifiCare HMO',NULL,'5.00','8009999585','050610465',12,956,NULL,NULL,NULL,NULL,1,NULL,NULL,NULL,NULL,NULL),
 (1015,'Medi-Cal - Alameda Cty ACCESS',NULL,NULL,NULL,NULL,0,957,NULL,NULL,NULL,NULL,1,NULL,NULL,NULL,NULL,NULL),
 (1017,'CHIPA - MHN',NULL,NULL,NULL,'172458-01-01',0,958,NULL,NULL,NULL,NULL,1,NULL,NULL,NULL,NULL,NULL),
 (1018,'CHIPA - MHN',NULL,NULL,NULL,NULL,0,959,NULL,NULL,NULL,NULL,1,NULL,NULL,NULL,NULL,NULL),
 (1019,'Medi-Cal - Alameda Cty ACCESS','75021558',NULL,'8004919099',NULL,0,960,NULL,NULL,NULL,NULL,1,NULL,NULL,NULL,NULL,NULL),
 (1020,'Medi-Cal - Alameda Cty ACCESS','75088599',NULL,'8004919099',NULL,0,961,NULL,NULL,NULL,NULL,1,NULL,NULL,NULL,NULL,NULL),
 (1021,'Medi-Cal - Alameda Cty ACCESS','75108438',NULL,'8004919099',NULL,0,962,NULL,NULL,NULL,NULL,1,NULL,NULL,NULL,NULL,NULL),
 (1022,'PacifiCare HMO',NULL,'10.00',NULL,'050960632',0,963,NULL,NULL,NULL,NULL,1,NULL,NULL,NULL,NULL,NULL),
 (1023,'PacifiCare HMO',NULL,NULL,NULL,'050701009',0,964,NULL,NULL,NULL,NULL,1,NULL,NULL,NULL,NULL,NULL),
 (1024,'Contra Costa Access',NULL,NULL,NULL,'A247209',0,965,NULL,NULL,NULL,NULL,1,NULL,NULL,NULL,NULL,NULL),
 (1025,'PacifiCare HMO',NULL,NULL,NULL,'040340473',0,966,NULL,NULL,NULL,NULL,1,NULL,NULL,NULL,NULL,NULL),
 (1026,'Medi-Cal - Alameda Cty ACCESS','75121988',NULL,NULL,NULL,0,967,NULL,NULL,NULL,NULL,1,NULL,NULL,NULL,NULL,NULL),
 (1027,'Medi-Cal - Alameda Cty ACCESS','75122372',NULL,NULL,NULL,0,968,NULL,NULL,NULL,NULL,1,NULL,NULL,NULL,NULL,NULL),
 (1028,'PacifiCare HMO',NULL,'15.00',NULL,'050970295',4,969,NULL,NULL,NULL,NULL,1,NULL,NULL,NULL,NULL,NULL),
 (1029,'PacifiCare HMO',NULL,'0.00',NULL,'050930028',5,970,NULL,NULL,NULL,NULL,1,NULL,NULL,NULL,NULL,NULL),
 (1030,'PacifiCare HMO',NULL,'15.00',NULL,'050960411',12,971,NULL,NULL,NULL,NULL,1,NULL,NULL,NULL,NULL,NULL),
 (1031,'PacifiCare HMO',NULL,NULL,NULL,'050960932',4,972,NULL,NULL,NULL,NULL,1,NULL,NULL,NULL,NULL,NULL),
 (1032,'PacifiCare HMO',NULL,'10.00',NULL,'050241226',4,973,NULL,NULL,NULL,NULL,1,NULL,NULL,NULL,NULL,NULL),
 (1033,'Private Pay',NULL,'89.00',NULL,NULL,0,974,NULL,NULL,NULL,NULL,1,NULL,NULL,NULL,NULL,NULL),
 (1034,'Medi-Cal - Alameda Cty ACCESS','75122343',NULL,NULL,NULL,0,975,NULL,NULL,NULL,NULL,1,NULL,NULL,NULL,NULL,NULL),
 (1035,'CHIPA - MHN',NULL,'25.00',NULL,'08595502-03',0,976,NULL,NULL,NULL,NULL,1,NULL,NULL,NULL,NULL,NULL),
 (1036,'CHIPA - MHN',NULL,'25.00',NULL,'08595906-02',0,977,NULL,NULL,NULL,NULL,1,NULL,NULL,NULL,NULL,NULL),
 (1037,'CHIPA - MHN',NULL,'25.00',NULL,'08596201-07',0,978,NULL,NULL,NULL,NULL,1,NULL,NULL,NULL,NULL,NULL),
 (1038,'CHIPA - MHN','08596406-02','25.00',NULL,NULL,0,979,NULL,NULL,NULL,NULL,1,NULL,NULL,NULL,NULL,NULL),
 (1039,'CHIPA - MHN',NULL,'25.00',NULL,'08596101-07',0,980,NULL,NULL,NULL,NULL,1,NULL,NULL,NULL,NULL,NULL),
 (1040,'Medi-Cal - Alameda Cty ACCESS','75088198',NULL,NULL,NULL,0,981,NULL,NULL,NULL,NULL,1,NULL,NULL,NULL,NULL,NULL),
 (1041,'Medi-Cal - Alameda Cty ACCESS','69685601',NULL,NULL,NULL,0,982,NULL,NULL,NULL,NULL,1,NULL,NULL,NULL,NULL,NULL),
 (1042,'Medi-Cal - Alameda Cty ACCESS','75112243',NULL,NULL,NULL,0,983,NULL,NULL,NULL,NULL,1,NULL,NULL,NULL,NULL,NULL),
 (1043,'Medi-Cal - Alameda Cty ACCESS','75011542',NULL,NULL,NULL,0,984,NULL,NULL,NULL,NULL,1,NULL,NULL,NULL,NULL,NULL),
 (1044,'PacifiCare HMO',NULL,'20.00',NULL,'050970881',12,985,NULL,NULL,NULL,NULL,1,NULL,NULL,NULL,NULL,NULL),
 (1045,'PacifiCare HMO',NULL,'30.00',NULL,'043370315',12,986,NULL,NULL,NULL,NULL,1,NULL,NULL,NULL,NULL,NULL),
 (1046,'Medi-Cal - Alameda Cty ACCESS','75122409',NULL,NULL,NULL,0,987,NULL,NULL,NULL,NULL,1,NULL,NULL,NULL,NULL,NULL),
 (1047,'Medi-Cal - Alameda Cty ACCESS','75040202',NULL,NULL,NULL,0,988,NULL,NULL,NULL,NULL,1,NULL,NULL,NULL,NULL,NULL),
 (1048,'Medi-Cal - Alameda Cty ACCESS','75122162',NULL,NULL,NULL,0,989,NULL,NULL,NULL,NULL,1,NULL,NULL,NULL,NULL,NULL),
 (1049,'PacifiCare HMO',NULL,'35.00',NULL,'050830252',4,990,NULL,NULL,NULL,NULL,1,NULL,NULL,NULL,NULL,NULL),
 (1050,'Medi-Cal - Alameda Cty ACCESS','75049084',NULL,NULL,NULL,0,991,NULL,NULL,NULL,NULL,1,NULL,NULL,NULL,NULL,NULL),
 (1051,'PacifiCare HMO',NULL,'0.00',NULL,'050970340',4,992,NULL,NULL,NULL,NULL,1,NULL,NULL,NULL,NULL,NULL),
 (1052,'MHN',NULL,'0.00','8004509355','ref # 296-4039',30,993,NULL,NULL,NULL,NULL,1,NULL,NULL,NULL,NULL,NULL),
 (1053,'Medi-Cal - Alameda Cty ACCESS','75122524',NULL,NULL,NULL,0,994,NULL,NULL,NULL,NULL,1,NULL,NULL,NULL,NULL,NULL),
 (1054,'Medi-Cal - Alameda Cty ACCESS','75122224',NULL,NULL,NULL,0,995,NULL,NULL,NULL,NULL,1,NULL,NULL,NULL,NULL,NULL),
 (1055,'PacifiCare HMO',NULL,'0.00',NULL,'051010538',3,996,NULL,NULL,NULL,NULL,1,NULL,NULL,NULL,NULL,NULL),
 (1057,'PacifiCare HMO',NULL,'10.00',NULL,'051010549',4,997,NULL,NULL,NULL,NULL,1,NULL,NULL,NULL,NULL,NULL),
 (1058,'Medi-Cal - Alameda Cty ACCESS','75109477',NULL,'8004919099',NULL,0,998,NULL,NULL,NULL,NULL,1,NULL,NULL,NULL,NULL,NULL),
 (1059,'PacifiCare HMO',NULL,'5.00',NULL,'032410183',1,999,NULL,NULL,NULL,NULL,1,NULL,NULL,NULL,NULL,NULL),
 (1060,'Medi-Cal - Alameda Cty ACCESS','75102740',NULL,'8004919099',NULL,0,1000,NULL,NULL,NULL,NULL,1,NULL,NULL,NULL,NULL,NULL),
 (1061,'Medi-Cal - Alameda Cty ACCESS','75122205',NULL,'8004919099',NULL,0,1001,NULL,NULL,NULL,NULL,1,NULL,NULL,NULL,NULL,NULL),
 (1062,'Medi-Cal - Alameda Cty ACCESS','75028004',NULL,'8004919099',NULL,0,1002,NULL,NULL,NULL,NULL,1,NULL,NULL,NULL,NULL,NULL),
 (1064,'Medi-Cal - Alameda Cty ACCESS','75122416',NULL,'8004919099',NULL,0,1003,NULL,NULL,NULL,NULL,1,NULL,NULL,NULL,NULL,NULL),
 (1065,'Medi-Cal - Alameda Cty ACCESS','75063121',NULL,NULL,NULL,0,1004,NULL,NULL,NULL,NULL,1,NULL,NULL,NULL,NULL,NULL),
 (1066,'Medi-Cal - Alameda Cty ACCESS','75114413',NULL,NULL,NULL,0,1005,NULL,NULL,NULL,NULL,1,NULL,NULL,NULL,NULL,NULL),
 (1067,'Medi-Cal - Alameda Cty ACCESS','NO PSP:',NULL,'8004919099',NULL,0,1006,NULL,NULL,NULL,NULL,1,NULL,NULL,NULL,NULL,NULL),
 (1068,'PacifiCare HMO',NULL,'0.00',NULL,'050980777',8,1007,NULL,NULL,NULL,NULL,1,NULL,NULL,NULL,NULL,NULL),
 (1069,'Medi-Cal - Alameda Cty ACCESS','75083754',NULL,NULL,NULL,0,1008,NULL,NULL,NULL,NULL,1,NULL,NULL,NULL,NULL,NULL),
 (1070,'Medi-Cal - Alameda Cty ACCESS','12893401',NULL,NULL,NULL,0,1009,NULL,NULL,NULL,NULL,1,NULL,NULL,NULL,NULL,NULL),
 (1071,'MHN',NULL,NULL,NULL,NULL,0,1010,NULL,NULL,NULL,NULL,1,NULL,NULL,NULL,NULL,NULL),
 (1072,'Contra Costa Access',NULL,NULL,NULL,'A248911',0,1011,NULL,NULL,NULL,NULL,1,NULL,NULL,NULL,NULL,NULL),
 (1073,'PacifiCare HMO',NULL,NULL,'8009999585','051020732',3,1012,NULL,NULL,NULL,NULL,1,NULL,NULL,NULL,NULL,NULL),
 (1074,'PacifiCare HMO',NULL,'20.00','8009999585','051020754',4,1013,NULL,NULL,NULL,NULL,1,NULL,NULL,NULL,NULL,NULL),
 (1075,'UBH',NULL,NULL,NULL,NULL,0,1014,NULL,NULL,NULL,NULL,1,NULL,NULL,NULL,NULL,NULL),
 (1076,'CHIPA - MHN','R04521266',NULL,'8884260030','170731-01-01',0,1015,NULL,NULL,NULL,NULL,1,NULL,NULL,NULL,NULL,NULL),
 (1077,'PacifiCare HMO',NULL,'0.00','8009999585','042950486',12,1016,NULL,NULL,NULL,NULL,1,NULL,NULL,NULL,NULL,NULL),
 (1078,'PacifiCare HMO',NULL,'30.00','8009999585','051020750',12,1017,NULL,NULL,NULL,NULL,1,NULL,NULL,NULL,NULL,NULL),
 (1079,'UBH','801766556','15.00','8008882998',NULL,52,1018,NULL,NULL,NULL,NULL,1,NULL,NULL,NULL,NULL,NULL),
 (1080,'Medi-Cal - Alameda Cty ACCESS','75122554',NULL,NULL,NULL,0,1019,NULL,NULL,NULL,NULL,1,NULL,NULL,NULL,NULL,NULL),
 (1081,'PacifiCare HMO',NULL,'5.00','8009999585','051030703',12,1020,NULL,NULL,NULL,NULL,1,NULL,NULL,NULL,NULL,NULL),
 (1082,'Contra Costa Access',NULL,NULL,NULL,'A249238',0,1021,NULL,NULL,NULL,NULL,1,NULL,NULL,NULL,NULL,NULL),
 (1083,'Private Pay',NULL,'200.00',NULL,NULL,0,1022,NULL,NULL,NULL,NULL,1,NULL,NULL,NULL,NULL,NULL),
 (1084,'Medi-Cal - Alameda Cty ACCESS','75122573',NULL,NULL,NULL,0,1023,NULL,NULL,NULL,NULL,1,NULL,NULL,NULL,NULL,NULL),
 (1085,'Medi-Cal - Alameda Cty ACCESS','75036619',NULL,NULL,NULL,0,1024,NULL,NULL,NULL,NULL,1,NULL,NULL,NULL,NULL,NULL),
 (1086,'Medi-Cal - Alameda Cty ACCESS','75122596',NULL,NULL,NULL,0,1025,NULL,NULL,NULL,NULL,1,NULL,NULL,NULL,NULL,NULL),
 (1087,'Medi-Cal - Alameda Cty ACCESS','75120445',NULL,NULL,NULL,0,1026,NULL,NULL,NULL,NULL,1,NULL,NULL,NULL,NULL,NULL),
 (1088,'Medi-Cal - Alameda Cty ACCESS','75056564',NULL,NULL,NULL,0,1027,NULL,NULL,NULL,NULL,1,NULL,NULL,NULL,NULL,NULL),
 (1089,'Medi-Cal - Alameda Cty ACCESS','75020217',NULL,NULL,NULL,0,1028,NULL,NULL,NULL,NULL,1,NULL,NULL,NULL,NULL,NULL),
 (1090,'Medi-Cal - Alameda Cty ACCESS','75121755',NULL,NULL,NULL,0,1029,NULL,NULL,NULL,NULL,1,NULL,NULL,NULL,NULL,NULL),
 (1091,'Medi-Cal - Alameda Cty ACCESS','75122566',NULL,NULL,NULL,0,1030,NULL,NULL,NULL,NULL,1,NULL,NULL,NULL,NULL,NULL),
 (1092,'PacifiCare HMO',NULL,'5.00',NULL,'051020648',4,1031,NULL,NULL,NULL,NULL,1,NULL,NULL,NULL,NULL,NULL),
 (1093,'Medi-Cal - Alameda Cty ACCESS','75122568',NULL,NULL,NULL,0,1032,NULL,NULL,NULL,NULL,1,NULL,NULL,NULL,NULL,NULL),
 (1094,'PacifiCare HMO',NULL,'5.00',NULL,'050750534',12,1033,NULL,NULL,NULL,NULL,1,NULL,NULL,NULL,NULL,NULL),
 (1095,'Medi-Cal - Alameda Cty ACCESS',NULL,NULL,NULL,NULL,0,1034,NULL,NULL,NULL,NULL,1,NULL,NULL,NULL,NULL,NULL),
 (1096,'Medi-Cal - Alameda Cty ACCESS','75116088',NULL,NULL,NULL,0,1035,NULL,NULL,NULL,NULL,1,NULL,NULL,NULL,NULL,NULL),
 (1494,'PacifiCare HMO',NULL,'5.00','8009999585','051010802',4,1036,NULL,NULL,NULL,NULL,1,NULL,NULL,NULL,NULL,NULL),
 (1098,'PacifiCare HMO',NULL,'5.00',NULL,'051020300',4,1037,NULL,NULL,NULL,NULL,1,NULL,NULL,NULL,NULL,NULL),
 (1100,'PacifiCare HMO',NULL,'5.00',NULL,'050250787',12,1038,NULL,NULL,NULL,NULL,1,NULL,NULL,NULL,NULL,NULL),
 (1101,'PacifiCare HMO',NULL,'15.00',NULL,'051020957',4,1039,NULL,NULL,NULL,NULL,1,NULL,NULL,NULL,NULL,NULL),
 (1102,'Medi-Cal - Alameda Cty ACCESS','75117901',NULL,NULL,NULL,0,1040,NULL,NULL,NULL,NULL,1,NULL,NULL,NULL,NULL,NULL),
 (1103,'Medi-Cal - Alameda Cty ACCESS','75083831',NULL,NULL,NULL,0,1041,NULL,NULL,NULL,NULL,1,NULL,NULL,NULL,NULL,NULL),
 (1104,'Medi-Cal - Alameda Cty ACCESS','75073621',NULL,NULL,NULL,0,1042,NULL,NULL,NULL,NULL,1,NULL,NULL,NULL,NULL,NULL),
 (1105,'Medi-Cal - Alameda Cty ACCESS','75122085',NULL,NULL,NULL,0,1043,NULL,NULL,NULL,NULL,1,NULL,NULL,NULL,NULL,NULL),
 (1106,'Medi-Cal - Alameda Cty ACCESS','75087031',NULL,NULL,NULL,0,1044,NULL,NULL,NULL,NULL,1,NULL,NULL,NULL,NULL,NULL),
 (1107,'PacifiCare HMO',NULL,'25.00',NULL,'051030561',12,1045,NULL,NULL,NULL,NULL,1,NULL,NULL,NULL,NULL,NULL),
 (1108,'PacifiCare HMO',NULL,NULL,NULL,'051020931',12,1046,NULL,NULL,NULL,NULL,1,NULL,NULL,NULL,NULL,NULL),
 (1109,'PacifiCare HMO',NULL,'30.00',NULL,'051050491',4,1047,NULL,NULL,NULL,NULL,1,NULL,NULL,NULL,NULL,NULL),
 (1110,'PacifiCare HMO',NULL,'0.00',NULL,'051020753',3,1048,NULL,NULL,NULL,NULL,1,NULL,NULL,NULL,NULL,NULL),
 (1111,'PacifiCare HMO',NULL,'15.00',NULL,'051050703',4,1049,NULL,NULL,NULL,NULL,1,NULL,NULL,NULL,NULL,NULL),
 (1112,'PacifiCare HMO',NULL,'5.00',NULL,'050700431',4,1050,NULL,NULL,NULL,NULL,1,NULL,NULL,NULL,NULL,NULL),
 (1113,'PacifiCare HMO',NULL,'0.00',NULL,'051040151',6,1051,NULL,NULL,NULL,NULL,1,NULL,NULL,NULL,NULL,NULL),
 (1114,'Medi-Cal - Alameda Cty ACCESS','75122675',NULL,NULL,NULL,0,1052,NULL,NULL,NULL,NULL,1,NULL,NULL,NULL,NULL,NULL),
 (1115,'Contra Costa Access',NULL,NULL,NULL,'A249153',0,1053,NULL,NULL,NULL,NULL,1,NULL,NULL,NULL,NULL,NULL),
 (1116,'PacifiCare HMO',NULL,'10.00',NULL,'051050777',4,1054,NULL,NULL,NULL,NULL,1,NULL,NULL,NULL,NULL,NULL),
 (1117,'PacifiCare HMO',NULL,'0.00',NULL,'043491213',3,1055,NULL,NULL,NULL,NULL,1,NULL,NULL,NULL,NULL,NULL),
 (1118,'Medi-Cal - Alameda Cty ACCESS','75122643',NULL,NULL,NULL,0,1056,NULL,NULL,NULL,NULL,1,NULL,NULL,NULL,NULL,NULL),
 (1119,'PacifiCare HMO',NULL,'20.00',NULL,'050350825',12,1057,NULL,NULL,NULL,NULL,1,NULL,NULL,NULL,NULL,NULL),
 (1120,'Medi-Cal - Alameda Cty ACCESS','75122671',NULL,NULL,NULL,0,1058,NULL,NULL,NULL,NULL,1,NULL,NULL,NULL,NULL,NULL),
 (1121,'CHIPA - MHN','172442-02-02 (MD)','20.00','8007793825','172442-02-01 (therapy)',10,1059,NULL,NULL,NULL,NULL,1,NULL,NULL,NULL,NULL,NULL),
 (1122,'Medi-Cal - Alameda Cty ACCESS','75087679',NULL,NULL,NULL,0,1060,NULL,NULL,NULL,NULL,1,NULL,NULL,NULL,NULL,NULL),
 (1123,'Medi-Cal - Alameda Cty ACCESS','75120904',NULL,NULL,NULL,0,1061,NULL,NULL,NULL,NULL,1,NULL,NULL,NULL,NULL,NULL),
 (1124,'Medi-Cal - Alameda Cty ACCESS','75065608','0.00','8004919099',NULL,0,1062,NULL,NULL,NULL,NULL,1,NULL,NULL,NULL,NULL,NULL),
 (1125,'Medi-Cal - Alameda Cty ACCESS','75122703','0.00','8004919099',NULL,0,1063,NULL,NULL,NULL,NULL,1,NULL,NULL,NULL,NULL,NULL),
 (1126,'PacifiCare HMO',NULL,'10.00',NULL,'050980831',4,1064,NULL,NULL,NULL,NULL,1,NULL,NULL,NULL,NULL,NULL),
 (1127,'Medi-Cal - Alameda Cty ACCESS','75122590','0.00','8004919099',NULL,0,1065,NULL,NULL,NULL,NULL,1,NULL,NULL,NULL,NULL,NULL),
 (1128,'Medi-Cal - Alameda Cty ACCESS','75029447','0.00','8004919099',NULL,0,1066,NULL,NULL,NULL,NULL,1,NULL,NULL,NULL,NULL,NULL),
 (1129,'Medi-Cal - Alameda Cty ACCESS','75121513','0.00','8004919099',NULL,0,1067,NULL,NULL,NULL,NULL,1,NULL,NULL,NULL,NULL,NULL),
 (1130,'Medi-Cal - Alameda Cty ACCESS','44771401','0.00','8004919099',NULL,0,1068,NULL,NULL,NULL,NULL,1,NULL,NULL,NULL,NULL,NULL),
 (1131,'Medi-Cal - Alameda Cty ACCESS','75099138','0.00','8004919099',NULL,0,1069,NULL,NULL,NULL,NULL,1,NULL,NULL,NULL,NULL,NULL),
 (1132,'Medi-Cal - Alameda Cty ACCESS','75117276','0.00','8004919099',NULL,0,1070,NULL,NULL,NULL,NULL,1,NULL,NULL,NULL,NULL,NULL),
 (1133,'Medi-Cal - Alameda Cty ACCESS','75122780','0.00','8004919099',NULL,0,1071,NULL,NULL,NULL,NULL,1,NULL,NULL,NULL,NULL,NULL),
 (1134,'PacifiCare HMO',NULL,NULL,NULL,'051090086',0,1072,NULL,NULL,NULL,NULL,1,NULL,NULL,NULL,NULL,NULL),
 (1135,'PacifiCare HMO',NULL,NULL,NULL,NULL,0,1073,NULL,NULL,NULL,NULL,1,NULL,NULL,NULL,NULL,NULL),
 (1136,'MHN','567153024','15.00','8002747767','01998353A --KIT# 01810847',30,1074,NULL,NULL,NULL,NULL,1,NULL,NULL,NULL,NULL,NULL),
 (1137,'PacifiCare HMO',NULL,'5.00','8009999585','051050652',12,1075,NULL,NULL,NULL,NULL,1,NULL,NULL,NULL,NULL,NULL),
 (1138,'Medi-Cal - Alameda Cty ACCESS','75122154',NULL,NULL,NULL,0,1076,NULL,NULL,NULL,NULL,1,NULL,NULL,NULL,NULL,NULL),
 (1139,'PacifiCare HMO',NULL,'5.00','8009999585','051030849',4,1077,NULL,NULL,NULL,NULL,1,NULL,NULL,NULL,NULL,NULL),
 (1140,'PacifiCare HMO',NULL,'10.00','8009999585','051080859',12,1078,NULL,NULL,NULL,NULL,1,NULL,NULL,NULL,NULL,NULL),
 (1142,'MHN','RO3757814',NULL,'8006417761',NULL,0,1079,NULL,NULL,NULL,NULL,1,NULL,NULL,NULL,NULL,NULL),
 (1143,'MHN',NULL,NULL,'8006639355','02186053',0,1080,NULL,NULL,NULL,NULL,1,NULL,NULL,NULL,NULL,NULL),
 (1144,'PacifiCare HMO',NULL,NULL,'8009999585','051050613',12,1081,NULL,NULL,NULL,NULL,1,NULL,NULL,NULL,NULL,NULL),
 (1145,'PacifiCare HMO',NULL,'10.00','8009999585','051090524',4,1082,NULL,NULL,NULL,NULL,1,NULL,NULL,NULL,NULL,NULL),
 (1146,'Medi-Cal - Alameda Cty ACCESS','44771401',NULL,NULL,NULL,0,1083,NULL,NULL,NULL,NULL,1,NULL,NULL,NULL,NULL,NULL),
 (1147,'MHN','R04066961',NULL,'8009777958','02191381 -- KIT# 1811672',0,1084,NULL,NULL,NULL,NULL,1,NULL,NULL,NULL,NULL,NULL),
 (1148,'PacifiCare HMO',NULL,'15.00','8009999585','043370647',12,1085,NULL,NULL,NULL,NULL,1,NULL,NULL,NULL,NULL,NULL),
 (1152,'Medi-Cal - Alameda Cty ACCESS','75087435',NULL,NULL,NULL,0,1086,NULL,NULL,NULL,NULL,1,NULL,NULL,NULL,NULL,NULL),
 (1153,'UBH','X598A55972',NULL,'8006277244',NULL,0,1087,NULL,NULL,NULL,NULL,1,NULL,NULL,NULL,NULL,NULL),
 (1154,'PacifiCare HMO',NULL,'10.00',NULL,'051110457',12,1088,NULL,NULL,NULL,NULL,1,NULL,NULL,NULL,NULL,NULL),
 (1155,'PacifiCare HMO',NULL,'0.00',NULL,'051110724',3,1089,NULL,NULL,NULL,NULL,1,NULL,NULL,NULL,NULL,NULL),
 (1156,'Medi-Cal - Alameda Cty ACCESS','75122789',NULL,NULL,NULL,0,1090,NULL,NULL,NULL,NULL,1,NULL,NULL,NULL,NULL,NULL),
 (1157,'Medi-Cal - Alameda Cty ACCESS','75122610',NULL,NULL,NULL,0,1091,NULL,NULL,NULL,NULL,1,NULL,NULL,NULL,NULL,NULL),
 (1158,'Medi-Cal - Alameda Cty ACCESS','75106163',NULL,NULL,NULL,0,1092,NULL,NULL,NULL,NULL,1,NULL,NULL,NULL,NULL,NULL),
 (1159,'Medi-Cal - Alameda Cty ACCESS','75074986',NULL,NULL,NULL,0,1093,NULL,NULL,NULL,NULL,1,NULL,NULL,NULL,NULL,NULL),
 (1160,'Medi-Cal - Alameda Cty ACCESS','75015498',NULL,NULL,NULL,0,1094,NULL,NULL,NULL,NULL,1,NULL,NULL,NULL,NULL,NULL),
 (1161,'Medi-Cal - Alameda Cty ACCESS','75040245',NULL,NULL,NULL,0,1095,NULL,NULL,NULL,NULL,1,NULL,NULL,NULL,NULL,NULL),
 (1162,'Medi-Cal - Alameda Cty ACCESS','75100376',NULL,NULL,NULL,0,1096,NULL,NULL,NULL,NULL,1,NULL,NULL,NULL,NULL,NULL),
 (1345,'Medi-Cal - Alameda Cty ACCESS','75122812',NULL,NULL,NULL,0,1097,NULL,NULL,NULL,NULL,1,NULL,NULL,NULL,NULL,NULL),
 (1164,'Medi-Cal - Alameda Cty ACCESS','57711401',NULL,NULL,NULL,0,1098,NULL,NULL,NULL,NULL,1,NULL,NULL,NULL,NULL,NULL),
 (1165,'Medi-Cal - Alameda Cty ACCESS','75108348',NULL,NULL,NULL,0,1099,NULL,NULL,NULL,NULL,1,NULL,NULL,NULL,NULL,NULL),
 (1166,'Medi-Cal - Alameda Cty ACCESS','75114363',NULL,NULL,NULL,0,1100,NULL,NULL,NULL,NULL,1,NULL,NULL,NULL,NULL,NULL),
 (1167,'Medi-Cal - Alameda Cty ACCESS','75095641',NULL,NULL,NULL,0,1101,NULL,NULL,NULL,NULL,1,NULL,NULL,NULL,NULL,NULL),
 (1168,'Medi-Cal - Alameda Cty ACCESS','75107049',NULL,NULL,NULL,0,1102,NULL,NULL,NULL,NULL,1,NULL,NULL,NULL,NULL,NULL),
 (1169,'Private Pay',NULL,'200.00',NULL,NULL,0,1103,NULL,NULL,NULL,NULL,1,NULL,NULL,NULL,NULL,NULL);
INSERT INTO `insurance` (`referralId`,`insuranceCompany`,`memberId`,`copay`,`phoneNumber`,`authNumForMD`,`numAuthVisitForMD`,`insuranceId`,`copayParity`,`numAuthVisitForMA`,`medicalId`,`medicalIssueDate`,`isLast`,`authNumForMA`,`referralDate`,`eligEffDate`,`eligTermDate`,`notes`) VALUES 
 (1171,'MHN',NULL,NULL,NULL,'ref# 2977467',0,1104,NULL,NULL,NULL,NULL,1,NULL,NULL,NULL,NULL,NULL),
 (1172,'PacifiCare HMO',NULL,'5.00',NULL,'051110690',12,1105,NULL,NULL,NULL,NULL,1,NULL,NULL,NULL,NULL,NULL),
 (1173,'Medi-Cal - Alameda Cty ACCESS','75074480',NULL,NULL,NULL,0,1106,NULL,NULL,NULL,NULL,1,NULL,NULL,NULL,NULL,NULL),
 (1174,'Medi-Cal - Alameda Cty ACCESS','75122261',NULL,NULL,NULL,0,1107,NULL,NULL,NULL,NULL,1,NULL,NULL,NULL,NULL,NULL),
 (1175,'Medi-Cal - Alameda Cty ACCESS','75116434',NULL,NULL,NULL,0,1108,NULL,NULL,NULL,NULL,1,NULL,NULL,NULL,NULL,NULL),
 (1176,'Medi-Cal - Alameda Cty ACCESS','75098848',NULL,NULL,NULL,0,1109,NULL,NULL,NULL,NULL,1,NULL,NULL,NULL,NULL,NULL),
 (1177,'Medi-Cal - Alameda Cty ACCESS','75122892',NULL,NULL,NULL,0,1110,NULL,NULL,NULL,NULL,1,NULL,NULL,NULL,NULL,NULL),
 (1178,'Contra Costa Access',NULL,NULL,NULL,'A249855',0,1111,NULL,NULL,NULL,NULL,1,NULL,NULL,NULL,NULL,NULL),
 (1179,'PacifiCare HMO',NULL,'10.00','8009999585','043280145',4,1112,NULL,NULL,NULL,NULL,1,NULL,NULL,NULL,NULL,NULL),
 (1181,'Medi-Cal - Alameda Cty ACCESS','75122956',NULL,NULL,NULL,0,1113,NULL,NULL,NULL,NULL,1,NULL,NULL,NULL,NULL,NULL),
 (1182,'Medi-Cal - Alameda Cty ACCESS','75119829',NULL,NULL,NULL,0,1114,NULL,NULL,NULL,NULL,1,NULL,NULL,NULL,NULL,NULL),
 (1183,'Medi-Cal - Alameda Cty ACCESS','75056657',NULL,NULL,NULL,0,1115,NULL,NULL,NULL,NULL,1,NULL,NULL,NULL,NULL,NULL),
 (1184,'PacifiCare HMO',NULL,'20.00','8009999585','050770514',12,1116,NULL,NULL,NULL,NULL,1,NULL,NULL,NULL,NULL,NULL),
 (1185,'Medi-Cal - Alameda Cty ACCESS','75118468',NULL,'8004919099',NULL,0,1117,NULL,NULL,NULL,NULL,1,NULL,NULL,NULL,NULL,NULL),
 (1186,'Medi-Cal - Alameda Cty ACCESS','75056598',NULL,NULL,NULL,0,1118,NULL,NULL,NULL,NULL,1,NULL,NULL,NULL,NULL,NULL),
 (1187,'Medi-Cal - Alameda Cty ACCESS','75084048',NULL,'8004919099',NULL,0,1119,NULL,NULL,NULL,NULL,1,NULL,NULL,NULL,NULL,NULL),
 (1188,'Medi-Cal - Alameda Cty ACCESS','75122970',NULL,NULL,NULL,0,1120,NULL,NULL,NULL,NULL,1,NULL,NULL,NULL,NULL,NULL),
 (1189,'PacifiCare HMO',NULL,'15.00','8009999585','051150441',12,1121,NULL,NULL,NULL,NULL,1,NULL,NULL,NULL,NULL,NULL),
 (1190,'PacifiCare HMO',NULL,'0.00',NULL,'051150684',5,1122,NULL,NULL,NULL,NULL,1,NULL,NULL,NULL,NULL,NULL),
 (1191,'PacifiCare HMO',NULL,'0.00',NULL,'051150809',4,1123,NULL,NULL,NULL,NULL,1,NULL,NULL,NULL,NULL,NULL),
 (1196,'Medi-Cal - Alameda Cty ACCESS','75104670',NULL,NULL,NULL,0,1124,NULL,NULL,NULL,NULL,1,NULL,NULL,NULL,NULL,NULL),
 (1197,'Contra Costa Access',NULL,NULL,NULL,'A249829',0,1125,NULL,NULL,NULL,NULL,1,NULL,NULL,NULL,NULL,NULL),
 (1198,'Medi-Cal - Alameda Cty ACCESS','75078517',NULL,NULL,NULL,0,1126,NULL,NULL,NULL,NULL,1,NULL,NULL,NULL,NULL,NULL),
 (1199,'Medi-Cal - Alameda Cty ACCESS','75078523',NULL,NULL,NULL,0,1127,NULL,NULL,NULL,NULL,1,NULL,NULL,NULL,NULL,NULL),
 (1200,'PacifiCare HMO',NULL,'5.00','8009999585','051160742',4,1128,NULL,NULL,NULL,NULL,1,NULL,NULL,NULL,NULL,NULL),
 (1201,'CHIPA - MHN','R01855767',NULL,'8007793825','158842-01-07',0,1129,NULL,NULL,NULL,NULL,1,NULL,NULL,NULL,NULL,NULL),
 (1202,'PacifiCare HMO',NULL,'20.00','8009999585','051040688',4,1130,NULL,NULL,NULL,NULL,1,NULL,NULL,NULL,NULL,NULL),
 (1203,'Medi-Cal - Alameda Cty ACCESS','75122937',NULL,NULL,NULL,0,1131,NULL,NULL,NULL,NULL,1,NULL,NULL,NULL,NULL,NULL),
 (1204,'Medi-Cal - Alameda Cty ACCESS','75085747',NULL,NULL,NULL,0,1132,NULL,NULL,NULL,NULL,1,NULL,NULL,NULL,NULL,NULL),
 (1205,'Medi-Cal - Alameda Cty ACCESS','75065557',NULL,NULL,NULL,0,1133,NULL,NULL,NULL,NULL,1,NULL,NULL,NULL,NULL,NULL),
 (1206,'Medi-Cal - Alameda Cty ACCESS','75110912',NULL,'8004919099',NULL,0,1134,NULL,NULL,NULL,NULL,1,NULL,NULL,NULL,NULL,NULL),
 (1207,'Medi-Cal - Alameda Cty ACCESS','75101424',NULL,'8004919099',NULL,0,1135,NULL,NULL,NULL,NULL,1,NULL,NULL,NULL,NULL,NULL),
 (1208,'MHN',NULL,NULL,'8005266657','KIT# 1816239',0,1136,NULL,NULL,NULL,NULL,1,NULL,NULL,NULL,NULL,NULL),
 (1209,'Medi-Cal - Alameda Cty ACCESS','75049844',NULL,'8004919099',NULL,0,1137,NULL,NULL,NULL,NULL,1,NULL,NULL,NULL,NULL,NULL),
 (1210,'Medi-Cal - Alameda Cty ACCESS','75117539',NULL,'8004919099',NULL,0,1138,NULL,NULL,NULL,NULL,1,NULL,NULL,NULL,NULL,NULL),
 (1212,'Medi-Cal - Alameda Cty ACCESS',NULL,NULL,NULL,NULL,0,1139,NULL,NULL,NULL,NULL,1,NULL,NULL,NULL,NULL,NULL),
 (1213,'Medi-Cal - Alameda Cty ACCESS','48651401',NULL,'8004919099',NULL,0,1140,NULL,NULL,NULL,NULL,1,NULL,NULL,NULL,NULL,NULL),
 (1214,'Medi-Cal - Alameda Cty ACCESS',NULL,NULL,'8004919099',NULL,0,1141,NULL,NULL,NULL,NULL,1,NULL,NULL,NULL,NULL,NULL),
 (1215,'Medi-Cal - Alameda Cty ACCESS','75122955',NULL,'8004919099',NULL,0,1142,NULL,NULL,NULL,NULL,1,NULL,NULL,NULL,NULL,NULL),
 (1216,'Medi-Cal - Alameda Cty ACCESS','75113571',NULL,'8004919099',NULL,0,1143,NULL,NULL,NULL,NULL,1,NULL,NULL,NULL,NULL,NULL),
 (1217,'Medi-Cal - Alameda Cty ACCESS','75105992',NULL,'8004919099',NULL,0,1144,NULL,NULL,NULL,NULL,1,NULL,NULL,NULL,NULL,NULL),
 (1218,'Medi-Cal - Alameda Cty ACCESS','75122993',NULL,'8004919099',NULL,0,1145,NULL,NULL,NULL,NULL,1,NULL,NULL,NULL,NULL,NULL),
 (1219,'Medi-Cal - Alameda Cty ACCESS',NULL,NULL,'8004919099',NULL,0,1146,NULL,NULL,NULL,NULL,1,NULL,NULL,NULL,NULL,NULL),
 (1220,'Medi-Cal - Alameda Cty ACCESS','75084774',NULL,'8004919099',NULL,0,1147,NULL,NULL,NULL,NULL,1,NULL,NULL,NULL,NULL,NULL),
 (1221,'Medi-Cal - Alameda Cty ACCESS','75053034',NULL,'8004919099',NULL,0,1148,NULL,NULL,NULL,NULL,1,NULL,NULL,NULL,NULL,NULL),
 (1222,'Medi-Cal - Alameda Cty ACCESS','75101370',NULL,'8004919099',NULL,0,1149,NULL,NULL,NULL,NULL,1,NULL,NULL,NULL,NULL,NULL),
 (1224,'Medi-Cal - Alameda Cty ACCESS','75019511',NULL,'8004909099',NULL,0,1150,NULL,NULL,NULL,NULL,1,NULL,NULL,NULL,NULL,NULL),
 (1225,'Medi-Cal - Alameda Cty ACCESS','59933201',NULL,'8004919099',NULL,0,1151,NULL,NULL,NULL,NULL,1,NULL,NULL,NULL,NULL,NULL),
 (1226,'Medi-Cal - Alameda Cty ACCESS','75074472',NULL,'8004919099',NULL,0,1152,NULL,NULL,NULL,NULL,1,NULL,NULL,NULL,NULL,NULL),
 (1227,'Medi-Cal - Alameda Cty ACCESS','75094970',NULL,'8004919099',NULL,0,1153,NULL,NULL,NULL,NULL,1,NULL,NULL,NULL,NULL,NULL),
 (1228,'PacifiCare HMO',NULL,'5.00','8009999585','051170729',12,1154,NULL,NULL,NULL,NULL,1,NULL,NULL,NULL,NULL,NULL),
 (1229,'PacifiCare HMO',NULL,'20.00','8009999585','050980590',12,1155,NULL,NULL,NULL,NULL,1,NULL,NULL,NULL,NULL,NULL),
 (1230,'Medi-Cal - Alameda Cty ACCESS','75123035',NULL,'8004919099',NULL,0,1156,NULL,NULL,NULL,NULL,1,NULL,NULL,NULL,NULL,NULL),
 (1231,'Medi-Cal - Alameda Cty ACCESS','75070087',NULL,'8004919099',NULL,0,1157,NULL,NULL,NULL,NULL,1,NULL,NULL,NULL,NULL,NULL),
 (1232,'Medi-Cal - Alameda Cty ACCESS','58685901',NULL,'8004909099',NULL,0,1158,NULL,NULL,NULL,NULL,1,NULL,NULL,NULL,NULL,NULL),
 (1233,'Medi-Cal - Alameda Cty ACCESS','75095749',NULL,'8004909099',NULL,0,1159,NULL,NULL,NULL,NULL,1,NULL,NULL,NULL,NULL,NULL),
 (1234,'Medi-Cal - Alameda Cty ACCESS',NULL,NULL,'8004909099',NULL,0,1160,NULL,NULL,NULL,NULL,1,NULL,NULL,NULL,NULL,NULL),
 (1235,'Medi-Cal - Alameda Cty ACCESS','75118268',NULL,'8004919099',NULL,0,1161,NULL,NULL,NULL,NULL,1,NULL,NULL,NULL,NULL,NULL),
 (1236,'Medi-Cal - Alameda Cty ACCESS','75071362',NULL,'8004919099',NULL,0,1162,NULL,NULL,NULL,NULL,1,NULL,NULL,NULL,NULL,NULL),
 (1237,'Medi-Cal - Alameda Cty ACCESS','75123063',NULL,'8004919099',NULL,0,1163,NULL,NULL,NULL,NULL,1,NULL,NULL,NULL,NULL,NULL),
 (1238,'Medi-Cal - Alameda Cty ACCESS','75123093',NULL,'8004919099',NULL,0,1164,NULL,NULL,NULL,NULL,1,NULL,NULL,NULL,NULL,NULL),
 (1239,'PacifiCare HMO',NULL,'20.00','8009999585','040340820',4,1165,NULL,NULL,NULL,NULL,1,NULL,NULL,NULL,NULL,NULL),
 (1240,'CHIPA - MHN','R03488818',NULL,'8889355966','02198578',0,1166,NULL,NULL,NULL,NULL,1,NULL,NULL,NULL,NULL,NULL),
 (1241,'PacifiCare HMO',NULL,'5.00','8009999585','050101683',4,1167,NULL,NULL,NULL,NULL,1,NULL,NULL,NULL,NULL,NULL),
 (1242,'PacifiCare HMO',NULL,'10.00','8009999585','050270654',12,1168,NULL,NULL,NULL,NULL,1,NULL,NULL,NULL,NULL,NULL),
 (1243,'PacifiCare HMO',NULL,'35.00','8009999585','051080462',12,1169,NULL,NULL,NULL,NULL,1,NULL,NULL,NULL,NULL,NULL),
 (1244,'PacifiCare HMO',NULL,'30.00',NULL,'051160815',4,1170,NULL,NULL,NULL,NULL,1,NULL,NULL,NULL,NULL,NULL),
 (1248,'Medi-Cal - Alameda Cty ACCESS','75038849',NULL,NULL,NULL,0,1171,NULL,NULL,NULL,NULL,1,NULL,NULL,NULL,NULL,NULL),
 (1249,'Contra Costa Access',NULL,NULL,NULL,'A250962',0,1172,NULL,NULL,NULL,NULL,1,NULL,NULL,NULL,NULL,NULL),
 (1250,'Medi-Cal - Alameda Cty ACCESS','75117764',NULL,NULL,NULL,0,1173,NULL,NULL,NULL,NULL,1,NULL,NULL,NULL,NULL,NULL),
 (1251,'Medi-Cal - Alameda Cty ACCESS','75123108',NULL,NULL,NULL,0,1174,NULL,NULL,NULL,NULL,1,NULL,NULL,NULL,NULL,NULL),
 (1252,'Medi-Cal - Alameda Cty ACCESS','75123191',NULL,NULL,NULL,0,1175,NULL,NULL,NULL,NULL,1,NULL,NULL,NULL,NULL,NULL),
 (1253,'MHN','R02577212','5.00','8009777958',NULL,0,1176,NULL,NULL,NULL,NULL,1,NULL,NULL,NULL,NULL,NULL),
 (1254,'PacifiCare HMO',NULL,'5.00',NULL,'051220839',4,1177,NULL,NULL,NULL,NULL,1,NULL,NULL,NULL,NULL,NULL),
 (1255,'Contra Costa Access',NULL,NULL,NULL,'A250978',0,1178,NULL,NULL,NULL,NULL,1,NULL,NULL,NULL,NULL,NULL),
 (1256,'PacifiCare HMO',NULL,'10.00',NULL,'051080639',4,1179,NULL,NULL,NULL,NULL,1,NULL,NULL,NULL,NULL,NULL),
 (1257,'MHN','R02311781','15.00','8887792236','kit# 1819783 auth# 02200736',52,1180,NULL,NULL,NULL,NULL,1,NULL,NULL,NULL,NULL,NULL),
 (1258,'PacifiCare HMO',NULL,'5.00',NULL,'040221178',12,1181,NULL,NULL,NULL,NULL,1,NULL,NULL,NULL,NULL,NULL),
 (1259,'Medi-Cal - Alameda Cty ACCESS','75057416',NULL,NULL,NULL,0,1182,NULL,NULL,NULL,NULL,1,NULL,NULL,NULL,NULL,NULL),
 (1260,'Contra Costa Access',NULL,NULL,NULL,'A251100',0,1183,NULL,NULL,NULL,NULL,1,NULL,NULL,NULL,NULL,NULL),
 (1261,'PacifiCare HMO',NULL,NULL,NULL,NULL,0,1184,NULL,NULL,NULL,NULL,1,NULL,NULL,NULL,NULL,NULL),
 (1262,'Medi-Cal - Alameda Cty ACCESS','75081857',NULL,'8004909099',NULL,0,1185,NULL,NULL,NULL,NULL,1,NULL,NULL,NULL,NULL,NULL),
 (1263,'Medi-Cal - Alameda Cty ACCESS','75062175',NULL,'8004919099',NULL,0,1186,NULL,NULL,NULL,NULL,1,NULL,NULL,NULL,NULL,NULL),
 (1264,'Medi-Cal - Alameda Cty ACCESS','75123129',NULL,'8004919099',NULL,0,1187,NULL,NULL,NULL,NULL,1,NULL,NULL,NULL,NULL,NULL),
 (1265,'PacifiCare HMO',NULL,'30.00','8009999585','051180621',4,1188,NULL,NULL,NULL,NULL,1,NULL,NULL,NULL,NULL,NULL),
 (1266,'Medi-Cal - Alameda Cty ACCESS','75069939',NULL,'8004919099',NULL,0,1189,NULL,NULL,NULL,NULL,1,NULL,NULL,NULL,NULL,NULL),
 (1267,'Medi-Cal - Alameda Cty ACCESS','75123192',NULL,NULL,NULL,0,1190,NULL,NULL,NULL,NULL,1,NULL,NULL,NULL,NULL,NULL),
 (1268,'Contra Costa Access',NULL,NULL,NULL,'A250922',0,1191,NULL,NULL,NULL,NULL,1,NULL,NULL,NULL,NULL,NULL),
 (1270,'Medi-Cal - Alameda Cty ACCESS','75098134',NULL,NULL,NULL,0,1192,NULL,NULL,NULL,NULL,1,NULL,NULL,NULL,NULL,NULL),
 (1271,'CHIPA - MHN','R01035651','25.00','8884260030','02202041 -- KIT# 01820925',0,1193,NULL,NULL,NULL,NULL,1,NULL,NULL,NULL,NULL,NULL),
 (1272,'Medi-Cal - Alameda Cty ACCESS','75072334',NULL,'8004909099',NULL,0,1194,NULL,NULL,NULL,NULL,1,NULL,NULL,NULL,NULL,NULL),
 (1273,'Medi-Cal - Alameda Cty ACCESS','751213223',NULL,'8004909099',NULL,0,1195,NULL,NULL,NULL,NULL,1,NULL,NULL,NULL,NULL,NULL),
 (1274,'Medi-Cal - Alameda Cty ACCESS','75121522',NULL,'8004909099',NULL,0,1196,NULL,NULL,NULL,NULL,1,NULL,NULL,NULL,NULL,NULL),
 (1275,'Medi-Cal - Alameda Cty ACCESS','75080751',NULL,'8004909099',NULL,0,1197,NULL,NULL,NULL,NULL,1,NULL,NULL,NULL,NULL,NULL),
 (1276,'Medi-Cal - Alameda Cty ACCESS','75079609',NULL,'8004909099',NULL,0,1198,NULL,NULL,NULL,NULL,1,NULL,NULL,NULL,NULL,NULL),
 (1277,'Medi-Cal - Alameda Cty ACCESS','75012202',NULL,'8004909099',NULL,0,1199,NULL,NULL,NULL,NULL,1,NULL,NULL,NULL,NULL,NULL),
 (1278,'Medi-Cal - Alameda Cty ACCESS','75093688',NULL,'8004909099',NULL,0,1200,NULL,NULL,NULL,NULL,1,NULL,NULL,NULL,NULL,NULL),
 (1279,'Medi-Cal - Alameda Cty ACCESS','75117611',NULL,'8004909099',NULL,0,1201,NULL,NULL,NULL,NULL,1,NULL,NULL,NULL,NULL,NULL),
 (1280,'Medi-Cal - Alameda Cty ACCESS','75117723',NULL,'8004919099',NULL,0,1202,NULL,NULL,NULL,NULL,1,NULL,NULL,NULL,NULL,NULL),
 (1281,'PacifiCare HMO',NULL,NULL,NULL,'043661000',0,1203,NULL,NULL,NULL,NULL,1,NULL,NULL,NULL,NULL,NULL),
 (1282,'Medi-Cal - Alameda Cty ACCESS','25061301',NULL,NULL,NULL,0,1204,NULL,NULL,NULL,NULL,1,NULL,NULL,NULL,NULL,NULL),
 (1283,'Medi-Cal - Alameda Cty ACCESS','75110987',NULL,'8004909099',NULL,0,1205,NULL,NULL,NULL,NULL,1,NULL,NULL,NULL,NULL,NULL),
 (1284,'Medi-Cal - Alameda Cty ACCESS','75039685',NULL,'8004909099',NULL,0,1206,NULL,NULL,NULL,NULL,1,NULL,NULL,NULL,NULL,NULL),
 (1285,'Contra Costa Access',NULL,NULL,NULL,'A247569',0,1207,NULL,NULL,NULL,NULL,1,NULL,NULL,NULL,NULL,NULL),
 (1286,'Medi-Cal - Alameda Cty ACCESS','75111200',NULL,'8004909099',NULL,0,1208,NULL,NULL,NULL,NULL,1,NULL,NULL,NULL,NULL,NULL),
 (1287,'Medi-Cal - Alameda Cty ACCESS','43154401',NULL,'8004909099',NULL,0,1209,NULL,NULL,NULL,NULL,1,NULL,NULL,NULL,NULL,NULL),
 (1288,'Contra Costa Access',NULL,NULL,NULL,'A248952',0,1210,NULL,NULL,NULL,NULL,1,NULL,NULL,NULL,NULL,NULL),
 (1289,'Contra Costa Access',NULL,NULL,NULL,'A251160',0,1211,NULL,NULL,NULL,NULL,1,NULL,NULL,NULL,NULL,NULL),
 (1290,'Medi-Cal - Alameda Cty ACCESS','75121655',NULL,'8004909099',NULL,0,1212,NULL,NULL,NULL,NULL,1,NULL,NULL,NULL,NULL,NULL),
 (1291,'Medi-Cal - Alameda Cty ACCESS','75100194',NULL,NULL,NULL,0,1213,NULL,NULL,NULL,NULL,1,NULL,NULL,NULL,NULL,NULL),
 (1292,'PacifiCare HMO',NULL,'5.00',NULL,'051250364',12,1214,NULL,NULL,NULL,NULL,1,NULL,NULL,NULL,NULL,NULL),
 (1293,'Medi-Cal - Alameda Cty ACCESS','75123187',NULL,NULL,NULL,0,1215,NULL,NULL,NULL,NULL,1,NULL,NULL,NULL,NULL,NULL),
 (1665,'PacifiCare HMO',NULL,NULL,'8009999585','051250409',3,1216,NULL,NULL,NULL,NULL,1,NULL,NULL,NULL,NULL,NULL),
 (1295,'PacifiCare HMO',NULL,NULL,'8009999585','051230781',5,1217,NULL,NULL,NULL,NULL,1,NULL,NULL,NULL,NULL,NULL),
 (1296,'USBH','XEHJ01554511',NULL,'8007983053','none required',0,1218,NULL,NULL,NULL,NULL,1,NULL,NULL,NULL,NULL,NULL),
 (1297,'Medi-Cal - Alameda Cty ACCESS','29656601',NULL,NULL,NULL,0,1219,NULL,NULL,NULL,NULL,1,NULL,NULL,NULL,NULL,NULL),
 (1298,'PacifiCare HMO',NULL,'15.00','8009999585','051260587',4,1220,NULL,NULL,NULL,NULL,1,NULL,NULL,NULL,NULL,NULL),
 (1299,'PacifiCare HMO',NULL,NULL,'8009999585','051230901',4,1221,NULL,NULL,NULL,NULL,1,NULL,NULL,NULL,NULL,NULL),
 (1300,'PacifiCare HMO',NULL,'5.00',NULL,'043480503',12,1222,NULL,NULL,NULL,NULL,1,NULL,NULL,NULL,NULL,NULL),
 (1301,'PacifiCare HMO',NULL,'15.00',NULL,'051110786',4,1223,NULL,NULL,NULL,NULL,1,NULL,NULL,NULL,NULL,NULL),
 (1302,'Medi-Cal - Alameda Cty ACCESS','75114339',NULL,NULL,NULL,0,1224,NULL,NULL,NULL,NULL,1,NULL,NULL,NULL,NULL,NULL),
 (1303,'Medi-Cal - Alameda Cty ACCESS','75111256',NULL,NULL,NULL,0,1225,NULL,NULL,NULL,NULL,1,NULL,NULL,NULL,NULL,NULL),
 (1304,'PacifiCare HMO','051290412',NULL,NULL,NULL,0,1226,NULL,NULL,NULL,NULL,1,NULL,NULL,NULL,NULL,NULL),
 (1305,'CHIPA - Magellan','w119627129-01','20.00','8004244047',NULL,8,1227,NULL,NULL,NULL,NULL,1,NULL,NULL,NULL,NULL,NULL),
 (1306,'PacifiCare HMO','050481116','20.00',NULL,NULL,0,1228,NULL,NULL,NULL,NULL,1,NULL,NULL,NULL,NULL,NULL),
 (1307,'PacifiCare HMO',NULL,'15.00',NULL,NULL,0,1229,NULL,NULL,NULL,NULL,1,NULL,NULL,NULL,NULL,NULL),
 (1308,'PacifiCare HMO','051290823','25.00',NULL,NULL,0,1230,NULL,NULL,NULL,NULL,1,NULL,NULL,NULL,NULL,NULL),
 (1490,'PacifiCare HMO',NULL,NULL,'8009999585','042930516',3,1231,NULL,NULL,NULL,NULL,1,NULL,NULL,NULL,NULL,NULL),
 (1310,'PacifiCare HMO',NULL,'15.00',NULL,'051290632',4,1232,NULL,NULL,NULL,NULL,1,NULL,NULL,NULL,NULL,NULL),
 (1312,'Medi-Cal - Alameda Cty ACCESS','75061446',NULL,NULL,NULL,0,1233,NULL,NULL,NULL,NULL,1,NULL,NULL,NULL,NULL,NULL),
 (1313,'PacifiCare HMO',NULL,'0.00',NULL,'051190437',9,1234,NULL,NULL,NULL,NULL,1,NULL,NULL,NULL,NULL,NULL),
 (1314,'Medi-Cal - Alameda Cty ACCESS','75062175',NULL,'8004919099',NULL,0,1235,NULL,NULL,NULL,NULL,1,NULL,NULL,NULL,NULL,NULL),
 (1346,'PacifiCare HMO',NULL,'5.00','8009999585','051150521',12,1236,NULL,NULL,NULL,NULL,1,NULL,NULL,NULL,NULL,NULL),
 (1317,'PacifiCare HMO',NULL,'25.00',NULL,NULL,0,1237,NULL,NULL,NULL,NULL,1,NULL,NULL,NULL,NULL,NULL),
 (1318,'Medi-Cal - Alameda Cty ACCESS','75108808',NULL,'8004909099',NULL,0,1238,NULL,NULL,NULL,NULL,1,NULL,NULL,NULL,NULL,NULL),
 (1319,'PacifiCare HMO',NULL,'10.00',NULL,'051220286',4,1239,NULL,NULL,NULL,NULL,1,NULL,NULL,NULL,NULL,NULL),
 (1320,'Medi-Cal - Alameda Cty ACCESS','75079458',NULL,'8004919099',NULL,0,1240,NULL,NULL,NULL,NULL,1,NULL,NULL,NULL,NULL,NULL),
 (1321,'Medi-Cal - Alameda Cty ACCESS','no psp',NULL,'8004909099',NULL,0,1241,NULL,NULL,NULL,NULL,1,NULL,NULL,NULL,NULL,NULL),
 (1322,'Medi-Cal - Alameda Cty ACCESS','75123348',NULL,NULL,NULL,0,1242,NULL,NULL,NULL,NULL,1,NULL,NULL,NULL,NULL,NULL),
 (1323,'Medi-Cal - Alameda Cty ACCESS','75123382',NULL,NULL,NULL,0,1243,NULL,NULL,NULL,NULL,1,NULL,NULL,NULL,NULL,NULL),
 (1324,'Medi-Cal - Alameda Cty ACCESS','75120673',NULL,'8004909099',NULL,0,1244,NULL,NULL,NULL,NULL,1,NULL,NULL,NULL,NULL,NULL),
 (1325,'Medi-Cal - Alameda Cty ACCESS',NULL,NULL,NULL,NULL,0,1245,NULL,NULL,NULL,NULL,1,NULL,NULL,NULL,NULL,NULL),
 (1326,'Medi-Cal - Alameda Cty ACCESS','75122821',NULL,NULL,NULL,0,1246,NULL,NULL,NULL,NULL,1,NULL,NULL,NULL,NULL,NULL),
 (1327,'Medi-Cal - Alameda Cty ACCESS','75123255',NULL,'8004919099',NULL,0,1247,NULL,NULL,NULL,NULL,1,NULL,NULL,NULL,NULL,NULL),
 (1328,'Medi-Cal - Alameda Cty ACCESS',NULL,NULL,NULL,NULL,0,1248,NULL,NULL,NULL,NULL,1,NULL,NULL,NULL,NULL,NULL),
 (1329,'Medi-Cal - Alameda Cty ACCESS','75123344',NULL,NULL,NULL,0,1249,NULL,NULL,NULL,NULL,1,NULL,NULL,NULL,NULL,NULL),
 (1330,'Medi-Cal - Alameda Cty ACCESS','75097945',NULL,'8004909099',NULL,0,1250,NULL,NULL,NULL,NULL,1,NULL,NULL,NULL,NULL,NULL),
 (1331,'Medi-Cal - Alameda Cty ACCESS','75097940',NULL,NULL,NULL,0,1251,NULL,NULL,NULL,NULL,1,NULL,NULL,NULL,NULL,NULL),
 (1332,'Medi-Cal - Alameda Cty ACCESS','75060066',NULL,NULL,NULL,0,1252,NULL,NULL,NULL,NULL,1,NULL,NULL,NULL,NULL,NULL),
 (1335,'UBH','XECJ02462828',NULL,'8888525345',NULL,0,1253,NULL,NULL,NULL,NULL,1,NULL,NULL,NULL,NULL,NULL),
 (1336,'PacifiCare PPO','706152400','10.00','8009089185',NULL,60,1254,NULL,NULL,NULL,NULL,1,NULL,NULL,NULL,NULL,NULL),
 (1337,'CHIPA - Magellan','RFB84754262','25.00','8006263643','5463CP00919',10,1255,NULL,NULL,NULL,NULL,1,NULL,NULL,NULL,NULL,NULL),
 (1338,'PacifiCare HMO',NULL,'5.00',NULL,'051300185',4,1256,NULL,NULL,NULL,NULL,1,NULL,NULL,NULL,NULL,NULL),
 (1339,'Medi-Cal - Alameda Cty ACCESS','75109497',NULL,NULL,NULL,0,1257,NULL,NULL,NULL,NULL,1,NULL,NULL,NULL,NULL,NULL),
 (1340,'PacifiCare HMO',NULL,'20.00',NULL,'051300128',4,1258,NULL,NULL,NULL,NULL,1,NULL,NULL,NULL,NULL,NULL),
 (1341,'Medi-Cal - Alameda Cty ACCESS',NULL,NULL,NULL,NULL,0,1259,NULL,NULL,NULL,NULL,1,NULL,NULL,NULL,NULL,NULL),
 (1342,'Medi-Cal - Alameda Cty ACCESS',NULL,NULL,NULL,NULL,0,1260,NULL,NULL,NULL,NULL,1,NULL,NULL,NULL,NULL,NULL),
 (1343,'Medi-Cal - Alameda Cty ACCESS',NULL,NULL,NULL,NULL,0,1261,NULL,NULL,NULL,NULL,1,NULL,NULL,NULL,NULL,NULL),
 (1344,'Medi-Cal - Alameda Cty ACCESS',NULL,NULL,NULL,NULL,0,1262,NULL,NULL,NULL,NULL,1,NULL,NULL,NULL,NULL,NULL),
 (1347,'PacifiCare HMO',NULL,'20.00','8009999585','051310263',4,1263,NULL,NULL,NULL,NULL,1,NULL,NULL,NULL,NULL,NULL),
 (1348,'Medi-Cal - Alameda Cty ACCESS','75123384',NULL,'8004919099',NULL,0,1264,NULL,NULL,NULL,NULL,1,NULL,NULL,NULL,NULL,NULL),
 (1349,'Medi-Cal - Alameda Cty ACCESS','no psp #',NULL,'8004919099',NULL,0,1265,NULL,NULL,NULL,NULL,1,NULL,NULL,NULL,NULL,NULL),
 (1350,'Medi-Cal - Alameda Cty ACCESS','75061054',NULL,'8004909099',NULL,0,1266,NULL,NULL,NULL,NULL,1,NULL,NULL,NULL,NULL,NULL),
 (1351,'Medi-Cal - Alameda Cty ACCESS','75123413',NULL,'8004909099',NULL,0,1267,NULL,NULL,NULL,NULL,1,NULL,NULL,NULL,NULL,NULL),
 (1352,'Medi-Cal - Alameda Cty ACCESS',NULL,NULL,'8004919099',NULL,0,1268,NULL,NULL,NULL,NULL,1,NULL,NULL,NULL,NULL,NULL),
 (1353,'Medi-Cal - Alameda Cty ACCESS','no psp',NULL,'8004909099',NULL,0,1269,NULL,NULL,NULL,NULL,1,NULL,NULL,NULL,NULL,NULL),
 (1354,'Medi-Cal - Alameda Cty ACCESS','52447001',NULL,'8004919099',NULL,0,1270,NULL,NULL,NULL,NULL,1,NULL,NULL,NULL,NULL,NULL),
 (1355,'Medi-Cal - Alameda Cty ACCESS','75114603',NULL,'8004909099',NULL,0,1271,NULL,NULL,NULL,NULL,1,NULL,NULL,NULL,NULL,NULL),
 (1356,'Medi-Cal - Alameda Cty ACCESS','75075293',NULL,'8004919099',NULL,0,1272,NULL,NULL,NULL,NULL,1,NULL,NULL,NULL,NULL,NULL),
 (1357,'Medi-Cal - Alameda Cty ACCESS','75071224',NULL,'8004909099',NULL,0,1273,NULL,NULL,NULL,NULL,1,NULL,NULL,NULL,NULL,NULL),
 (1358,'PacifiCare HMO',NULL,'5.00',NULL,'051310431',4,1274,NULL,NULL,NULL,NULL,1,NULL,NULL,NULL,NULL,NULL),
 (1359,'Contra Costa Access',NULL,NULL,NULL,'A251738',0,1275,NULL,NULL,NULL,NULL,1,NULL,NULL,NULL,NULL,NULL),
 (1360,'PacifiCare HMO',NULL,'15.00','8009999585','051220315',16,1276,NULL,NULL,NULL,NULL,1,NULL,NULL,NULL,NULL,NULL),
 (1361,'Medi-Cal - Alameda Cty ACCESS','no psp #',NULL,'8004909099',NULL,0,1277,NULL,NULL,NULL,NULL,1,NULL,NULL,NULL,NULL,NULL),
 (1362,'PacifiCare HMO',NULL,'40.00',NULL,'051320521',12,1278,NULL,NULL,NULL,NULL,1,NULL,NULL,NULL,NULL,NULL),
 (1363,'Medi-Cal - Alameda Cty ACCESS','75023107',NULL,'8004909099',NULL,0,1279,NULL,NULL,NULL,NULL,1,NULL,NULL,NULL,NULL,NULL),
 (1364,'Medi-Cal - Alameda Cty ACCESS','75053453',NULL,'8004909099',NULL,0,1280,NULL,NULL,NULL,NULL,1,NULL,NULL,NULL,NULL,NULL),
 (1365,'CHIPA - Magellan','BBMMWD2BA','25.00','8007793825','conf#1750280101',0,1281,NULL,NULL,NULL,NULL,1,NULL,NULL,NULL,NULL,NULL),
 (1366,'PacifiCare HMO',NULL,'0.00',NULL,'051180742',4,1282,NULL,NULL,NULL,NULL,1,NULL,NULL,NULL,NULL,NULL),
 (1367,'Medi-Cal - Alameda Cty ACCESS','75086097',NULL,NULL,NULL,0,1283,NULL,NULL,NULL,NULL,1,NULL,NULL,NULL,NULL,NULL),
 (1368,'PacifiCare HMO',NULL,'5.00','8009999585','051310664',4,1284,NULL,NULL,NULL,NULL,1,NULL,NULL,NULL,NULL,NULL),
 (1369,'PacifiCare HMO',NULL,'5.00','8009999585','051320634',4,1285,NULL,NULL,NULL,NULL,1,NULL,NULL,NULL,NULL,NULL),
 (1370,'Contra Costa Access',NULL,NULL,NULL,'A251742',0,1286,NULL,NULL,NULL,NULL,1,NULL,NULL,NULL,NULL,NULL),
 (1371,'Contra Costa Access',NULL,NULL,NULL,'A251232',0,1287,NULL,NULL,NULL,NULL,1,NULL,NULL,NULL,NULL,NULL),
 (1372,'PacifiCare HMO',NULL,'30.00','8009999585','043562684',12,1288,NULL,NULL,NULL,NULL,1,NULL,NULL,NULL,NULL,NULL),
 (1470,'Medi-Cal - Alameda Cty ACCESS','49210801',NULL,'8004909099',NULL,0,1289,NULL,NULL,NULL,NULL,1,NULL,NULL,NULL,NULL,NULL),
 (1374,'PacifiCare HMO',NULL,'10.00',NULL,'051330257',16,1290,NULL,NULL,NULL,NULL,1,NULL,NULL,NULL,NULL,NULL),
 (1375,'Medi-Cal - Alameda Cty ACCESS','75048492',NULL,NULL,NULL,0,1291,NULL,NULL,NULL,NULL,1,NULL,NULL,NULL,NULL,NULL),
 (1376,'Medi-Cal - Alameda Cty ACCESS','75118216',NULL,NULL,NULL,0,1292,NULL,NULL,NULL,NULL,1,NULL,NULL,NULL,NULL,NULL),
 (1377,'PacifiCare HMO',NULL,'15.00',NULL,'051310370',4,1293,NULL,NULL,NULL,NULL,1,NULL,NULL,NULL,NULL,NULL),
 (1378,'Medi-Cal - Alameda Cty ACCESS','60561801',NULL,'8004909099',NULL,0,1294,NULL,NULL,NULL,NULL,1,NULL,NULL,NULL,NULL,NULL),
 (1379,'Medi-Cal - Alameda Cty ACCESS','75123474',NULL,'8004909099',NULL,0,1295,NULL,NULL,NULL,NULL,1,NULL,NULL,NULL,NULL,NULL),
 (1380,'Medi-Cal - Alameda Cty ACCESS','75114665',NULL,'8004909099',NULL,0,1296,NULL,NULL,NULL,NULL,1,NULL,NULL,NULL,NULL,NULL),
 (1381,'PacifiCare HMO',NULL,'0.00',NULL,'051360732',3,1297,NULL,NULL,NULL,NULL,1,NULL,NULL,NULL,NULL,NULL),
 (1382,'Medi-Cal - Alameda Cty ACCESS','75083923',NULL,'8004909099',NULL,0,1298,NULL,NULL,NULL,NULL,1,NULL,NULL,NULL,NULL,NULL),
 (1383,'Medi-Cal - Alameda Cty ACCESS','75123420',NULL,'8004909099',NULL,0,1299,NULL,NULL,NULL,NULL,1,NULL,NULL,NULL,NULL,NULL),
 (1384,'Medi-Cal - Alameda Cty ACCESS','75123496',NULL,'8004909099',NULL,0,1300,NULL,NULL,NULL,NULL,1,NULL,NULL,NULL,NULL,NULL),
 (1385,'Medi-Cal - Alameda Cty ACCESS','75123484',NULL,'8004909099',NULL,0,1301,NULL,NULL,NULL,NULL,1,NULL,NULL,NULL,NULL,NULL),
 (1386,'PacifiCare HMO',NULL,'30.00',NULL,'051360723',12,1302,NULL,NULL,NULL,NULL,1,NULL,NULL,NULL,NULL,NULL),
 (1387,'Medi-Cal - Alameda Cty ACCESS','17556201',NULL,'8004909099',NULL,0,1303,NULL,NULL,NULL,NULL,1,NULL,NULL,NULL,NULL,NULL),
 (1388,'Contra Costa Access','75056362',NULL,'8004909099',NULL,0,1304,NULL,NULL,NULL,NULL,1,NULL,NULL,NULL,NULL,NULL),
 (1389,'CHIPA - Magellan','w119663071',NULL,'8008894033','no auth needed',0,1305,NULL,NULL,NULL,NULL,1,NULL,NULL,NULL,NULL,NULL),
 (1390,'Medi-Cal - Alameda Cty ACCESS','66945701',NULL,'8004909099',NULL,0,1306,NULL,NULL,NULL,NULL,1,NULL,NULL,NULL,NULL,NULL),
 (1391,'PacifiCare HMO',NULL,'5.00',NULL,'051360852',4,1307,NULL,NULL,NULL,NULL,1,NULL,NULL,NULL,NULL,NULL),
 (1392,'Medi-Cal - Alameda Cty ACCESS','75123509',NULL,'8004909099',NULL,0,1308,NULL,NULL,NULL,NULL,1,NULL,NULL,NULL,NULL,NULL),
 (1393,'Medi-Cal - Alameda Cty ACCESS','75123514',NULL,'8004909099',NULL,0,1309,NULL,NULL,NULL,NULL,1,NULL,NULL,NULL,NULL,NULL),
 (1394,'Medi-Cal - Alameda Cty ACCESS','75116269',NULL,'8004909099',NULL,0,1310,NULL,NULL,NULL,NULL,1,NULL,NULL,NULL,NULL,NULL),
 (1395,'Medi-Cal - Alameda Cty ACCESS','75113711',NULL,'8004909099',NULL,0,1311,NULL,NULL,NULL,NULL,1,NULL,NULL,NULL,NULL,NULL),
 (1396,'Medi-Cal - Alameda Cty ACCESS','75037110',NULL,'8004909099',NULL,0,1312,NULL,NULL,NULL,NULL,1,NULL,NULL,NULL,NULL,NULL),
 (1397,'CHIPA - Magellan','SSN','35.00','8005888414','no auth needed',30,1313,NULL,NULL,NULL,NULL,1,NULL,NULL,NULL,NULL,NULL),
 (1398,'PacifiCare HMO',NULL,'0.00',NULL,'051040715',5,1314,NULL,NULL,NULL,NULL,1,NULL,NULL,NULL,NULL,NULL),
 (1399,'Medi-Cal - Alameda Cty ACCESS','75123199',NULL,NULL,NULL,0,1315,NULL,NULL,NULL,NULL,1,NULL,NULL,NULL,NULL,NULL),
 (1400,'Medi-Cal - Alameda Cty ACCESS','75111445',NULL,'8004909099',NULL,0,1316,NULL,NULL,NULL,NULL,1,NULL,NULL,NULL,NULL,NULL),
 (1401,'Medi-Cal - Alameda Cty ACCESS','68443101',NULL,'8004909099',NULL,0,1317,NULL,NULL,NULL,NULL,1,NULL,NULL,NULL,NULL,NULL),
 (1402,'Medi-Cal - Alameda Cty ACCESS','75120689',NULL,'8004919099',NULL,0,1318,NULL,NULL,NULL,NULL,1,NULL,NULL,NULL,NULL,NULL),
 (1403,'Medi-Cal - Alameda Cty ACCESS','75123578',NULL,'8004909099',NULL,0,1319,NULL,NULL,NULL,NULL,1,NULL,NULL,NULL,NULL,NULL),
 (1404,'Medi-Cal - Alameda Cty ACCESS','75111710',NULL,'8004909099',NULL,0,1320,NULL,NULL,NULL,NULL,1,NULL,NULL,NULL,NULL,NULL),
 (1405,'Medi-Cal - Alameda Cty ACCESS','75082573',NULL,'8004909099',NULL,0,1321,NULL,NULL,NULL,NULL,1,NULL,NULL,NULL,NULL,NULL),
 (1406,'Medi-Cal - Alameda Cty ACCESS','75123476',NULL,'8004919099',NULL,0,1322,NULL,NULL,NULL,NULL,1,NULL,NULL,NULL,NULL,NULL),
 (1407,'Medi-Cal - Alameda Cty ACCESS','75065282',NULL,'8004909099',NULL,0,1323,NULL,NULL,NULL,NULL,1,NULL,NULL,NULL,NULL,NULL),
 (1408,'Medi-Cal - Alameda Cty ACCESS','75123446',NULL,'8004909099',NULL,0,1324,NULL,NULL,NULL,NULL,1,NULL,NULL,NULL,NULL,NULL),
 (1409,'PacifiCare HMO',NULL,'5.00','8009999585','042260174',12,1325,NULL,NULL,NULL,NULL,1,NULL,NULL,NULL,NULL,NULL),
 (1410,'Medi-Cal - Alameda Cty ACCESS','75037136',NULL,NULL,NULL,0,1326,NULL,NULL,NULL,NULL,1,NULL,NULL,NULL,NULL,NULL),
 (1411,'PacifiCare HMO',NULL,'5.00','8009999585','051370944',16,1327,NULL,NULL,NULL,NULL,1,NULL,NULL,NULL,NULL,NULL),
 (1414,'Medi-Cal - Alameda Cty ACCESS','75027352',NULL,'8004909099',NULL,0,1328,NULL,NULL,NULL,NULL,1,NULL,NULL,NULL,NULL,NULL),
 (1415,'Medi-Cal - Alameda Cty ACCESS','75123605',NULL,'8004909099',NULL,0,1329,NULL,NULL,NULL,NULL,1,NULL,NULL,NULL,NULL,NULL),
 (1416,'Medi-Cal - Alameda Cty ACCESS','75052832',NULL,'8004919099',NULL,0,1330,NULL,NULL,NULL,NULL,1,NULL,NULL,NULL,NULL,NULL),
 (1417,'Medi-Cal - Alameda Cty ACCESS','75006755',NULL,'8004909099',NULL,0,1331,NULL,NULL,NULL,NULL,1,NULL,NULL,NULL,NULL,NULL),
 (1418,'Medi-Cal - Alameda Cty ACCESS','75089229',NULL,'8004909099',NULL,0,1332,NULL,NULL,NULL,NULL,1,NULL,NULL,NULL,NULL,NULL),
 (1419,'Medi-Cal - Alameda Cty ACCESS','46534401',NULL,'8004909099',NULL,0,1333,NULL,NULL,NULL,NULL,1,NULL,NULL,NULL,NULL,NULL),
 (1420,'Medi-Cal - Alameda Cty ACCESS','no psp',NULL,'8004909099',NULL,0,1334,NULL,NULL,NULL,NULL,1,NULL,NULL,NULL,NULL,NULL),
 (1421,'Medi-Cal - Alameda Cty ACCESS','75091101',NULL,'8004909099',NULL,0,1335,NULL,NULL,NULL,NULL,1,NULL,NULL,NULL,NULL,NULL),
 (1913,'Medi-Cal - Alameda Cty ACCESS',NULL,'0.00',NULL,NULL,0,1336,NULL,NULL,NULL,NULL,1,NULL,NULL,NULL,NULL,NULL),
 (1423,'Medi-Cal - Alameda Cty ACCESS','75048632',NULL,'8004909099',NULL,0,1337,NULL,NULL,NULL,NULL,1,NULL,NULL,NULL,NULL,NULL),
 (1424,'Medi-Cal - Alameda Cty ACCESS','75070989',NULL,'8004919099',NULL,0,1338,NULL,NULL,NULL,NULL,1,NULL,NULL,NULL,NULL,NULL),
 (1425,'Medi-Cal - Alameda Cty ACCESS','75059508',NULL,'8004909099',NULL,0,1339,NULL,NULL,NULL,NULL,1,NULL,NULL,NULL,NULL,NULL),
 (1426,'Medi-Cal - Alameda Cty ACCESS','no psp #',NULL,'8004909099',NULL,0,1340,NULL,NULL,NULL,NULL,1,NULL,NULL,NULL,NULL,NULL),
 (1427,'Medi-Cal - Alameda Cty ACCESS','75104344',NULL,'8004909099',NULL,0,1341,NULL,NULL,NULL,NULL,1,NULL,NULL,NULL,NULL,NULL),
 (1428,'Medi-Cal - Alameda Cty ACCESS','75123620',NULL,'8004909099',NULL,0,1342,NULL,NULL,NULL,NULL,1,NULL,NULL,NULL,NULL,NULL),
 (1429,'Medi-Cal - Alameda Cty ACCESS','75070435',NULL,'8004909099',NULL,0,1343,NULL,NULL,NULL,NULL,1,NULL,NULL,NULL,NULL,NULL),
 (1430,'Medi-Cal - Alameda Cty ACCESS','7510455',NULL,'8004919099',NULL,0,1344,NULL,NULL,NULL,NULL,1,NULL,NULL,NULL,NULL,NULL),
 (1431,'Medi-Cal - Alameda Cty ACCESS','75123621',NULL,NULL,NULL,0,1345,NULL,NULL,NULL,NULL,1,NULL,NULL,NULL,NULL,NULL),
 (1432,'Medi-Cal - Alameda Cty ACCESS','75123637',NULL,NULL,NULL,0,1346,NULL,NULL,NULL,NULL,1,NULL,NULL,NULL,NULL,NULL),
 (1433,'Medi-Cal - Alameda Cty ACCESS','75123139',NULL,NULL,NULL,0,1347,NULL,NULL,NULL,NULL,1,NULL,NULL,NULL,NULL,NULL),
 (1434,'Medi-Cal - Alameda Cty ACCESS','0000000',NULL,NULL,NULL,0,1348,NULL,NULL,NULL,NULL,1,NULL,NULL,NULL,NULL,NULL),
 (1435,'Medi-Cal - Alameda Cty ACCESS','75112241',NULL,NULL,NULL,0,1349,NULL,NULL,NULL,NULL,1,NULL,NULL,NULL,NULL,NULL),
 (1436,'Medi-Cal - Alameda Cty ACCESS','75122858',NULL,'8004909099',NULL,0,1350,NULL,NULL,NULL,NULL,1,NULL,NULL,NULL,NULL,NULL),
 (1437,'Medi-Cal - Alameda Cty ACCESS','75123630',NULL,NULL,NULL,0,1351,NULL,NULL,NULL,NULL,1,NULL,NULL,NULL,NULL,NULL),
 (1633,'Medi-Cal - Alameda Cty ACCESS',NULL,'0.00',NULL,NULL,0,1352,NULL,NULL,NULL,NULL,1,NULL,NULL,NULL,NULL,NULL),
 (1439,'Medi-Cal - Alameda Cty ACCESS','75074848',NULL,NULL,NULL,0,1353,NULL,NULL,NULL,NULL,1,NULL,NULL,NULL,NULL,NULL),
 (1440,'Medi-Cal - Alameda Cty ACCESS','29651701',NULL,'8004909099',NULL,0,1354,NULL,NULL,NULL,NULL,1,NULL,NULL,NULL,NULL,NULL),
 (1441,'Medi-Cal - Alameda Cty ACCESS','75086019',NULL,'8004909099',NULL,0,1355,NULL,NULL,NULL,NULL,1,NULL,NULL,NULL,NULL,NULL),
 (1442,'Medi-Cal - Alameda Cty ACCESS','75123627',NULL,'8004909099',NULL,0,1356,NULL,NULL,NULL,NULL,1,NULL,NULL,NULL,NULL,NULL),
 (1443,'Medi-Cal - Alameda Cty ACCESS','75034166',NULL,'8004909099',NULL,0,1357,NULL,NULL,NULL,NULL,1,NULL,NULL,NULL,NULL,NULL),
 (1444,'Medi-Cal - Alameda Cty ACCESS','75002103',NULL,'8004909099',NULL,0,1358,NULL,NULL,NULL,NULL,1,NULL,NULL,NULL,NULL,NULL),
 (1445,'Medi-Cal - Alameda Cty ACCESS','75103497',NULL,'8004909099',NULL,0,1359,NULL,NULL,NULL,NULL,1,NULL,NULL,NULL,NULL,NULL),
 (1446,'Medi-Cal - Alameda Cty ACCESS','no psp#',NULL,'8004909099',NULL,0,1360,NULL,NULL,NULL,NULL,1,NULL,NULL,NULL,NULL,NULL),
 (1447,'Medi-Cal - Alameda Cty ACCESS','75123585',NULL,'8004909099',NULL,0,1361,NULL,NULL,NULL,NULL,1,NULL,NULL,NULL,NULL,NULL),
 (1448,'Medi-Cal - Alameda Cty ACCESS','75123601',NULL,'8004909099',NULL,0,1362,NULL,NULL,NULL,NULL,1,NULL,NULL,NULL,NULL,NULL),
 (1449,'Medi-Cal - Alameda Cty ACCESS','66903601',NULL,'8004909099',NULL,0,1363,NULL,NULL,NULL,NULL,1,NULL,NULL,NULL,NULL,NULL),
 (1450,'Medi-Cal - Alameda Cty ACCESS','NO PSP PRVIDED ON REFFERAL',NULL,'8004909099',NULL,0,1364,NULL,NULL,NULL,NULL,1,NULL,NULL,NULL,NULL,NULL),
 (1452,'Medi-Cal - Alameda Cty ACCESS','75123675',NULL,'8004909099',NULL,0,1365,NULL,NULL,NULL,NULL,1,NULL,NULL,NULL,NULL,NULL),
 (1453,'Atena','W119670317-01','10.00','8772049186',NULL,0,1366,NULL,NULL,NULL,NULL,1,NULL,NULL,NULL,NULL,NULL),
 (1454,'PacifiCare HMO',NULL,'5.00','8009999585','051400449',10,1367,NULL,NULL,NULL,NULL,1,NULL,NULL,NULL,NULL,NULL),
 (1455,'PacifiCare HMO',NULL,'10.00','8009999585','051390599',4,1368,NULL,NULL,NULL,NULL,1,NULL,NULL,NULL,NULL,NULL),
 (1456,'PacifiCare HMO',NULL,'10.00','8009999585','050750879',12,1369,NULL,NULL,NULL,NULL,1,NULL,NULL,NULL,NULL,NULL),
 (1457,'PacifiCare HMO',NULL,'0.00','8009999585','051250255',5,1370,NULL,NULL,NULL,NULL,1,NULL,NULL,NULL,NULL,NULL),
 (1458,'PacifiCare HMO',NULL,'20.00',NULL,'042300123',12,1371,NULL,NULL,NULL,NULL,1,NULL,NULL,NULL,NULL,NULL),
 (1459,'PacifiCare HMO',NULL,'5.00',NULL,'050730377',16,1372,NULL,NULL,NULL,NULL,1,NULL,NULL,NULL,NULL,NULL),
 (1460,'PacifiCare HMO',NULL,'5.00',NULL,'041910194',4,1373,NULL,NULL,NULL,NULL,1,NULL,NULL,NULL,NULL,NULL),
 (1461,'Contra Costa Access',NULL,NULL,NULL,'A',0,1374,NULL,NULL,NULL,NULL,1,NULL,NULL,NULL,NULL,NULL),
 (1462,'Contra Costa Access',NULL,NULL,NULL,'A251209',0,1375,NULL,NULL,NULL,NULL,1,NULL,NULL,NULL,NULL,NULL),
 (1463,'PacifiCare HMO',NULL,'0.00',NULL,'051430410',9,1376,NULL,NULL,NULL,NULL,1,NULL,NULL,NULL,NULL,NULL),
 (1464,'Medi-Cal - Alameda Cty ACCESS','75066094',NULL,NULL,NULL,0,1377,NULL,NULL,NULL,NULL,1,NULL,NULL,NULL,NULL,NULL),
 (1465,'Medi-Cal - Alameda Cty ACCESS','75118407',NULL,NULL,NULL,0,1378,NULL,NULL,NULL,NULL,1,NULL,NULL,NULL,NULL,NULL),
 (1466,'PacifiCare HMO',NULL,'20.00',NULL,'051390304',4,1379,NULL,NULL,NULL,NULL,1,NULL,NULL,NULL,NULL,NULL),
 (1467,'UBH','XEHJ00185460','10.00','8007983053','NO AUTH NEEDED',0,1380,NULL,NULL,NULL,NULL,1,NULL,NULL,NULL,NULL,NULL),
 (1468,'PacifiCare HMO',NULL,'0.00',NULL,'051360826',3,1381,NULL,NULL,NULL,NULL,1,NULL,NULL,NULL,NULL,NULL),
 (1469,'PacifiCare HMO',NULL,'0.00',NULL,'051440476',5,1382,NULL,NULL,NULL,NULL,1,NULL,NULL,NULL,NULL,NULL),
 (1471,'Medi-Cal - Alameda Cty ACCESS','75123672',NULL,NULL,NULL,0,1383,NULL,NULL,NULL,NULL,1,NULL,NULL,NULL,NULL,NULL),
 (1472,'Asian Community Mental Health',NULL,NULL,NULL,'case# 75121249',0,1384,NULL,NULL,NULL,NULL,1,NULL,NULL,NULL,NULL,NULL),
 (1473,'PacifiCare HMO',NULL,'5.00',NULL,'051430872',4,1385,NULL,NULL,NULL,NULL,1,NULL,NULL,NULL,NULL,NULL),
 (1474,'Medi-Cal - Alameda Cty ACCESS','75123706',NULL,NULL,NULL,0,1386,NULL,NULL,NULL,NULL,1,NULL,NULL,NULL,NULL,NULL),
 (1475,'Medi-Cal - Alameda Cty ACCESS','75074709',NULL,NULL,NULL,0,1387,NULL,NULL,NULL,NULL,1,NULL,NULL,NULL,NULL,NULL),
 (1476,'Medi-Cal - Alameda Cty ACCESS','75123663',NULL,NULL,NULL,0,1388,NULL,NULL,NULL,NULL,1,NULL,NULL,NULL,NULL,NULL),
 (1477,'Medi-Cal - Alameda Cty ACCESS','75096780',NULL,NULL,NULL,0,1389,NULL,NULL,NULL,NULL,1,NULL,NULL,NULL,NULL,NULL),
 (1478,'Medi-Cal - Alameda Cty ACCESS','75101426',NULL,NULL,NULL,0,1390,NULL,NULL,NULL,NULL,1,NULL,NULL,NULL,NULL,NULL),
 (1479,'Medi-Cal - Alameda Cty ACCESS','75123679',NULL,NULL,NULL,0,1391,NULL,NULL,NULL,NULL,1,NULL,NULL,NULL,NULL,NULL),
 (1481,'Medi-Cal - Alameda Cty ACCESS','75111117',NULL,'8004909099',NULL,0,1392,NULL,NULL,NULL,NULL,1,NULL,NULL,NULL,NULL,NULL),
 (1482,'Medi-Cal - Alameda Cty ACCESS','75103638',NULL,'8004909099',NULL,0,1393,NULL,NULL,NULL,NULL,1,NULL,NULL,NULL,NULL,NULL),
 (1483,'Medi-Cal - Alameda Cty ACCESS','15993901',NULL,'8004919099',NULL,0,1394,NULL,NULL,NULL,NULL,1,NULL,NULL,NULL,NULL,NULL),
 (1484,'Medi-Cal - Alameda Cty ACCESS','75122942',NULL,'8004909099',NULL,0,1395,NULL,NULL,NULL,NULL,1,NULL,NULL,NULL,NULL,NULL),
 (1485,'Medi-Cal - Alameda Cty ACCESS','16350101',NULL,'8004909099',NULL,0,1396,NULL,NULL,NULL,NULL,1,NULL,NULL,NULL,NULL,NULL),
 (1486,'Medi-Cal - Alameda Cty ACCESS','75123761',NULL,'8004909099',NULL,0,1397,NULL,NULL,NULL,NULL,1,NULL,NULL,NULL,NULL,NULL),
 (1487,'Medi-Cal - Alameda Cty ACCESS','75123760',NULL,'8004909099',NULL,0,1398,NULL,NULL,NULL,NULL,1,NULL,NULL,NULL,NULL,NULL),
 (1488,'Medi-Cal - Alameda Cty ACCESS','75075823',NULL,'8004919099',NULL,0,1399,NULL,NULL,NULL,NULL,1,NULL,NULL,NULL,NULL,NULL),
 (1489,'Medi-Cal - Alameda Cty ACCESS','75123748',NULL,'8004909099',NULL,0,1400,NULL,NULL,NULL,NULL,1,NULL,NULL,NULL,NULL,NULL),
 (1491,'PacifiCare HMO',NULL,NULL,'8009999585','051450723',3,1401,NULL,NULL,NULL,NULL,1,NULL,NULL,NULL,NULL,NULL),
 (1492,'Medi-Cal - Alameda Cty ACCESS','75123832',NULL,NULL,NULL,0,1402,NULL,NULL,NULL,NULL,1,NULL,NULL,NULL,NULL,NULL),
 (1493,'PacifiCare HMO',NULL,'15.00','8009999585','051400635',4,1403,NULL,NULL,NULL,NULL,1,NULL,NULL,NULL,NULL,NULL),
 (1495,'PacifiCare HMO',NULL,'10.00','8009999585','051470060',4,1404,NULL,NULL,NULL,NULL,1,NULL,NULL,NULL,NULL,NULL),
 (1496,'MHN','R04642076 - Brett Hurst',NULL,'8006417761',NULL,0,1405,NULL,NULL,NULL,NULL,1,NULL,NULL,NULL,NULL,NULL),
 (1497,'Atena','BBLG11RA',NULL,'8004243498',NULL,0,1406,NULL,NULL,NULL,NULL,1,NULL,NULL,NULL,NULL,NULL),
 (1502,'Contra Costa Access',NULL,NULL,NULL,'A25Z621',0,1407,NULL,NULL,NULL,NULL,1,NULL,NULL,NULL,NULL,NULL),
 (1503,'Medi-Cal - Alameda Cty ACCESS','75097611',NULL,NULL,NULL,0,1408,NULL,NULL,NULL,NULL,1,NULL,NULL,NULL,NULL,NULL),
 (1505,'Medi-Cal - Alameda Cty ACCESS',NULL,NULL,NULL,NULL,0,1409,NULL,NULL,NULL,NULL,1,NULL,NULL,NULL,NULL,NULL),
 (1506,'Medi-Cal - Alameda Cty ACCESS','75097102',NULL,NULL,NULL,0,1410,NULL,NULL,NULL,NULL,1,NULL,NULL,NULL,NULL,NULL),
 (1507,'Medi-Cal - Alameda Cty ACCESS','75004465',NULL,NULL,NULL,0,1411,NULL,NULL,NULL,NULL,1,NULL,NULL,NULL,NULL,NULL),
 (1732,'Medi-Cal - Alameda Cty ACCESS',NULL,'0.00',NULL,NULL,0,1412,NULL,NULL,NULL,NULL,1,NULL,NULL,NULL,NULL,NULL),
 (1509,'Medi-Cal - Alameda Cty ACCESS','75111331',NULL,NULL,NULL,0,1413,NULL,NULL,NULL,NULL,1,NULL,NULL,NULL,NULL,NULL),
 (1510,'Medi-Cal - Alameda Cty ACCESS','75080465',NULL,NULL,NULL,0,1414,NULL,NULL,NULL,NULL,1,NULL,NULL,NULL,NULL,NULL),
 (1511,'Medi-Cal - Alameda Cty ACCESS','75123680',NULL,NULL,NULL,0,1415,NULL,NULL,NULL,NULL,1,NULL,NULL,NULL,NULL,NULL),
 (1512,'Medi-Cal - Alameda Cty ACCESS','75079209',NULL,NULL,NULL,0,1416,NULL,NULL,NULL,NULL,1,NULL,NULL,NULL,NULL,NULL),
 (1513,'Medi-Cal - Alameda Cty ACCESS','75123843',NULL,NULL,NULL,0,1417,NULL,NULL,NULL,NULL,1,NULL,NULL,NULL,NULL,NULL),
 (1514,'Medi-Cal - Alameda Cty ACCESS','75123794',NULL,NULL,NULL,0,1418,NULL,NULL,NULL,NULL,1,NULL,NULL,NULL,NULL,NULL),
 (1515,'Medi-Cal - Alameda Cty ACCESS','75077895',NULL,NULL,NULL,0,1419,NULL,NULL,NULL,NULL,1,NULL,NULL,NULL,NULL,NULL),
 (1516,'Medi-Cal - Alameda Cty ACCESS','75123858',NULL,NULL,NULL,0,1420,NULL,NULL,NULL,NULL,1,NULL,NULL,NULL,NULL,NULL),
 (1517,'Medi-Cal - Alameda Cty ACCESS','48304001',NULL,NULL,NULL,0,1421,NULL,NULL,NULL,NULL,1,NULL,NULL,NULL,NULL,NULL),
 (1519,'Medi-Cal - Alameda Cty ACCESS','75087913',NULL,NULL,NULL,0,1422,NULL,NULL,NULL,NULL,1,NULL,NULL,NULL,NULL,NULL),
 (1520,'Medi-Cal - Alameda Cty ACCESS','28578301',NULL,NULL,NULL,0,1423,NULL,NULL,NULL,NULL,1,NULL,NULL,NULL,NULL,NULL),
 (1521,'Medi-Cal - Alameda Cty ACCESS','75123797',NULL,NULL,NULL,0,1424,NULL,NULL,NULL,NULL,1,NULL,NULL,NULL,NULL,NULL),
 (1522,'Medi-Cal - Alameda Cty ACCESS','75123796',NULL,NULL,NULL,0,1425,NULL,NULL,NULL,NULL,1,NULL,NULL,NULL,NULL,NULL),
 (1523,'Medi-Cal - Alameda Cty ACCESS','75118941',NULL,NULL,NULL,0,1426,NULL,NULL,NULL,NULL,1,NULL,NULL,NULL,NULL,NULL),
 (1524,'UBH','R03272303','0.00','8008882998','no auth required',0,1427,NULL,NULL,NULL,NULL,1,NULL,NULL,NULL,NULL,NULL),
 (1525,'PacifiCare HMO',NULL,'10.00',NULL,'051510279',12,1428,NULL,NULL,NULL,NULL,1,NULL,NULL,NULL,NULL,NULL),
 (1526,'PacifiCare HMO',NULL,'0.00',NULL,'051440626',8,1429,NULL,NULL,NULL,NULL,1,NULL,NULL,NULL,NULL,NULL),
 (1528,'PacifiCare HMO',NULL,'10.00',NULL,'051460294',12,1430,NULL,NULL,NULL,NULL,1,NULL,NULL,NULL,NULL,NULL),
 (1529,'PacifiCare HMO',NULL,'10.00',NULL,'051470516',12,1431,NULL,NULL,NULL,NULL,1,NULL,NULL,NULL,NULL,NULL),
 (1530,'Private Pay',NULL,'89.00',NULL,NULL,0,1432,NULL,NULL,NULL,NULL,1,NULL,NULL,NULL,NULL,NULL),
 (1531,'PacifiCare HMO',NULL,'15.00',NULL,'051390709',12,1433,NULL,NULL,NULL,NULL,1,NULL,NULL,NULL,NULL,NULL),
 (1532,'Medi-Cal - Alameda Cty ACCESS','75003098',NULL,NULL,NULL,0,1434,NULL,NULL,NULL,NULL,1,NULL,NULL,NULL,NULL,NULL),
 (1533,'Medi-Cal - Alameda Cty ACCESS','75003108',NULL,NULL,NULL,0,1435,NULL,NULL,NULL,NULL,1,NULL,NULL,NULL,NULL,NULL),
 (1534,'Medi-Cal - Alameda Cty ACCESS','75104332',NULL,NULL,NULL,0,1436,NULL,NULL,NULL,NULL,1,NULL,NULL,NULL,NULL,NULL),
 (1535,'Medi-Cal - Alameda Cty ACCESS','75093458',NULL,NULL,NULL,0,1437,NULL,NULL,NULL,NULL,1,NULL,NULL,NULL,NULL,NULL),
 (1536,'USBH','XEHJ02613629',NULL,'8003345847',NULL,0,1438,NULL,NULL,NULL,NULL,1,NULL,NULL,NULL,NULL,NULL),
 (1537,'Medi-Cal - Alameda Cty ACCESS',NULL,NULL,NULL,NULL,0,1439,NULL,NULL,NULL,NULL,1,NULL,NULL,NULL,NULL,NULL),
 (1538,'Medi-Cal - Alameda Cty ACCESS',NULL,NULL,NULL,NULL,0,1440,NULL,NULL,NULL,NULL,1,NULL,NULL,NULL,NULL,NULL),
 (1541,'PacifiCare HMO',NULL,'0.00','8009999585','051510701',0,1441,NULL,NULL,NULL,NULL,1,NULL,NULL,NULL,NULL,NULL),
 (1542,'PacifiCare HMO',NULL,'5.00','8009999585','051470431',0,1442,NULL,NULL,NULL,NULL,1,NULL,NULL,NULL,NULL,NULL),
 (1543,'PacifiCare HMO',NULL,NULL,'8009999585','051520873',3,1443,NULL,NULL,NULL,NULL,1,NULL,NULL,NULL,NULL,NULL),
 (1545,'PacifiCare HMO',NULL,'0.00','8009999585','051520870',3,1444,NULL,NULL,NULL,NULL,1,NULL,NULL,NULL,NULL,NULL),
 (1547,'Medi-Cal - Alameda Cty ACCESS','75123960',NULL,NULL,NULL,0,1445,NULL,NULL,NULL,NULL,1,NULL,NULL,NULL,NULL,NULL),
 (1548,'Medi-Cal - Alameda Cty ACCESS','37035301',NULL,NULL,NULL,0,1446,NULL,NULL,NULL,NULL,1,NULL,NULL,NULL,NULL,NULL),
 (1549,'Medi-Cal - Alameda Cty ACCESS','75123215',NULL,NULL,NULL,0,1447,NULL,NULL,NULL,NULL,1,NULL,NULL,NULL,NULL,NULL),
 (1550,'PacifiCare HMO',NULL,'15.00','8009999585','051520357',12,1448,NULL,NULL,NULL,NULL,1,NULL,NULL,NULL,NULL,NULL),
 (1551,'PacifiCare HMO',NULL,'5.00','8009999585','051450926',12,1449,NULL,NULL,NULL,NULL,1,NULL,NULL,NULL,NULL,NULL),
 (1552,'Medi-Cal - Alameda Cty ACCESS',NULL,'0.00',NULL,NULL,0,1450,NULL,NULL,NULL,NULL,1,NULL,NULL,NULL,NULL,NULL),
 (1553,'PacifiCare HMO',NULL,'20.00',NULL,'051520432',0,1451,NULL,NULL,NULL,NULL,1,NULL,NULL,NULL,NULL,NULL),
 (1554,'PacifiCare HMO',NULL,NULL,NULL,'043080297',0,1452,NULL,NULL,NULL,NULL,1,NULL,NULL,NULL,NULL,NULL),
 (1555,'Medi-Cal - Alameda Cty ACCESS',NULL,NULL,NULL,NULL,0,1453,NULL,NULL,NULL,NULL,1,NULL,NULL,NULL,NULL,NULL),
 (1556,'Medi-Cal - Alameda Cty ACCESS',NULL,NULL,NULL,NULL,0,1454,NULL,NULL,NULL,NULL,1,NULL,NULL,NULL,NULL,NULL),
 (1557,'PacifiCare HMO',NULL,'20.00','8009999585','051530595',4,1455,NULL,NULL,NULL,NULL,1,NULL,NULL,NULL,NULL,NULL),
 (1558,'Medi-Cal - Alameda Cty ACCESS',NULL,'0.00',NULL,NULL,0,1456,NULL,NULL,NULL,NULL,1,NULL,NULL,NULL,NULL,NULL),
 (1559,'Medi-Cal - Alameda Cty ACCESS',NULL,'0.00',NULL,NULL,0,1457,NULL,NULL,NULL,NULL,1,NULL,NULL,NULL,NULL,NULL),
 (1560,'PacifiCare HMO',NULL,'30.00',NULL,'050801166',0,1458,NULL,NULL,NULL,NULL,1,NULL,NULL,NULL,NULL,NULL),
 (1561,'PacifiCare HMO',NULL,NULL,NULL,'050011349',12,1459,NULL,NULL,NULL,NULL,1,NULL,NULL,NULL,NULL,NULL),
 (1562,'Medi-Cal - Alameda Cty ACCESS',NULL,'0.00',NULL,NULL,0,1460,NULL,NULL,NULL,NULL,1,NULL,NULL,NULL,NULL,NULL),
 (1563,'Medi-Cal - Alameda Cty ACCESS',NULL,'0.00',NULL,NULL,0,1461,NULL,NULL,NULL,NULL,1,NULL,NULL,NULL,NULL,NULL),
 (1564,'PacifiCare HMO',NULL,'10.00',NULL,'05021730',12,1462,NULL,NULL,NULL,NULL,1,NULL,NULL,NULL,NULL,NULL),
 (1565,'PacifiCare HMO',NULL,'10.00',NULL,'051520722',12,1463,NULL,NULL,NULL,NULL,1,NULL,NULL,NULL,NULL,NULL),
 (1566,'PacifiCare HMO',NULL,'30.00',NULL,NULL,4,1464,NULL,NULL,NULL,NULL,1,NULL,NULL,NULL,NULL,NULL),
 (1567,'MHN','R03094765',NULL,'8006417761',NULL,0,1465,NULL,NULL,NULL,NULL,1,NULL,NULL,NULL,NULL,NULL),
 (1568,'PacifiCare HMO',NULL,'15.00','8009999585','051430711',4,1466,NULL,NULL,NULL,NULL,1,NULL,NULL,NULL,NULL,NULL),
 (1569,'PacifiCare HMO',NULL,NULL,'8009999585','051510679',9,1467,NULL,NULL,NULL,NULL,1,NULL,NULL,NULL,NULL,NULL),
 (1570,'Contra Costa Access',NULL,NULL,NULL,'A248446',0,1468,NULL,NULL,NULL,NULL,1,NULL,NULL,NULL,NULL,NULL),
 (1571,'PacifiCare HMO',NULL,'10.00','8009999585','051510643',4,1469,NULL,NULL,NULL,NULL,1,NULL,NULL,NULL,NULL,NULL),
 (1572,'PacifiCare HMO',NULL,'10.00','8009999585','051510647',4,1470,NULL,NULL,NULL,NULL,1,NULL,NULL,NULL,NULL,NULL),
 (1573,'PacifiCare HMO',NULL,'30.00',NULL,NULL,0,1471,NULL,NULL,NULL,NULL,1,NULL,NULL,NULL,NULL,NULL),
 (1574,'PacifiCare HMO',NULL,'35.00','8009999585','051540484',4,1472,NULL,NULL,NULL,NULL,1,NULL,NULL,NULL,NULL,NULL),
 (1575,'Medi-Cal - Alameda Cty ACCESS',NULL,'0.00',NULL,NULL,0,1473,NULL,NULL,NULL,NULL,1,NULL,NULL,NULL,NULL,NULL),
 (1576,'PacifiCare HMO',NULL,'25.00','8009999585','051540509',12,1474,NULL,NULL,NULL,NULL,1,NULL,NULL,NULL,NULL,NULL),
 (1577,'PacifiCare HMO',NULL,'10.00','8009889585','040360260',12,1475,NULL,NULL,NULL,NULL,1,NULL,NULL,NULL,NULL,NULL),
 (1578,'PacifiCare HMO',NULL,'10.00','8009999585','051540681',12,1476,NULL,NULL,NULL,NULL,1,NULL,NULL,NULL,NULL,NULL),
 (1579,'PacifiCare HMO',NULL,'0.00','8009999585','051520770',2,1477,NULL,NULL,NULL,NULL,1,NULL,NULL,NULL,NULL,NULL),
 (1580,'PacifiCare HMO',NULL,'0.00',NULL,'051550027',3,1478,NULL,NULL,NULL,NULL,1,NULL,NULL,NULL,NULL,NULL),
 (1581,'Contra Costa Access',NULL,NULL,NULL,'A253868',0,1479,NULL,NULL,NULL,NULL,1,NULL,NULL,NULL,NULL,NULL),
 (1582,'Medi-Cal - Alameda Cty ACCESS','75097735',NULL,NULL,NULL,0,1480,NULL,NULL,NULL,NULL,1,NULL,NULL,NULL,NULL,NULL),
 (1583,'PacifiCare HMO',NULL,'3.00',NULL,'051570195',4,1481,NULL,NULL,NULL,NULL,1,NULL,NULL,NULL,NULL,NULL),
 (1593,'PacifiCare HMO',NULL,'10.00',NULL,NULL,0,1482,NULL,NULL,NULL,NULL,1,NULL,NULL,NULL,NULL,NULL),
 (1585,'Medi-Cal - Alameda Cty ACCESS',NULL,'0.00',NULL,NULL,0,1483,NULL,NULL,NULL,NULL,1,NULL,NULL,NULL,NULL,NULL),
 (1586,'Medi-Cal - Alameda Cty ACCESS',NULL,'0.00',NULL,NULL,0,1484,NULL,NULL,NULL,NULL,1,NULL,NULL,NULL,NULL,NULL),
 (1587,'Medi-Cal - Alameda Cty ACCESS',NULL,'0.00',NULL,NULL,0,1485,NULL,NULL,NULL,NULL,1,NULL,NULL,NULL,NULL,NULL),
 (1588,'MHN','R03517155','5.00','8009777591',NULL,0,1486,NULL,NULL,NULL,NULL,1,NULL,NULL,NULL,NULL,NULL),
 (1589,'Medi-Cal - Alameda Cty ACCESS',NULL,'0.00',NULL,NULL,0,1487,NULL,NULL,NULL,NULL,1,NULL,NULL,NULL,NULL,NULL),
 (1590,'Medi-Cal - Alameda Cty ACCESS',NULL,'0.00',NULL,NULL,0,1488,NULL,NULL,NULL,NULL,1,NULL,NULL,NULL,NULL,NULL),
 (1591,'PacifiCare HMO',NULL,'0.00',NULL,'051570379',5,1489,NULL,NULL,NULL,NULL,1,NULL,NULL,NULL,NULL,NULL),
 (1598,'PacifiCare HMO',NULL,'25.00',NULL,'050980766',12,1490,NULL,NULL,NULL,NULL,1,NULL,NULL,NULL,NULL,NULL),
 (1599,'Medi-Cal - Alameda Cty ACCESS',NULL,'0.00',NULL,NULL,0,1491,NULL,NULL,NULL,NULL,1,NULL,NULL,NULL,NULL,NULL),
 (1600,'Medi-Cal - Alameda Cty ACCESS',NULL,'0.00',NULL,NULL,0,1492,NULL,NULL,NULL,NULL,1,NULL,NULL,NULL,NULL,NULL),
 (1601,'Medi-Cal - Alameda Cty ACCESS',NULL,'0.00',NULL,NULL,0,1493,NULL,NULL,NULL,NULL,1,NULL,NULL,NULL,NULL,NULL),
 (1603,'Medi-Cal - Alameda Cty ACCESS',NULL,'0.00',NULL,NULL,0,1494,NULL,NULL,NULL,NULL,1,NULL,NULL,NULL,NULL,NULL),
 (1604,'MHN',NULL,'25.00','8007606277','02224155 kit#1840293',0,1495,NULL,NULL,NULL,NULL,1,NULL,NULL,NULL,NULL,NULL),
 (1605,'PacifiCare HMO',NULL,'5.00',NULL,'051360852',4,1496,NULL,NULL,NULL,NULL,1,NULL,NULL,NULL,NULL,NULL),
 (1606,'PacifiCare HMO',NULL,'0.00',NULL,'051580746',3,1497,NULL,NULL,NULL,NULL,1,NULL,NULL,NULL,NULL,NULL),
 (1607,'PacifiCare HMO',NULL,'20.00',NULL,'051570712',4,1498,NULL,NULL,NULL,NULL,1,NULL,NULL,NULL,NULL,NULL),
 (1608,'PacifiCare HMO',NULL,'0.00',NULL,'051580868',4,1499,NULL,NULL,NULL,NULL,1,NULL,NULL,NULL,NULL,NULL),
 (1609,'PacifiCare HMO',NULL,'20.00',NULL,'051370814',12,1500,NULL,NULL,NULL,NULL,1,NULL,NULL,NULL,NULL,NULL),
 (1610,'Medi-Cal - Alameda Cty ACCESS',NULL,'0.00',NULL,NULL,0,1501,NULL,NULL,NULL,NULL,1,NULL,NULL,NULL,NULL,NULL),
 (1611,'Medi-Cal - Alameda Cty ACCESS',NULL,'0.00',NULL,NULL,0,1502,NULL,NULL,NULL,NULL,1,NULL,NULL,NULL,NULL,NULL),
 (1612,'Medi-Cal - Alameda Cty ACCESS',NULL,'0.00',NULL,NULL,0,1503,NULL,NULL,NULL,NULL,1,NULL,NULL,NULL,NULL,NULL),
 (1613,'PacifiCare HMO',NULL,NULL,'8009999585',NULL,0,1504,NULL,NULL,NULL,NULL,1,NULL,NULL,NULL,NULL,NULL),
 (1614,'MHN','R04547616',NULL,'8006417761',NULL,0,1505,NULL,NULL,NULL,NULL,1,NULL,NULL,NULL,NULL,NULL),
 (1615,'CHIPA - Magellan','PIC80130785',NULL,'8666270689',NULL,0,1506,NULL,NULL,NULL,NULL,1,NULL,NULL,NULL,NULL,NULL),
 (1616,'MHN',NULL,NULL,'8887792236',NULL,0,1507,NULL,NULL,NULL,NULL,1,NULL,NULL,NULL,NULL,NULL),
 (1617,'Medi-Cal - Alameda Cty ACCESS','75124130',NULL,NULL,NULL,0,1508,NULL,NULL,NULL,NULL,1,NULL,NULL,NULL,NULL,NULL),
 (1618,'Medi-Cal - Alameda Cty ACCESS',NULL,'0.00',NULL,NULL,0,1509,NULL,NULL,NULL,NULL,1,NULL,NULL,NULL,NULL,NULL),
 (1619,'PacifiCare HMO',NULL,'35.00','8009999585','043420302',0,1510,NULL,NULL,NULL,NULL,1,NULL,NULL,NULL,NULL,NULL),
 (1620,'Contra Costa Access',NULL,NULL,NULL,'A253961',0,1511,NULL,NULL,NULL,NULL,1,NULL,NULL,NULL,NULL,NULL),
 (1621,'Atena','BBCP735B',NULL,'8882386258',NULL,0,1512,NULL,NULL,NULL,NULL,1,NULL,NULL,NULL,NULL,NULL),
 (1622,'Medi-Cal - Alameda Cty ACCESS',NULL,'0.00',NULL,NULL,0,1513,NULL,NULL,NULL,NULL,1,NULL,NULL,NULL,NULL,NULL),
 (1623,'Medi-Cal - Alameda Cty ACCESS',NULL,'0.00',NULL,NULL,0,1514,NULL,NULL,NULL,NULL,1,NULL,NULL,NULL,NULL,NULL),
 (1624,'Contra Costa Access',NULL,NULL,NULL,'A254421',0,1515,NULL,NULL,NULL,NULL,1,NULL,NULL,NULL,NULL,NULL),
 (1625,'Medi-Cal - Alameda Cty ACCESS',NULL,'0.00',NULL,NULL,0,1516,NULL,NULL,NULL,NULL,1,NULL,NULL,NULL,NULL,NULL),
 (1626,'Medi-Cal - Alameda Cty ACCESS',NULL,'0.00',NULL,NULL,0,1517,NULL,NULL,NULL,NULL,1,NULL,NULL,NULL,NULL,NULL),
 (1627,'MHN',NULL,'30.00','8884260030','3031312',0,1518,NULL,NULL,NULL,NULL,1,NULL,NULL,NULL,NULL,NULL),
 (1628,'PacifiCare HMO',NULL,'5.00',NULL,'051600174',4,1519,NULL,NULL,NULL,NULL,1,NULL,NULL,NULL,NULL,NULL),
 (1629,'PacifiCare HMO',NULL,'20.00',NULL,'043481813',7,1520,NULL,NULL,NULL,NULL,1,NULL,NULL,NULL,NULL,NULL),
 (1630,'PacifiCare HMO',NULL,'5.00',NULL,'051590742',4,1521,NULL,NULL,NULL,NULL,1,NULL,NULL,NULL,NULL,NULL),
 (1631,'PacifiCare HMO',NULL,'10.00',NULL,'043350471',12,1522,NULL,NULL,NULL,NULL,1,NULL,NULL,NULL,NULL,NULL),
 (1632,'Medi-Cal - Alameda Cty ACCESS','75123597',NULL,NULL,NULL,0,1523,NULL,NULL,NULL,NULL,1,NULL,NULL,NULL,NULL,NULL),
 (1634,'Medi-Cal - Alameda Cty ACCESS',NULL,'0.00',NULL,NULL,0,1524,NULL,NULL,NULL,NULL,1,NULL,NULL,NULL,NULL,NULL),
 (1635,'Medi-Cal - Alameda Cty ACCESS',NULL,'0.00',NULL,NULL,0,1525,NULL,NULL,NULL,NULL,1,NULL,NULL,NULL,NULL,NULL),
 (1636,'PacifiCare HMO',NULL,'5.00',NULL,'051600411',4,1526,NULL,NULL,NULL,NULL,1,NULL,NULL,NULL,NULL,NULL),
 (1637,'Medi-Cal - Alameda Cty ACCESS',NULL,'0.00',NULL,NULL,0,1527,NULL,NULL,NULL,NULL,1,NULL,NULL,NULL,NULL,NULL),
 (1638,'Medi-Cal - Alameda Cty ACCESS',NULL,'0.00',NULL,NULL,0,1528,NULL,NULL,NULL,NULL,1,NULL,NULL,NULL,NULL,NULL),
 (1639,'Medi-Cal - Alameda Cty ACCESS',NULL,'0.00',NULL,NULL,0,1529,NULL,NULL,NULL,NULL,1,NULL,NULL,NULL,NULL,NULL),
 (1640,'Medi-Cal - Alameda Cty ACCESS',NULL,'0.00',NULL,NULL,0,1530,NULL,NULL,NULL,NULL,1,NULL,NULL,NULL,NULL,NULL),
 (1641,'Contra Costa Access',NULL,NULL,NULL,'A254070',0,1531,NULL,NULL,NULL,NULL,1,NULL,NULL,NULL,NULL,NULL),
 (1642,'PacifiCare HMO',NULL,'20.00','8009089185','953216505',0,1532,NULL,NULL,NULL,NULL,1,NULL,NULL,NULL,NULL,NULL),
 (1643,'Contra Costa Access',NULL,NULL,NULL,'A24084',0,1533,NULL,NULL,NULL,NULL,1,NULL,NULL,NULL,NULL,NULL),
 (1644,'Medi-Cal - Alameda Cty ACCESS',NULL,'0.00',NULL,NULL,0,1534,NULL,NULL,NULL,NULL,1,NULL,NULL,NULL,NULL,NULL),
 (1645,'PacifiCare HMO',NULL,'0.00',NULL,'051590768',5,1535,NULL,NULL,NULL,NULL,1,NULL,NULL,NULL,NULL,NULL),
 (1646,'Medi-Cal - Alameda Cty ACCESS',NULL,'0.00',NULL,NULL,0,1536,NULL,NULL,NULL,NULL,1,NULL,NULL,NULL,NULL,NULL),
 (1648,'Medi-Cal - Alameda Cty ACCESS',NULL,'0.00',NULL,NULL,0,1537,NULL,NULL,NULL,NULL,1,NULL,NULL,NULL,NULL,NULL),
 (1649,'Contra Costa Access',NULL,NULL,NULL,'A254285',0,1538,NULL,NULL,NULL,NULL,1,NULL,NULL,NULL,NULL,NULL),
 (1650,'Medi-Cal - Alameda Cty ACCESS','75083634',NULL,NULL,NULL,0,1539,NULL,NULL,NULL,NULL,1,NULL,NULL,NULL,NULL,NULL),
 (1651,'Medi-Cal - Alameda Cty ACCESS',NULL,'0.00',NULL,NULL,0,1540,NULL,NULL,NULL,NULL,1,NULL,NULL,NULL,NULL,NULL),
 (1652,'PacifiCare HMO',NULL,'10.00','8009999585','051510666',4,1541,NULL,NULL,NULL,NULL,1,NULL,NULL,NULL,NULL,NULL),
 (1653,'PacifiCare HMO',NULL,'10.00','8009999585','051600296',4,1542,NULL,NULL,NULL,NULL,1,NULL,NULL,NULL,NULL,NULL),
 (1654,'Medi-Cal - Alameda Cty ACCESS',NULL,'0.00',NULL,NULL,0,1543,NULL,NULL,NULL,NULL,1,NULL,NULL,NULL,NULL,NULL),
 (1656,'PacifiCare HMO',NULL,'20.00','8009999585','040610888',12,1544,NULL,NULL,NULL,NULL,1,NULL,NULL,NULL,NULL,NULL),
 (1657,'Medi-Cal - Alameda Cty ACCESS',NULL,'0.00',NULL,NULL,0,1545,NULL,NULL,NULL,NULL,1,NULL,NULL,NULL,NULL,NULL),
 (1658,'Medi-Cal - Alameda Cty ACCESS',NULL,'0.00',NULL,NULL,0,1546,NULL,NULL,NULL,NULL,1,NULL,NULL,NULL,NULL,NULL),
 (1659,'Medi-Cal - Alameda Cty ACCESS',NULL,'0.00',NULL,NULL,0,1547,NULL,NULL,NULL,NULL,1,NULL,NULL,NULL,NULL,NULL),
 (1660,'Medi-Cal - Alameda Cty ACCESS',NULL,'0.00',NULL,NULL,0,1548,NULL,NULL,NULL,NULL,1,NULL,NULL,NULL,NULL,NULL),
 (1661,'Medi-Cal - Alameda Cty ACCESS',NULL,'0.00',NULL,NULL,0,1549,NULL,NULL,NULL,NULL,1,NULL,NULL,NULL,NULL,NULL),
 (1662,'Atena','R01643020',NULL,'8006417761',NULL,0,1550,NULL,NULL,NULL,NULL,1,NULL,NULL,NULL,NULL,NULL),
 (1663,'Private Pay',NULL,'247.00',NULL,NULL,0,1551,NULL,NULL,NULL,NULL,1,NULL,NULL,NULL,NULL,NULL),
 (1664,'EBAC',NULL,NULL,'5106570700',NULL,0,1552,NULL,NULL,NULL,NULL,1,NULL,NULL,NULL,NULL,NULL),
 (1666,'PacifiCare HMO',NULL,'5.00','8009999585','051610634',12,1553,NULL,NULL,NULL,NULL,1,NULL,NULL,NULL,NULL,NULL),
 (1667,'Medi-Cal - Alameda Cty ACCESS',NULL,'0.00',NULL,NULL,0,1554,NULL,NULL,NULL,NULL,1,NULL,NULL,NULL,NULL,NULL),
 (1668,'Medi-Cal - Alameda Cty ACCESS',NULL,'0.00',NULL,NULL,0,1555,NULL,NULL,NULL,NULL,1,NULL,NULL,NULL,NULL,NULL),
 (1669,'Medi-Cal - Alameda Cty ACCESS',NULL,'0.00',NULL,NULL,0,1556,NULL,NULL,NULL,NULL,1,NULL,NULL,NULL,NULL,NULL),
 (1670,'Medi-Cal - Alameda Cty ACCESS',NULL,'0.00',NULL,NULL,0,1557,NULL,NULL,NULL,NULL,1,NULL,NULL,NULL,NULL,NULL),
 (1671,'Medi-Cal - Alameda Cty ACCESS',NULL,'0.00',NULL,NULL,0,1558,NULL,NULL,NULL,NULL,1,NULL,NULL,NULL,NULL,NULL),
 (1672,'Medi-Cal - Alameda Cty ACCESS',NULL,'0.00',NULL,NULL,0,1559,NULL,NULL,NULL,NULL,1,NULL,NULL,NULL,NULL,NULL),
 (1673,'Medi-Cal - Alameda Cty ACCESS',NULL,'0.00',NULL,NULL,0,1560,NULL,NULL,NULL,NULL,1,NULL,NULL,NULL,NULL,NULL),
 (1674,'MHN',NULL,'30.00','8009777591','0222746, Kit01843211',20,1561,NULL,NULL,NULL,NULL,1,NULL,NULL,NULL,NULL,NULL),
 (1675,'Medi-Cal - Alameda Cty ACCESS',NULL,'0.00',NULL,NULL,0,1562,NULL,NULL,NULL,NULL,1,NULL,NULL,NULL,NULL,NULL),
 (1676,'Medi-Cal - Alameda Cty ACCESS',NULL,'0.00',NULL,NULL,0,1563,NULL,NULL,NULL,NULL,1,NULL,NULL,NULL,NULL,NULL),
 (1677,'MHN',NULL,'20.00','8884260030','3009714 kit#',20,1564,NULL,NULL,NULL,NULL,1,NULL,NULL,NULL,NULL,NULL),
 (1678,'Contra Costa Access',NULL,NULL,NULL,'A254623',0,1565,NULL,NULL,NULL,NULL,1,NULL,NULL,NULL,NULL,NULL),
 (1679,'PacifiCare HMO',NULL,'10.00','8009999585','051640953',4,1566,NULL,NULL,NULL,NULL,1,NULL,NULL,NULL,NULL,NULL),
 (1680,'MHN',NULL,NULL,'8005333719','1844050Kit /auth02228380',0,1567,NULL,NULL,NULL,NULL,1,NULL,NULL,NULL,NULL,NULL),
 (1681,'PacifiCare HMO',NULL,'10.00',NULL,'050030583',12,1568,NULL,NULL,NULL,NULL,1,NULL,NULL,NULL,NULL,NULL),
 (1682,'Medi-Cal - Alameda Cty ACCESS',NULL,'0.00',NULL,NULL,0,1569,NULL,NULL,NULL,NULL,1,NULL,NULL,NULL,NULL,NULL),
 (1683,'Medi-Cal - Alameda Cty ACCESS',NULL,'0.00',NULL,NULL,0,1570,NULL,NULL,NULL,NULL,1,NULL,NULL,NULL,NULL,NULL),
 (1685,'Medi-Cal - Alameda Cty ACCESS',NULL,'0.00',NULL,NULL,0,1571,NULL,NULL,NULL,NULL,1,NULL,NULL,NULL,NULL,NULL),
 (1686,'Medi-Cal - Alameda Cty ACCESS',NULL,'0.00',NULL,NULL,0,1572,NULL,NULL,NULL,NULL,1,NULL,NULL,NULL,NULL,NULL),
 (1687,'MHN',NULL,NULL,'8009777591',NULL,0,1573,NULL,NULL,NULL,NULL,1,NULL,NULL,NULL,NULL,NULL),
 (1688,'PacifiCare PPO',NULL,'0.00',NULL,'051640664',5,1574,NULL,NULL,NULL,NULL,1,NULL,NULL,NULL,NULL,NULL),
 (1689,'PacifiCare HMO',NULL,'0.00',NULL,'051520791',3,1575,NULL,NULL,NULL,NULL,1,NULL,NULL,NULL,NULL,NULL),
 (1690,'PacifiCare HMO',NULL,'15.00',NULL,'051640515',4,1576,NULL,NULL,NULL,NULL,1,NULL,NULL,NULL,NULL,NULL),
 (1691,'Medi-Cal - Alameda Cty ACCESS',NULL,'0.00',NULL,NULL,0,1577,NULL,NULL,NULL,NULL,1,NULL,NULL,NULL,NULL,NULL),
 (1692,'Medi-Cal - Alameda Cty ACCESS',NULL,'0.00',NULL,NULL,0,1578,NULL,NULL,NULL,NULL,1,NULL,NULL,NULL,NULL,NULL),
 (1693,'Medi-Cal - Alameda Cty ACCESS',NULL,'0.00',NULL,NULL,0,1579,NULL,NULL,NULL,NULL,1,NULL,NULL,NULL,NULL,NULL),
 (1694,'Medi-Cal - Alameda Cty ACCESS',NULL,'0.00',NULL,NULL,0,1580,NULL,NULL,NULL,NULL,1,NULL,NULL,NULL,NULL,NULL),
 (1695,'Medi-Cal - Alameda Cty ACCESS',NULL,'0.00',NULL,NULL,0,1581,NULL,NULL,NULL,NULL,1,NULL,NULL,NULL,NULL,NULL),
 (1696,'Medi-Cal - Alameda Cty ACCESS',NULL,'0.00',NULL,NULL,0,1582,NULL,NULL,NULL,NULL,1,NULL,NULL,NULL,NULL,NULL),
 (1697,'Medi-Cal - Alameda Cty ACCESS',NULL,'0.00',NULL,NULL,0,1583,NULL,NULL,NULL,NULL,1,NULL,NULL,NULL,NULL,NULL),
 (1698,'Medi-Cal - Alameda Cty ACCESS',NULL,'0.00',NULL,NULL,0,1584,NULL,NULL,NULL,NULL,1,NULL,NULL,NULL,NULL,NULL),
 (1699,'PacifiCare HMO',NULL,'0.00','8009999585','051250877',3,1585,NULL,NULL,NULL,NULL,1,NULL,NULL,NULL,NULL,NULL),
 (1700,'Contra Costa Access',NULL,NULL,NULL,'A254849',0,1586,NULL,NULL,NULL,NULL,1,NULL,NULL,NULL,NULL,NULL),
 (1701,'Contra Costa Access',NULL,NULL,NULL,'A254670',0,1587,NULL,NULL,NULL,NULL,1,NULL,NULL,NULL,NULL,NULL),
 (1702,'Contra Costa Access',NULL,NULL,NULL,'A254821',0,1588,NULL,NULL,NULL,NULL,1,NULL,NULL,NULL,NULL,NULL),
 (1703,'PacifiCare HMO',NULL,'10.00','8009999585','050281651',12,1589,NULL,NULL,NULL,NULL,1,NULL,NULL,NULL,NULL,NULL),
 (1704,'PacifiCare HMO',NULL,'30.00','8009999585','051640293',4,1590,NULL,NULL,NULL,NULL,1,NULL,NULL,NULL,NULL,NULL),
 (1705,'Contra Costa Access',NULL,NULL,NULL,'A254652',0,1591,NULL,NULL,NULL,NULL,1,NULL,NULL,NULL,NULL,NULL),
 (1706,'MHN',NULL,NULL,NULL,NULL,0,1592,NULL,NULL,NULL,NULL,1,NULL,NULL,NULL,NULL,NULL),
 (1707,'PacifiCare HMO',NULL,'10.00',NULL,'051660223',12,1593,NULL,NULL,NULL,NULL,1,NULL,NULL,NULL,NULL,NULL),
 (1708,'PacifiCare HMO',NULL,'5.00',NULL,'051650522',4,1594,NULL,NULL,NULL,NULL,1,NULL,NULL,NULL,NULL,NULL),
 (1709,'Medi-Cal - Alameda Cty ACCESS',NULL,'0.00',NULL,NULL,0,1595,NULL,NULL,NULL,NULL,1,NULL,NULL,NULL,NULL,NULL),
 (1710,'Medi-Cal - Alameda Cty ACCESS',NULL,'0.00',NULL,NULL,0,1596,NULL,NULL,NULL,NULL,1,NULL,NULL,NULL,NULL,NULL),
 (1712,'Medi-Cal - Alameda Cty ACCESS',NULL,'0.00',NULL,NULL,0,1597,NULL,NULL,NULL,NULL,1,NULL,NULL,NULL,NULL,NULL),
 (1713,'USBH',NULL,'10.00','877268827','XEPJ00523016',0,1598,NULL,NULL,NULL,NULL,1,NULL,NULL,NULL,NULL,NULL),
 (1714,'Medi-Cal - Alameda Cty ACCESS',NULL,'0.00',NULL,NULL,0,1599,NULL,NULL,NULL,NULL,1,NULL,NULL,NULL,NULL,NULL),
 (1715,'Contra Costa Access',NULL,NULL,NULL,'A254838',0,1600,NULL,NULL,NULL,NULL,1,NULL,NULL,NULL,NULL,NULL),
 (1716,'Medi-Cal - Alameda Cty ACCESS',NULL,'0.00',NULL,NULL,0,1601,NULL,NULL,NULL,NULL,1,NULL,NULL,NULL,NULL,NULL),
 (1717,'PacifiCare HMO',NULL,'0.00',NULL,'050400457',0,1602,NULL,NULL,NULL,NULL,1,NULL,NULL,NULL,NULL,NULL),
 (1718,'Medi-Cal - Alameda Cty ACCESS',NULL,'0.00',NULL,NULL,0,1603,NULL,NULL,NULL,NULL,1,NULL,NULL,NULL,NULL,NULL),
 (1719,'Medi-Cal - Alameda Cty ACCESS',NULL,'0.00',NULL,NULL,0,1604,NULL,NULL,NULL,NULL,1,NULL,NULL,NULL,NULL,NULL),
 (1720,'Contra Costa Access',NULL,NULL,NULL,'A255178',0,1605,NULL,NULL,NULL,NULL,1,NULL,NULL,NULL,NULL,NULL),
 (1721,'PacifiCare HMO',NULL,'15.00','8009999585','051670418',12,1606,NULL,NULL,NULL,NULL,1,NULL,NULL,NULL,NULL,NULL),
 (1722,'PacifiCare HMO',NULL,'15.00','8009999585','051660254',12,1607,NULL,NULL,NULL,NULL,1,NULL,NULL,NULL,NULL,NULL),
 (1723,'Medi-Cal - Alameda Cty ACCESS',NULL,'0.00',NULL,NULL,0,1608,NULL,NULL,NULL,NULL,1,NULL,NULL,NULL,NULL,NULL),
 (1724,'Medi-Cal - Alameda Cty ACCESS',NULL,'0.00',NULL,NULL,0,1609,NULL,NULL,NULL,NULL,1,NULL,NULL,NULL,NULL,NULL),
 (1725,'Medi-Cal - Alameda Cty ACCESS',NULL,'0.00',NULL,NULL,0,1610,NULL,NULL,NULL,NULL,1,NULL,NULL,NULL,NULL,NULL),
 (1726,'Medi-Cal - Alameda Cty ACCESS',NULL,'0.00',NULL,NULL,0,1611,NULL,NULL,NULL,NULL,1,NULL,NULL,NULL,NULL,NULL),
 (1727,'MHN',NULL,'15.00','8884260030','R04285322/G:57930A',20,1612,NULL,NULL,NULL,NULL,1,NULL,NULL,NULL,NULL,NULL),
 (1728,'MHN',NULL,NULL,'8887792231',NULL,0,1613,NULL,NULL,NULL,NULL,1,NULL,NULL,NULL,NULL,NULL),
 (1729,'Aetna','BBMB3YXA or W115130628',NULL,'8007793825',NULL,0,1614,NULL,NULL,NULL,NULL,1,NULL,NULL,NULL,NULL,NULL),
 (1731,'PacifiCare HMO',NULL,'5.00','8009999585','051640559',12,1615,NULL,NULL,NULL,NULL,1,NULL,NULL,NULL,NULL,NULL),
 (1734,'PacifiCare HMO',NULL,NULL,'8009999585','051680198',4,1616,NULL,NULL,NULL,NULL,1,NULL,NULL,NULL,NULL,NULL),
 (1735,'PacifiCare HMO',NULL,'30.00','8009999585','051710216',4,1617,NULL,NULL,NULL,NULL,1,NULL,NULL,NULL,NULL,NULL),
 (1736,'Medi-Cal - Alameda Cty ACCESS',NULL,'0.00',NULL,NULL,0,1618,NULL,NULL,NULL,NULL,1,NULL,NULL,NULL,NULL,NULL),
 (1737,'Medi-Cal - Alameda Cty ACCESS','7074472',NULL,NULL,NULL,0,1619,NULL,NULL,NULL,NULL,1,NULL,NULL,NULL,NULL,NULL),
 (1738,'PacifiCare HMO',NULL,'10.00',NULL,'051680664',4,1620,NULL,NULL,NULL,NULL,1,NULL,NULL,NULL,NULL,NULL),
 (1739,'PacifiCare HMO',NULL,'10.00','8009999885','051690022',4,1621,NULL,NULL,NULL,NULL,1,NULL,NULL,NULL,NULL,NULL),
 (1740,'Medi-Cal - Alameda Cty ACCESS',NULL,'0.00',NULL,NULL,0,1622,NULL,NULL,NULL,NULL,1,NULL,NULL,NULL,NULL,NULL),
 (1741,'Medi-Cal - Alameda Cty ACCESS',NULL,'0.00',NULL,NULL,0,1623,NULL,NULL,NULL,NULL,1,NULL,NULL,NULL,NULL,NULL),
 (1742,'PacifiCare HMO',NULL,'5.00',NULL,'051660324',0,1624,NULL,NULL,NULL,NULL,1,NULL,NULL,NULL,NULL,NULL),
 (1743,'PacifiCare HMO',NULL,'5.00',NULL,'051710565',4,1625,NULL,NULL,NULL,NULL,1,NULL,NULL,NULL,NULL,NULL),
 (1744,'PacifiCare HMO',NULL,'15.00',NULL,'051710817',4,1626,NULL,NULL,NULL,NULL,1,NULL,NULL,NULL,NULL,NULL),
 (1745,'Private Pay',NULL,NULL,NULL,NULL,0,1627,NULL,NULL,NULL,NULL,1,NULL,NULL,NULL,NULL,NULL),
 (1746,'USBH',NULL,NULL,'8772638827','XEHJ01724198',0,1628,NULL,NULL,NULL,NULL,1,NULL,NULL,NULL,NULL,NULL),
 (1747,'Medi-Cal - Alameda Cty ACCESS','75123978',NULL,NULL,NULL,0,1629,NULL,NULL,NULL,NULL,1,NULL,NULL,NULL,NULL,NULL),
 (1748,'MHN',NULL,'10.00',NULL,NULL,0,1630,NULL,NULL,NULL,NULL,1,NULL,NULL,NULL,NULL,NULL),
 (1749,'Medi-Cal - Alameda Cty ACCESS','75060505',NULL,'8004919099',NULL,0,1631,NULL,NULL,NULL,NULL,1,NULL,NULL,NULL,NULL,NULL),
 (1750,'PacifiCare HMO',NULL,'0.00',NULL,'051710796',5,1632,NULL,NULL,NULL,NULL,1,NULL,NULL,NULL,NULL,NULL),
 (1751,'UBH',NULL,NULL,'8663123077','SUB:59M47E id#XDM052A54792',0,1633,NULL,NULL,NULL,NULL,1,NULL,NULL,NULL,NULL,NULL),
 (1753,'Medi-Cal - Alameda Cty ACCESS',NULL,'0.00',NULL,NULL,0,1634,NULL,NULL,NULL,NULL,1,NULL,NULL,NULL,NULL,NULL),
 (1754,'Medi-Cal - Alameda Cty ACCESS',NULL,'0.00',NULL,NULL,0,1635,NULL,NULL,NULL,NULL,1,NULL,NULL,NULL,NULL,NULL),
 (1755,'Medi-Cal - Alameda Cty ACCESS',NULL,'0.00',NULL,NULL,0,1636,NULL,NULL,NULL,NULL,1,NULL,NULL,NULL,NULL,NULL),
 (1756,'Medi-Cal - Alameda Cty ACCESS',NULL,'0.00',NULL,NULL,0,1637,NULL,NULL,NULL,NULL,1,NULL,NULL,NULL,NULL,NULL),
 (1757,'Medi-Cal - Alameda Cty ACCESS',NULL,'0.00',NULL,NULL,0,1638,NULL,NULL,NULL,NULL,1,NULL,NULL,NULL,NULL,NULL),
 (1758,'Medi-Cal - Alameda Cty ACCESS',NULL,'0.00',NULL,NULL,0,1639,NULL,NULL,NULL,NULL,1,NULL,NULL,NULL,NULL,NULL),
 (1759,'Medi-Cal - Alameda Cty ACCESS','75076304','0.00',NULL,NULL,0,1640,NULL,NULL,NULL,NULL,1,NULL,NULL,NULL,NULL,NULL),
 (1760,'PacifiCare HMO','050820787','5.00',NULL,'050820787',12,1641,NULL,NULL,NULL,NULL,1,NULL,NULL,NULL,NULL,NULL),
 (1761,'PacifiCare HMO',NULL,'20.00',NULL,'051720777',12,1642,NULL,NULL,NULL,NULL,1,NULL,NULL,NULL,NULL,NULL);
INSERT INTO `insurance` (`referralId`,`insuranceCompany`,`memberId`,`copay`,`phoneNumber`,`authNumForMD`,`numAuthVisitForMD`,`insuranceId`,`copayParity`,`numAuthVisitForMA`,`medicalId`,`medicalIssueDate`,`isLast`,`authNumForMA`,`referralDate`,`eligEffDate`,`eligTermDate`,`notes`) VALUES 
 (1762,'PacifiCare HMO',NULL,'10.00',NULL,'051720715',4,1643,NULL,NULL,NULL,NULL,1,NULL,NULL,NULL,NULL,NULL),
 (1763,'Medi-Cal - Alameda Cty ACCESS','75116981',NULL,'8004919099',NULL,0,1644,NULL,NULL,NULL,NULL,1,NULL,NULL,NULL,NULL,NULL),
 (1764,'Medi-Cal - Alameda Cty ACCESS','75114984',NULL,NULL,NULL,0,1645,NULL,NULL,NULL,NULL,1,NULL,NULL,NULL,NULL,NULL),
 (1765,'PacifiCare HMO',NULL,NULL,'8009999585','051730206',4,1646,NULL,NULL,NULL,NULL,1,NULL,NULL,NULL,NULL,NULL),
 (1766,'Aetna','BBFHD5RA',NULL,'8008861578',NULL,0,1647,NULL,NULL,NULL,NULL,1,NULL,NULL,NULL,NULL,NULL),
 (1767,'Medi-Cal - Alameda Cty ACCESS',NULL,'0.00',NULL,NULL,0,1648,NULL,NULL,NULL,NULL,1,NULL,NULL,NULL,NULL,NULL),
 (1768,'Medi-Cal - Alameda Cty ACCESS',NULL,'0.00',NULL,NULL,0,1649,NULL,NULL,NULL,NULL,1,NULL,NULL,NULL,NULL,NULL),
 (1769,'Medi-Cal - Alameda Cty ACCESS',NULL,'0.00',NULL,NULL,0,1650,NULL,NULL,NULL,NULL,1,NULL,NULL,NULL,NULL,NULL),
 (1770,'Medi-Cal - Alameda Cty ACCESS',NULL,'0.00',NULL,NULL,0,1651,NULL,NULL,NULL,NULL,1,NULL,NULL,NULL,NULL,NULL),
 (1771,'CHIPA - MHN','R02642718',NULL,'8006417761',NULL,0,1652,NULL,NULL,NULL,NULL,1,NULL,NULL,NULL,NULL,NULL),
 (1772,'CHIPA - MHN','R02862298',NULL,'8005094646',NULL,0,1653,NULL,NULL,NULL,NULL,1,NULL,NULL,NULL,NULL,NULL),
 (1773,'Medi-Cal - Alameda Cty ACCESS',NULL,'0.00',NULL,NULL,0,1654,NULL,NULL,NULL,NULL,1,NULL,NULL,NULL,NULL,NULL),
 (1774,'Medi-Cal - Alameda Cty ACCESS',NULL,'0.00',NULL,NULL,0,1655,NULL,NULL,NULL,NULL,1,NULL,NULL,NULL,NULL,NULL),
 (1775,'PacifiCare HMO',NULL,'30.00','8009999585','051720066',4,1656,NULL,NULL,NULL,NULL,1,NULL,NULL,NULL,NULL,NULL),
 (1776,'PacifiCare HMO',NULL,'20.00','8009999585','051730449',12,1657,NULL,NULL,NULL,NULL,1,NULL,NULL,NULL,NULL,NULL),
 (1777,'Medi-Cal - Alameda Cty ACCESS','75099629','0.00',NULL,NULL,0,1658,NULL,NULL,NULL,NULL,1,NULL,NULL,NULL,NULL,NULL),
 (1778,'Medi-Cal - Alameda Cty ACCESS','75083479',NULL,NULL,NULL,0,1659,NULL,NULL,NULL,NULL,1,NULL,NULL,NULL,NULL,NULL),
 (1780,'Medi-Cal - Alameda Cty ACCESS','75105978','0.00',NULL,NULL,0,1660,NULL,NULL,NULL,NULL,1,NULL,NULL,NULL,NULL,NULL),
 (1781,'PacifiCare HMO',NULL,'30.00',NULL,'051740276',12,1661,NULL,NULL,NULL,NULL,1,NULL,NULL,NULL,NULL,NULL),
 (1782,'Medi-Cal - Alameda Cty ACCESS',NULL,'0.00',NULL,NULL,0,1662,NULL,NULL,NULL,NULL,1,NULL,NULL,NULL,NULL,NULL),
 (1783,'Medi-Cal - Alameda Cty ACCESS',NULL,'0.00',NULL,NULL,0,1663,NULL,NULL,NULL,NULL,1,NULL,NULL,NULL,NULL,NULL),
 (1785,'Medi-Cal - Alameda Cty ACCESS',NULL,'0.00',NULL,NULL,0,1664,NULL,NULL,NULL,NULL,1,NULL,NULL,NULL,NULL,NULL),
 (1786,'Medi-Cal - Alameda Cty ACCESS',NULL,'0.00',NULL,NULL,0,1665,NULL,NULL,NULL,NULL,1,NULL,NULL,NULL,NULL,NULL),
 (1787,'PacifiCare HMO',NULL,'20.00',NULL,'051710705',4,1666,NULL,NULL,NULL,NULL,1,NULL,NULL,NULL,NULL,NULL),
 (1788,'PacifiCare HMO',NULL,'10.00','8009999585','051720883',4,1667,NULL,NULL,NULL,NULL,1,NULL,NULL,NULL,NULL,NULL),
 (1789,'PacifiCare HMO',NULL,'20.00','8009999585','051750200',4,1668,NULL,NULL,NULL,NULL,1,NULL,NULL,NULL,NULL,NULL),
 (1790,'PacifiCare HMO',NULL,'15.00','8009999585','051750064',12,1669,NULL,NULL,NULL,NULL,1,NULL,NULL,NULL,NULL,NULL),
 (1791,'Contra Costa Access',NULL,NULL,NULL,'A253550',0,1670,NULL,NULL,NULL,NULL,1,NULL,NULL,NULL,NULL,NULL),
 (1792,'Contra Costa Access',NULL,NULL,NULL,'A253554',0,1671,NULL,NULL,NULL,NULL,1,NULL,NULL,NULL,NULL,NULL),
 (1793,'PacifiCare HMO',NULL,'0.00','8009999585','051740390',3,1672,NULL,NULL,NULL,NULL,1,NULL,NULL,NULL,NULL,NULL),
 (1794,'CHIPA - MHN','R02780109',NULL,'8884260030',NULL,0,1673,NULL,NULL,NULL,NULL,1,NULL,NULL,NULL,NULL,NULL),
 (1795,'Medi-Cal - Alameda Cty ACCESS',NULL,'0.00',NULL,NULL,0,1674,NULL,NULL,NULL,NULL,1,NULL,NULL,NULL,NULL,NULL),
 (1796,'MHN','R02680442',NULL,'8009777591',NULL,0,1675,NULL,NULL,NULL,NULL,1,NULL,NULL,NULL,NULL,NULL),
 (1797,'PacifiCare HMO',NULL,'20.00','8009999585','051580308',4,1676,NULL,NULL,NULL,NULL,1,NULL,NULL,NULL,NULL,NULL),
 (1799,'Medi-Cal - Alameda Cty ACCESS',NULL,'0.00',NULL,NULL,0,1677,NULL,NULL,NULL,NULL,1,NULL,NULL,NULL,NULL,NULL),
 (1800,'Medi-Cal - Alameda Cty ACCESS',NULL,'0.00',NULL,NULL,0,1678,NULL,NULL,NULL,NULL,1,NULL,NULL,NULL,NULL,NULL),
 (1801,'Medi-Cal - Alameda Cty ACCESS',NULL,'0.00',NULL,NULL,0,1679,NULL,NULL,NULL,NULL,1,NULL,NULL,NULL,NULL,NULL),
 (1802,'Medi-Cal - Alameda Cty ACCESS','75124623',NULL,'8004919099',NULL,0,1680,NULL,NULL,NULL,NULL,1,NULL,NULL,NULL,NULL,NULL),
 (1803,'Contra Costa Access',NULL,NULL,NULL,'A255976',0,1681,NULL,NULL,NULL,NULL,1,NULL,NULL,NULL,NULL,NULL),
 (1804,'Contra Costa Access',NULL,NULL,NULL,'A253710',0,1682,NULL,NULL,NULL,NULL,1,NULL,NULL,NULL,NULL,NULL),
 (1807,'Medi-Cal - Alameda Cty ACCESS','75118407',NULL,NULL,NULL,0,1683,NULL,NULL,NULL,NULL,1,NULL,NULL,NULL,NULL,NULL),
 (1809,'Medi-Cal - Alameda Cty ACCESS','75223470',NULL,NULL,NULL,0,1684,NULL,NULL,NULL,NULL,1,NULL,NULL,NULL,NULL,NULL),
 (1810,'Medi-Cal - Alameda Cty ACCESS','75123663',NULL,NULL,NULL,0,1685,NULL,NULL,NULL,NULL,1,NULL,NULL,NULL,NULL,NULL),
 (1812,'Private Pay',NULL,'200.00',NULL,NULL,0,1686,NULL,NULL,NULL,NULL,1,NULL,NULL,NULL,NULL,NULL),
 (1815,'Contra Costa Access',NULL,NULL,NULL,'a253710',0,1687,NULL,NULL,NULL,NULL,1,NULL,NULL,NULL,NULL,NULL),
 (1818,'PacifiCare HMO',NULL,'10.00',NULL,'050820176',4,1688,NULL,NULL,NULL,NULL,1,NULL,NULL,NULL,NULL,NULL),
 (1820,'Medi-Cal - Alameda Cty ACCESS','75103638',NULL,NULL,NULL,0,1689,NULL,NULL,NULL,NULL,1,NULL,NULL,NULL,NULL,NULL),
 (1822,'PacifiCare HMO',NULL,'15.00','5103241501','051220315',0,1690,NULL,NULL,NULL,NULL,1,NULL,NULL,NULL,NULL,NULL),
 (2803,'Medi-Cal - Alameda Cty ACCESS','75126507','0.00',NULL,NULL,0,1691,NULL,NULL,NULL,NULL,1,NULL,NULL,NULL,NULL,NULL),
 (1824,'Medi-Cal - Alameda Cty ACCESS','75124622',NULL,NULL,NULL,0,1692,NULL,NULL,NULL,NULL,1,NULL,NULL,NULL,NULL,NULL),
 (1826,'Medi-Cal - Alameda Cty ACCESS','75123679',NULL,NULL,NULL,0,1693,NULL,NULL,NULL,NULL,1,NULL,NULL,NULL,NULL,NULL),
 (1829,'USBH',NULL,NULL,'8772638827',NULL,0,1694,NULL,NULL,NULL,NULL,1,NULL,NULL,NULL,NULL,NULL),
 (1831,'MHN',NULL,NULL,'8006417761',NULL,0,1695,NULL,NULL,NULL,NULL,1,NULL,NULL,NULL,NULL,NULL),
 (1832,'Medi-Cal - Alameda Cty ACCESS','75123967',NULL,NULL,NULL,0,1696,NULL,NULL,NULL,NULL,1,NULL,NULL,NULL,NULL,NULL),
 (1833,'Medi-Cal - Alameda Cty ACCESS','75083923',NULL,NULL,NULL,0,1697,NULL,NULL,NULL,NULL,1,NULL,NULL,NULL,NULL,NULL),
 (1834,'MHN',NULL,'10.00','8889355966','01850651intrake 3049944',20,1698,NULL,NULL,NULL,NULL,1,NULL,NULL,NULL,NULL,NULL),
 (1837,'Medi-Cal - Alameda Cty ACCESS','75123760',NULL,NULL,NULL,0,1699,NULL,NULL,NULL,NULL,1,NULL,NULL,NULL,NULL,NULL),
 (1839,'Medi-Cal - Alameda Cty ACCESS','75096780',NULL,NULL,NULL,0,1700,NULL,NULL,NULL,NULL,1,NULL,NULL,NULL,NULL,NULL),
 (1844,'Medi-Cal - Alameda Cty ACCESS','75122892',NULL,NULL,NULL,0,1701,NULL,NULL,NULL,NULL,1,NULL,NULL,NULL,NULL,NULL),
 (1845,'Contra Costa Access',NULL,NULL,NULL,'A255839',0,1702,NULL,NULL,NULL,NULL,1,NULL,NULL,NULL,NULL,NULL),
 (1846,'Medi-Cal - Alameda Cty ACCESS','74298101',NULL,NULL,NULL,0,1703,NULL,NULL,NULL,NULL,1,NULL,NULL,NULL,NULL,NULL),
 (1847,'Medi-Cal - Alameda Cty ACCESS','75076983',NULL,NULL,NULL,0,1704,NULL,NULL,NULL,NULL,1,NULL,NULL,NULL,NULL,NULL),
 (1848,'Medi-Cal - Alameda Cty ACCESS','75095092',NULL,NULL,NULL,0,1705,NULL,NULL,NULL,NULL,1,NULL,NULL,NULL,NULL,NULL),
 (1849,'Medi-Cal - Alameda Cty ACCESS','75048344',NULL,NULL,NULL,0,1706,NULL,NULL,NULL,NULL,1,NULL,NULL,NULL,NULL,NULL),
 (1850,'Medi-Cal - Alameda Cty ACCESS','33087801',NULL,NULL,NULL,0,1707,NULL,NULL,NULL,NULL,1,NULL,NULL,NULL,NULL,NULL),
 (1851,'PacifiCare HMO',NULL,'15.00',NULL,'051780745',0,1708,NULL,NULL,NULL,NULL,1,NULL,NULL,NULL,NULL,NULL),
 (1852,'Medi-Cal - Alameda Cty ACCESS','75124832',NULL,NULL,NULL,0,1709,NULL,NULL,NULL,NULL,1,NULL,NULL,NULL,NULL,NULL),
 (1853,'Medi-Cal - Alameda Cty ACCESS',NULL,NULL,NULL,NULL,0,1710,NULL,NULL,NULL,NULL,1,NULL,NULL,NULL,NULL,NULL),
 (1854,'PacifiCare HMO',NULL,'20.00','8009999585','051780299',4,1711,NULL,NULL,NULL,NULL,1,NULL,NULL,NULL,NULL,NULL),
 (1855,'Aetna',NULL,NULL,NULL,NULL,0,1712,NULL,NULL,NULL,NULL,1,NULL,NULL,NULL,NULL,NULL),
 (1856,'MHN',NULL,NULL,'8887792231',NULL,0,1713,NULL,NULL,NULL,NULL,1,NULL,NULL,NULL,NULL,NULL),
 (1857,'Medi-Cal - Alameda Cty ACCESS','775007405',NULL,NULL,NULL,0,1714,NULL,NULL,NULL,NULL,1,NULL,NULL,NULL,NULL,NULL),
 (1858,'PacifiCare HMO',NULL,'10.00','8009999585','051720805',4,1715,NULL,NULL,NULL,NULL,1,NULL,NULL,NULL,NULL,NULL),
 (1859,'Medi-Cal - Alameda Cty ACCESS',NULL,NULL,NULL,NULL,0,1716,NULL,NULL,NULL,NULL,1,NULL,NULL,NULL,NULL,NULL),
 (1860,'Medi-Cal - Alameda Cty ACCESS','75100930',NULL,NULL,NULL,0,1717,NULL,NULL,NULL,NULL,1,NULL,NULL,NULL,NULL,NULL),
 (1861,'MHN',NULL,NULL,'8887792231',NULL,0,1718,NULL,NULL,NULL,NULL,1,NULL,NULL,NULL,NULL,NULL),
 (1862,'Medi-Cal - Alameda Cty ACCESS','75124829',NULL,NULL,NULL,0,1719,NULL,NULL,NULL,NULL,1,NULL,NULL,NULL,NULL,NULL),
 (1863,'Medi-Cal - Alameda Cty ACCESS','75124874',NULL,NULL,NULL,0,1720,NULL,NULL,NULL,NULL,1,NULL,NULL,NULL,NULL,NULL),
 (1864,'MHN',NULL,'25.00','8884260030',NULL,0,1721,NULL,NULL,NULL,NULL,1,NULL,NULL,NULL,NULL,NULL),
 (1865,'Medi-Cal - Alameda Cty ACCESS','75124867',NULL,NULL,NULL,0,1722,NULL,NULL,NULL,NULL,1,NULL,NULL,NULL,NULL,NULL),
 (1866,'Medi-Cal - Alameda Cty ACCESS','75124830',NULL,NULL,NULL,0,1723,NULL,NULL,NULL,NULL,1,NULL,NULL,NULL,NULL,NULL),
 (1867,'PacifiCare HMO',NULL,'5.00','8009999585','051790339',4,1724,NULL,NULL,NULL,NULL,1,NULL,NULL,NULL,NULL,NULL),
 (1868,'Medi-Cal - Alameda Cty ACCESS','15025464',NULL,NULL,NULL,0,1725,NULL,NULL,NULL,NULL,1,NULL,NULL,NULL,NULL,NULL),
 (1869,'Medi-Cal - Alameda Cty ACCESS','75030781',NULL,NULL,NULL,0,1726,NULL,NULL,NULL,NULL,1,NULL,NULL,NULL,NULL,NULL),
 (1870,'Contra Costa Access',NULL,NULL,NULL,'A254923',0,1727,NULL,NULL,NULL,NULL,1,NULL,NULL,NULL,NULL,NULL),
 (1871,'Contra Costa Access',NULL,NULL,NULL,'A256062',0,1728,NULL,NULL,NULL,NULL,1,NULL,NULL,NULL,NULL,NULL),
 (1872,'Contra Costa Access',NULL,NULL,NULL,'A255961',0,1729,NULL,NULL,NULL,NULL,1,NULL,NULL,NULL,NULL,NULL),
 (1873,'Medi-Cal - Alameda Cty ACCESS','75124893',NULL,NULL,NULL,0,1730,NULL,NULL,NULL,NULL,1,NULL,NULL,NULL,NULL,NULL),
 (1874,'Medi-Cal - Alameda Cty ACCESS','75068813',NULL,NULL,NULL,0,1731,NULL,NULL,NULL,NULL,1,NULL,NULL,NULL,NULL,NULL),
 (1875,'Medi-Cal - Alameda Cty ACCESS','75080256',NULL,NULL,NULL,0,1732,NULL,NULL,NULL,NULL,1,NULL,NULL,NULL,NULL,NULL),
 (1876,'Medi-Cal - Alameda Cty ACCESS','18538901',NULL,NULL,NULL,0,1733,NULL,NULL,NULL,NULL,1,NULL,NULL,NULL,NULL,NULL),
 (1877,'Medi-Cal - Alameda Cty ACCESS','75078628',NULL,NULL,NULL,0,1734,NULL,NULL,NULL,NULL,1,NULL,NULL,NULL,NULL,NULL),
 (1878,'PacifiCare HMO',NULL,'5.00','8009999585','051790611',12,1735,NULL,NULL,NULL,NULL,1,NULL,NULL,NULL,NULL,NULL),
 (1879,'MHN',NULL,NULL,'8004260030',NULL,0,1736,NULL,NULL,NULL,NULL,1,NULL,NULL,NULL,NULL,NULL),
 (1881,'Medi-Cal - Alameda Cty ACCESS','75097168',NULL,NULL,NULL,0,1737,NULL,NULL,NULL,NULL,1,NULL,NULL,NULL,NULL,NULL),
 (1882,'MHN',NULL,NULL,NULL,NULL,0,1738,NULL,NULL,NULL,NULL,1,NULL,NULL,NULL,NULL,NULL),
 (1883,'Aetna',NULL,NULL,NULL,NULL,0,1739,NULL,NULL,NULL,NULL,1,NULL,NULL,NULL,NULL,NULL),
 (1884,'UBH','XDM299A55548',NULL,'8007983053',NULL,0,1740,NULL,NULL,NULL,NULL,1,NULL,NULL,NULL,NULL,NULL),
 (1885,'Medi-Cal - Alameda Cty ACCESS','755124831',NULL,NULL,NULL,0,1741,NULL,NULL,NULL,NULL,1,NULL,NULL,NULL,NULL,NULL),
 (1886,'UBH','XEAT79125798',NULL,'8003512465',NULL,0,1742,NULL,NULL,NULL,NULL,1,NULL,NULL,NULL,NULL,NULL),
 (1887,'PacifiCare HMO',NULL,NULL,'8009999585','051800416',0,1743,NULL,NULL,NULL,NULL,1,NULL,NULL,NULL,NULL,NULL),
 (1888,'PacifiCare HMO',NULL,'25.00','8009999585','051800614',12,1744,NULL,NULL,NULL,NULL,1,NULL,NULL,NULL,NULL,NULL),
 (1889,'PacifiCare HMO',NULL,'10.00','8009999585','051510412',12,1745,NULL,NULL,NULL,NULL,1,NULL,NULL,NULL,NULL,NULL),
 (1890,'Medi-Cal - Alameda Cty ACCESS','75089643',NULL,NULL,NULL,0,1746,NULL,NULL,NULL,NULL,1,NULL,NULL,NULL,NULL,NULL),
 (1891,'PacifiCare HMO',NULL,'5.00','8009999585','051660138',12,1747,NULL,NULL,NULL,NULL,1,NULL,NULL,NULL,NULL,NULL),
 (1892,'PacifiCare HMO',NULL,'10.00','8009999585','051800612',12,1748,NULL,NULL,NULL,NULL,1,NULL,NULL,NULL,NULL,NULL),
 (1893,'PacifiCare HMO',NULL,'5.00','8009999585','050730742',10,1749,NULL,NULL,NULL,NULL,1,NULL,NULL,NULL,NULL,NULL),
 (1894,'Medi-Cal - Alameda Cty ACCESS','75097628',NULL,'8004919099',NULL,0,1750,NULL,NULL,NULL,NULL,1,NULL,NULL,NULL,NULL,NULL),
 (1895,'PacifiCare HMO',NULL,'0.00','8009999585','051800791',3,1751,NULL,NULL,NULL,NULL,1,NULL,NULL,NULL,NULL,NULL),
 (1896,'PacifiCare HMO',NULL,'0.00','8009999585','051800757',8,1752,NULL,NULL,NULL,NULL,1,NULL,NULL,NULL,NULL,NULL),
 (1897,'PacifiCare HMO',NULL,'0.00','8009999585','051680628',12,1753,NULL,NULL,NULL,NULL,1,NULL,NULL,NULL,NULL,NULL),
 (1898,'PacifiCare HMO',NULL,'10.00','8009999585','051810311',4,1754,NULL,NULL,NULL,NULL,1,NULL,NULL,NULL,NULL,NULL),
 (1899,'PacifiCare HMO',NULL,'5.00','8009999585','051810127',12,1755,NULL,NULL,NULL,NULL,1,NULL,NULL,NULL,NULL,NULL),
 (1900,'USBH',NULL,NULL,'8772637178',NULL,0,1756,NULL,NULL,NULL,NULL,1,NULL,NULL,NULL,NULL,NULL),
 (1901,'Contra Costa Access',NULL,NULL,NULL,'A256491',0,1757,NULL,NULL,NULL,NULL,1,NULL,NULL,NULL,NULL,NULL),
 (1902,'Medi-Cal - Alameda Cty ACCESS',NULL,'0.00',NULL,NULL,0,1758,NULL,NULL,NULL,NULL,1,NULL,NULL,NULL,NULL,NULL),
 (1903,'Medi-Cal - Alameda Cty ACCESS',NULL,'0.00',NULL,NULL,0,1759,NULL,NULL,NULL,NULL,1,NULL,NULL,NULL,NULL,NULL),
 (1904,'Medi-Cal - Alameda Cty ACCESS',NULL,'0.00',NULL,NULL,0,1760,NULL,NULL,NULL,NULL,1,NULL,NULL,NULL,NULL,NULL),
 (1905,'Medi-Cal - Alameda Cty ACCESS',NULL,'0.00',NULL,NULL,0,1761,NULL,NULL,NULL,NULL,1,NULL,NULL,NULL,NULL,NULL),
 (1906,'PacifiCare HMO',NULL,'5.00','8009999585','051530571',4,1762,NULL,NULL,NULL,NULL,1,NULL,NULL,NULL,NULL,NULL),
 (2384,'Contra Costa Access',NULL,NULL,'8886767277','A256540',0,1763,NULL,NULL,NULL,NULL,1,NULL,NULL,NULL,NULL,NULL),
 (1908,'Contra Costa Access',NULL,NULL,NULL,NULL,0,1764,NULL,NULL,NULL,NULL,1,NULL,NULL,NULL,NULL,NULL),
 (1909,'PacifiCare HMO',NULL,'20.00','8009999585','051810593',4,1765,NULL,NULL,NULL,NULL,1,NULL,NULL,NULL,NULL,NULL),
 (1910,'Medi-Cal - Alameda Cty ACCESS','75124896',NULL,'8004919099',NULL,0,1766,NULL,NULL,NULL,NULL,1,NULL,NULL,NULL,NULL,NULL),
 (1911,'Medi-Cal - Alameda Cty ACCESS','28332501',NULL,'8004919099',NULL,0,1767,NULL,NULL,NULL,NULL,1,NULL,NULL,NULL,NULL,NULL),
 (1912,'PacifiCare HMO',NULL,'25.00','8009999585','051800817',0,1768,NULL,NULL,NULL,NULL,1,NULL,NULL,NULL,NULL,NULL),
 (1914,'Medi-Cal - Alameda Cty ACCESS',NULL,'0.00',NULL,NULL,0,1769,NULL,NULL,NULL,NULL,1,NULL,NULL,NULL,NULL,NULL),
 (1915,'Medi-Cal - Alameda Cty ACCESS',NULL,'0.00',NULL,NULL,0,1770,NULL,NULL,NULL,NULL,1,NULL,NULL,NULL,NULL,NULL),
 (1916,'UBH','XEHJ02401789',NULL,NULL,NULL,0,1771,NULL,NULL,NULL,NULL,1,NULL,NULL,NULL,NULL,NULL),
 (1917,'PacifiCare HMO',NULL,NULL,'8009999585','051820435',0,1772,NULL,NULL,NULL,NULL,1,NULL,NULL,NULL,NULL,NULL),
 (1918,'Medi-Cal - Alameda Cty ACCESS',NULL,'0.00',NULL,NULL,0,1773,NULL,NULL,NULL,NULL,1,NULL,NULL,NULL,NULL,NULL),
 (1919,'Contra Costa Access',NULL,NULL,NULL,'A256487',0,1774,NULL,NULL,NULL,NULL,1,NULL,NULL,NULL,NULL,NULL),
 (1920,'Medi-Cal - Alameda Cty ACCESS',NULL,'0.00',NULL,NULL,0,1775,NULL,NULL,NULL,NULL,1,NULL,NULL,NULL,NULL,NULL),
 (1921,'Medi-Cal - Alameda Cty ACCESS','75121307',NULL,'8004919099',NULL,0,1776,NULL,NULL,NULL,NULL,1,NULL,NULL,NULL,NULL,NULL),
 (1922,'Medi-Cal - Alameda Cty ACCESS','75088114',NULL,'8004919099',NULL,0,1777,NULL,NULL,NULL,NULL,1,NULL,NULL,NULL,NULL,NULL),
 (1923,'PacifiCare HMO',NULL,'10.00','8009999585','051820575',12,1778,NULL,NULL,NULL,NULL,1,NULL,NULL,NULL,NULL,NULL),
 (1924,'PacifiCare HMO',NULL,'35.00','8009999585','051800801',4,1779,NULL,NULL,NULL,NULL,1,NULL,NULL,NULL,NULL,NULL),
 (1925,'Medi-Cal - Alameda Cty ACCESS','75125005',NULL,'8004919099',NULL,0,1780,NULL,NULL,NULL,NULL,1,NULL,NULL,NULL,NULL,NULL),
 (1926,'PacifiCare HMO',NULL,'35.00','8009999585','051240387',4,1781,NULL,NULL,NULL,NULL,1,NULL,NULL,NULL,NULL,NULL),
 (1928,'PacifiCare HMO',NULL,'15.00','5106537515','051820093',15,1782,NULL,NULL,NULL,NULL,1,NULL,NULL,NULL,NULL,NULL),
 (1929,'Contra Costa Access',NULL,NULL,NULL,'A256400',0,1783,NULL,NULL,NULL,NULL,1,NULL,NULL,NULL,NULL,NULL),
 (1930,'PacifiCare HMO',NULL,'25.00','8009999585','051860309',4,1784,NULL,NULL,NULL,NULL,1,NULL,NULL,NULL,NULL,NULL),
 (1931,'PacifiCare HMO',NULL,'10.00','8009999585','050731093',4,1785,NULL,NULL,NULL,NULL,1,NULL,NULL,NULL,NULL,NULL),
 (1932,'Medi-Cal - Alameda Cty ACCESS',NULL,'0.00',NULL,NULL,0,1786,NULL,NULL,NULL,NULL,1,NULL,NULL,NULL,NULL,NULL),
 (1933,'MHN','W120717399',NULL,'8009509994','ID:w120717399',0,1787,NULL,NULL,NULL,NULL,1,NULL,NULL,NULL,NULL,NULL),
 (1934,'Contra Costa Access',NULL,NULL,NULL,'A256824',0,1788,NULL,NULL,NULL,NULL,1,NULL,NULL,NULL,NULL,NULL),
 (1935,'PacifiCare HMO',NULL,'10.00','8009999585','081720878',4,1789,NULL,NULL,NULL,NULL,1,NULL,NULL,NULL,NULL,NULL),
 (1936,'PacifiCare HMO',NULL,'20.00','8009999585','043360631',4,1790,NULL,NULL,NULL,NULL,1,NULL,NULL,NULL,NULL,NULL),
 (1937,'Contra Costa Access',NULL,NULL,NULL,'A251797',0,1791,NULL,NULL,NULL,NULL,1,NULL,NULL,NULL,NULL,NULL),
 (1938,'UBH',NULL,NULL,'8004790469','ID#941211640',0,1792,NULL,NULL,NULL,NULL,1,NULL,NULL,NULL,NULL,NULL),
 (1939,'Contra Costa Access',NULL,NULL,NULL,'A256971',0,1793,NULL,NULL,NULL,NULL,1,NULL,NULL,NULL,NULL,NULL),
 (1940,'Medi-Cal - Alameda Cty ACCESS',NULL,'0.00',NULL,NULL,0,1794,NULL,NULL,NULL,NULL,1,NULL,NULL,NULL,NULL,NULL),
 (1941,'Medi-Cal - Alameda Cty ACCESS',NULL,'0.00',NULL,NULL,0,1795,NULL,NULL,NULL,NULL,1,NULL,NULL,NULL,NULL,NULL),
 (1942,'Medi-Cal - Alameda Cty ACCESS',NULL,'0.00',NULL,NULL,0,1796,NULL,NULL,NULL,NULL,1,NULL,NULL,NULL,NULL,NULL),
 (1943,'Medi-Cal - Alameda Cty ACCESS',NULL,'0.00',NULL,NULL,0,1797,NULL,NULL,NULL,NULL,1,NULL,NULL,NULL,NULL,NULL),
 (1944,'Medi-Cal - Alameda Cty ACCESS',NULL,'0.00',NULL,NULL,0,1798,NULL,NULL,NULL,NULL,1,NULL,NULL,NULL,NULL,NULL),
 (1945,'Contra Costa Access',NULL,NULL,NULL,'A257056',0,1799,NULL,NULL,NULL,NULL,1,NULL,NULL,NULL,NULL,NULL),
 (1946,'Medi-Cal - Alameda Cty ACCESS',NULL,'0.00',NULL,NULL,0,1800,NULL,NULL,NULL,NULL,1,NULL,NULL,NULL,NULL,NULL),
 (1947,'Medi-Cal - Alameda Cty ACCESS',NULL,'0.00',NULL,NULL,0,1801,NULL,NULL,NULL,NULL,1,NULL,NULL,NULL,NULL,NULL),
 (1948,'PacifiCare HMO',NULL,'10.00','8009999585','051820625',4,1802,NULL,NULL,NULL,NULL,1,NULL,NULL,NULL,NULL,NULL),
 (1949,'Contra Costa Access',NULL,NULL,NULL,'A255894',0,1803,NULL,NULL,NULL,NULL,1,NULL,NULL,NULL,NULL,NULL),
 (1950,'PacifiCare HMO',NULL,'0.00','8009999585','051730617',12,1804,NULL,NULL,NULL,NULL,1,NULL,NULL,NULL,NULL,NULL),
 (1951,'PacifiCare HMO',NULL,'0.00','8009999585','051010546',12,1805,NULL,NULL,NULL,NULL,1,NULL,NULL,NULL,NULL,NULL),
 (1952,'PacifiCare HMO',NULL,NULL,'8009999585',NULL,0,1806,NULL,NULL,NULL,NULL,1,NULL,NULL,NULL,NULL,NULL),
 (1953,'PacifiCare HMO',NULL,'10.00','8009999585','051870831',4,1807,NULL,NULL,NULL,NULL,1,NULL,NULL,NULL,NULL,NULL),
 (1955,'Medi-Cal - Alameda Cty ACCESS',NULL,'0.00',NULL,NULL,0,1808,NULL,NULL,NULL,NULL,1,NULL,NULL,NULL,NULL,NULL),
 (1956,'Medi-Cal - Alameda Cty ACCESS',NULL,'0.00',NULL,NULL,0,1809,NULL,NULL,NULL,NULL,1,NULL,NULL,NULL,NULL,NULL),
 (1957,'Medi-Cal - Alameda Cty ACCESS',NULL,'0.00',NULL,NULL,0,1810,NULL,NULL,NULL,NULL,1,NULL,NULL,NULL,NULL,NULL),
 (1958,'Medi-Cal - Alameda Cty ACCESS',NULL,'0.00',NULL,NULL,0,1811,NULL,NULL,NULL,NULL,1,NULL,NULL,NULL,NULL,NULL),
 (1959,'MHN',NULL,'25.00','8006888329','R3057867',30,1812,NULL,NULL,NULL,NULL,1,NULL,NULL,NULL,NULL,NULL),
 (1960,'PacifiCare HMO',NULL,'0.00','8009999585','051880509',5,1813,NULL,NULL,NULL,NULL,1,NULL,NULL,NULL,NULL,NULL),
 (1961,'Medi-Cal - Alameda Cty ACCESS','55943501',NULL,'8004919099',NULL,0,1814,NULL,NULL,NULL,NULL,1,NULL,NULL,NULL,NULL,NULL),
 (1962,'PacifiCare HMO',NULL,'5.00','8009999585','051330795',12,1815,NULL,NULL,NULL,NULL,1,NULL,NULL,NULL,NULL,NULL),
 (1963,'PacifiCare HMO',NULL,'0.00','8009999585','051880589',5,1816,NULL,NULL,NULL,NULL,1,NULL,NULL,NULL,NULL,NULL),
 (1964,'Medi-Cal - Alameda Cty ACCESS',NULL,NULL,NULL,NULL,0,1817,NULL,NULL,NULL,NULL,1,NULL,NULL,NULL,NULL,NULL),
 (1965,'PacifiCare HMO',NULL,'10.00','8009999585','051880752',12,1818,NULL,NULL,NULL,NULL,1,NULL,NULL,NULL,NULL,NULL),
 (1966,'PacifiCare HMO',NULL,'10.00','8009999585','051570905',4,1819,NULL,NULL,NULL,NULL,1,NULL,NULL,NULL,NULL,NULL),
 (1967,'MHN',NULL,NULL,NULL,NULL,0,1820,NULL,NULL,NULL,NULL,1,NULL,NULL,NULL,NULL,NULL),
 (2025,'Contra Costa Access',NULL,NULL,NULL,'A257167',0,1821,NULL,NULL,NULL,NULL,1,NULL,NULL,NULL,NULL,NULL),
 (1969,'Contra Costa Access',NULL,NULL,NULL,'A257161',0,1822,NULL,NULL,NULL,NULL,1,NULL,NULL,NULL,NULL,NULL),
 (1970,'Medi-Cal - Alameda Cty ACCESS',NULL,'0.00',NULL,NULL,0,1823,NULL,NULL,NULL,NULL,1,NULL,NULL,NULL,NULL,NULL),
 (1971,'Medi-Cal - Alameda Cty ACCESS',NULL,'0.00',NULL,NULL,0,1824,NULL,NULL,NULL,NULL,1,NULL,NULL,NULL,NULL,NULL),
 (1972,'Medi-Cal - Alameda Cty ACCESS',NULL,'0.00',NULL,NULL,0,1825,NULL,NULL,NULL,NULL,1,NULL,NULL,NULL,NULL,NULL),
 (1974,'PacifiCare HMO',NULL,'0.00','8009999585','051870800',4,1826,NULL,NULL,NULL,NULL,1,NULL,NULL,NULL,NULL,NULL),
 (1975,'Medi-Cal - Alameda Cty ACCESS',NULL,'0.00',NULL,NULL,0,1827,NULL,NULL,NULL,NULL,1,NULL,NULL,NULL,NULL,NULL),
 (1976,'Contra Costa Access',NULL,NULL,NULL,'A254051',0,1828,NULL,NULL,NULL,NULL,1,NULL,NULL,NULL,NULL,NULL),
 (1977,'Medi-Cal - Alameda Cty ACCESS',NULL,'0.00',NULL,NULL,0,1829,NULL,NULL,NULL,NULL,1,NULL,NULL,NULL,NULL,NULL),
 (1978,'Medi-Cal - Alameda Cty ACCESS',NULL,'0.00',NULL,NULL,0,1830,NULL,NULL,NULL,NULL,1,NULL,NULL,NULL,NULL,NULL),
 (1979,'Contra Costa Access',NULL,NULL,NULL,'A257184',0,1831,NULL,NULL,NULL,NULL,1,NULL,NULL,NULL,NULL,NULL),
 (1980,'Contra Costa Access',NULL,NULL,NULL,'A255674',0,1832,NULL,NULL,NULL,NULL,1,NULL,NULL,NULL,NULL,NULL),
 (1981,'Contra Costa Access',NULL,NULL,NULL,'A257211',0,1833,NULL,NULL,NULL,NULL,1,NULL,NULL,NULL,NULL,NULL),
 (1982,'Contra Costa Access',NULL,NULL,NULL,'A257283',0,1834,NULL,NULL,NULL,NULL,1,NULL,NULL,NULL,NULL,NULL),
 (1983,'PacifiCare HMO',NULL,'5.00','8009999585','051890651',4,1835,NULL,NULL,NULL,NULL,1,NULL,NULL,NULL,NULL,NULL),
 (1984,'Contra Costa Access',NULL,NULL,NULL,'A257261',0,1836,NULL,NULL,NULL,NULL,1,NULL,NULL,NULL,NULL,NULL),
 (1985,'Contra Costa Access',NULL,NULL,NULL,'A257333',0,1837,NULL,NULL,NULL,NULL,1,NULL,NULL,NULL,NULL,NULL),
 (1986,'PacifiCare HMO',NULL,'5.00','8009999585','051780685',4,1838,NULL,NULL,NULL,NULL,1,NULL,NULL,NULL,NULL,NULL),
 (1987,'Medi-Cal - Alameda Cty ACCESS',NULL,'0.00',NULL,NULL,0,1839,NULL,NULL,NULL,NULL,1,NULL,NULL,NULL,NULL,NULL),
 (1989,'Medi-Cal - Alameda Cty ACCESS',NULL,'0.00',NULL,NULL,0,1840,NULL,NULL,NULL,NULL,1,NULL,NULL,NULL,NULL,NULL),
 (1990,'Medi-Cal - Alameda Cty ACCESS',NULL,'0.00',NULL,NULL,0,1841,NULL,NULL,NULL,NULL,1,NULL,NULL,NULL,NULL,NULL),
 (1991,'Medi-Cal - Alameda Cty ACCESS',NULL,'0.00',NULL,NULL,0,1842,NULL,NULL,NULL,NULL,1,NULL,NULL,NULL,NULL,NULL),
 (1992,'Medi-Cal - Alameda Cty ACCESS',NULL,'0.00',NULL,NULL,0,1843,NULL,NULL,NULL,NULL,1,NULL,NULL,NULL,NULL,NULL),
 (1993,'PacifiCare HMO',NULL,'0.00','8009999585','051920772',4,1844,NULL,NULL,NULL,NULL,1,NULL,NULL,NULL,NULL,NULL),
 (1994,'CHIPA - Magellan',NULL,NULL,NULL,'14347-03-02',0,1845,NULL,NULL,NULL,NULL,1,NULL,NULL,NULL,NULL,NULL),
 (1995,'PacifiCare HMO',NULL,'0.00','8009999585','051920892',12,1846,NULL,NULL,NULL,NULL,1,NULL,NULL,NULL,NULL,NULL),
 (1997,'PacifiCare HMO',NULL,'30.00','8009999585','051590698',4,1847,NULL,NULL,NULL,NULL,1,NULL,NULL,NULL,NULL,NULL),
 (1998,'Contra Costa Access',NULL,NULL,NULL,'A257349',0,1848,NULL,NULL,NULL,NULL,1,NULL,NULL,NULL,NULL,NULL),
 (1999,'PacifiCare HMO',NULL,'10.00','8009999585','051820320',4,1849,NULL,NULL,NULL,NULL,1,NULL,NULL,NULL,NULL,NULL),
 (2000,'MHN',NULL,NULL,'8884260030','R03116155',0,1850,NULL,NULL,NULL,NULL,1,NULL,NULL,NULL,NULL,NULL),
 (2001,'Contra Costa Access',NULL,NULL,NULL,'A257386',0,1851,NULL,NULL,NULL,NULL,1,NULL,NULL,NULL,NULL,NULL),
 (2002,'PacifiCare HMO',NULL,'0.00','8009999585','051930473',9,1852,NULL,NULL,NULL,NULL,1,NULL,NULL,NULL,NULL,NULL),
 (2003,'MHN',NULL,NULL,'8889355966',NULL,0,1853,NULL,NULL,NULL,NULL,1,NULL,NULL,NULL,NULL,NULL),
 (2004,'Medi-Cal - Alameda Cty ACCESS',NULL,'0.00',NULL,NULL,0,1854,NULL,NULL,NULL,NULL,1,NULL,NULL,NULL,NULL,NULL),
 (2005,'Medi-Cal - Alameda Cty ACCESS',NULL,'0.00',NULL,NULL,0,1855,NULL,NULL,NULL,NULL,1,NULL,NULL,NULL,NULL,NULL),
 (2006,'Medi-Cal - Alameda Cty ACCESS',NULL,'0.00',NULL,NULL,0,1856,NULL,NULL,NULL,NULL,1,NULL,NULL,NULL,NULL,NULL),
 (2007,'Medi-Cal - Alameda Cty ACCESS',NULL,'0.00',NULL,NULL,0,1857,NULL,NULL,NULL,NULL,1,NULL,NULL,NULL,NULL,NULL),
 (2008,'Medi-Cal - Alameda Cty ACCESS',NULL,'0.00',NULL,NULL,0,1858,NULL,NULL,NULL,NULL,1,NULL,NULL,NULL,NULL,NULL),
 (2009,'Medi-Cal - Alameda Cty ACCESS',NULL,'0.00',NULL,NULL,0,1859,NULL,NULL,NULL,NULL,1,NULL,NULL,NULL,NULL,NULL),
 (2010,'PacifiCare HMO',NULL,'30.00','8009999585','051930735',12,1860,NULL,NULL,NULL,NULL,1,NULL,NULL,NULL,NULL,NULL),
 (2011,'UBH',NULL,NULL,'8666229267',NULL,0,1861,NULL,NULL,NULL,NULL,1,NULL,NULL,NULL,NULL,NULL),
 (2012,'Contra Costa Access',NULL,NULL,NULL,'A257516',0,1862,NULL,NULL,NULL,NULL,1,NULL,NULL,NULL,NULL,NULL),
 (2013,'UBH',NULL,NULL,'8772142928',NULL,0,1863,NULL,NULL,NULL,NULL,1,NULL,NULL,NULL,NULL,NULL),
 (2014,'Contra Costa Access',NULL,NULL,NULL,'A257571',0,1864,NULL,NULL,NULL,NULL,1,NULL,NULL,NULL,NULL,NULL),
 (2015,'PacifiCare HMO',NULL,'0.00','8009999585','051940382',3,1865,NULL,NULL,NULL,NULL,1,NULL,NULL,NULL,NULL,NULL),
 (2017,'Medi-Cal - Alameda Cty ACCESS',NULL,'0.00',NULL,NULL,0,1866,NULL,NULL,NULL,NULL,1,NULL,NULL,NULL,NULL,NULL),
 (2018,'Medi-Cal - Alameda Cty ACCESS',NULL,'0.00',NULL,NULL,0,1867,NULL,NULL,NULL,NULL,1,NULL,NULL,NULL,NULL,NULL),
 (2019,'PacifiCare HMO',NULL,NULL,'8009999585','051570952',4,1868,NULL,NULL,NULL,NULL,1,NULL,NULL,NULL,NULL,NULL),
 (2020,'MHN',NULL,NULL,'8884260030',NULL,0,1869,NULL,NULL,NULL,NULL,1,NULL,NULL,NULL,NULL,NULL),
 (2021,'PacifiCare HMO',NULL,'5.00','8009999585','051940629',4,1870,NULL,NULL,NULL,NULL,1,NULL,NULL,NULL,NULL,NULL),
 (2022,'Medi-Cal - Alameda Cty ACCESS',NULL,'0.00',NULL,NULL,0,1871,NULL,NULL,NULL,NULL,1,NULL,NULL,NULL,NULL,NULL),
 (2023,'Medi-Cal - Alameda Cty ACCESS',NULL,'0.00',NULL,NULL,0,1872,NULL,NULL,NULL,NULL,1,NULL,NULL,NULL,NULL,NULL),
 (2024,'Private Pay',NULL,'260.00',NULL,NULL,0,1873,NULL,NULL,NULL,NULL,1,NULL,NULL,NULL,NULL,NULL),
 (2026,'CHIPA - Magellan',NULL,'10.00','8007793825',NULL,0,1874,NULL,NULL,NULL,NULL,1,NULL,NULL,NULL,NULL,NULL),
 (2027,'Medi-Cal - Alameda Cty ACCESS',NULL,'0.00',NULL,NULL,0,1875,NULL,NULL,NULL,NULL,1,NULL,NULL,NULL,NULL,NULL),
 (2028,'Medi-Cal - Alameda Cty ACCESS',NULL,'0.00',NULL,NULL,0,1876,NULL,NULL,NULL,NULL,1,NULL,NULL,NULL,NULL,NULL),
 (2029,'Medi-Cal - Alameda Cty ACCESS',NULL,'0.00',NULL,NULL,0,1877,NULL,NULL,NULL,NULL,1,NULL,NULL,NULL,NULL,NULL),
 (2030,'Medi-Cal - Alameda Cty ACCESS',NULL,'0.00',NULL,NULL,0,1878,NULL,NULL,NULL,NULL,1,NULL,NULL,NULL,NULL,NULL),
 (2031,'MHN',NULL,NULL,NULL,NULL,0,1879,NULL,NULL,NULL,NULL,1,NULL,NULL,NULL,NULL,NULL),
 (2032,'Medi-Cal - Alameda Cty ACCESS',NULL,'0.00',NULL,NULL,0,1880,NULL,NULL,NULL,NULL,1,NULL,NULL,NULL,NULL,NULL),
 (2035,'Medi-Cal - Alameda Cty ACCESS',NULL,'0.00',NULL,NULL,0,1881,NULL,NULL,NULL,NULL,1,NULL,NULL,NULL,NULL,NULL),
 (2036,'MHN',NULL,NULL,'8003639371',NULL,0,1882,NULL,NULL,NULL,NULL,1,NULL,NULL,NULL,NULL,NULL),
 (2037,'Private Pay',NULL,'110.00',NULL,NULL,0,1883,NULL,NULL,NULL,NULL,1,NULL,NULL,NULL,NULL,NULL),
 (2038,'PacifiCare HMO',NULL,'0.00','8009999585','051960311',3,1884,NULL,NULL,NULL,NULL,1,NULL,NULL,NULL,NULL,NULL),
 (2039,'PacifiCare HMO',NULL,'10.00','8009999585','051530372',0,1885,NULL,NULL,NULL,NULL,1,NULL,NULL,NULL,NULL,NULL),
 (2040,'Medi-Cal - Alameda Cty ACCESS',NULL,'0.00',NULL,NULL,0,1886,NULL,NULL,NULL,NULL,1,NULL,NULL,NULL,NULL,NULL),
 (2041,'Medi-Cal - Alameda Cty ACCESS',NULL,'0.00',NULL,NULL,0,1887,NULL,NULL,NULL,NULL,1,NULL,NULL,NULL,NULL,NULL),
 (2042,'Medi-Cal - Alameda Cty ACCESS',NULL,'0.00',NULL,NULL,0,1888,NULL,NULL,NULL,NULL,1,NULL,NULL,NULL,NULL,NULL),
 (2043,'Medi-Cal - Alameda Cty ACCESS',NULL,'0.00',NULL,NULL,0,1889,NULL,NULL,NULL,NULL,1,NULL,NULL,NULL,NULL,NULL),
 (2044,'USBH',NULL,NULL,'8007983053',NULL,0,1890,NULL,NULL,NULL,NULL,1,NULL,NULL,NULL,NULL,NULL),
 (2045,'PacifiCare HMO',NULL,'0.00','8009999585','051960625',4,1891,NULL,NULL,NULL,NULL,1,NULL,NULL,NULL,NULL,NULL),
 (2047,'Medi-Cal - Alameda Cty ACCESS',NULL,'0.00',NULL,NULL,0,1892,NULL,NULL,NULL,NULL,1,NULL,NULL,NULL,NULL,NULL),
 (2048,'Medi-Cal - Alameda Cty ACCESS',NULL,'40.00','8009999585','050450468',10,1893,NULL,NULL,NULL,NULL,1,NULL,NULL,NULL,NULL,NULL),
 (2049,'Medi-Cal - Alameda Cty ACCESS',NULL,'0.00',NULL,NULL,0,1894,NULL,NULL,NULL,NULL,1,NULL,NULL,NULL,NULL,NULL),
 (2050,'Medi-Cal - Alameda Cty ACCESS',NULL,'0.00',NULL,NULL,0,1895,NULL,NULL,NULL,NULL,1,NULL,NULL,NULL,NULL,NULL),
 (2051,'Medi-Cal - Alameda Cty ACCESS',NULL,'0.00',NULL,NULL,0,1896,NULL,NULL,NULL,NULL,1,NULL,NULL,NULL,NULL,NULL),
 (2052,'Medi-Cal - Alameda Cty ACCESS',NULL,'0.00',NULL,NULL,0,1897,NULL,NULL,NULL,NULL,1,NULL,NULL,NULL,NULL,NULL),
 (2053,'Medi-Cal - Alameda Cty ACCESS',NULL,'0.00',NULL,NULL,0,1898,NULL,NULL,NULL,NULL,1,NULL,NULL,NULL,NULL,NULL),
 (2054,'Medi-Cal - Alameda Cty ACCESS',NULL,'0.00',NULL,NULL,0,1899,NULL,NULL,NULL,NULL,1,NULL,NULL,NULL,NULL,NULL),
 (2055,'Medi-Cal - Alameda Cty ACCESS',NULL,'0.00',NULL,NULL,0,1900,NULL,NULL,NULL,NULL,1,NULL,NULL,NULL,NULL,NULL),
 (2056,'Medi-Cal - Alameda Cty ACCESS',NULL,'0.00',NULL,NULL,0,1901,NULL,NULL,NULL,NULL,1,NULL,NULL,NULL,NULL,NULL),
 (2057,'PacifiCare HMO',NULL,'5.00','8009999585','051940195',4,1902,NULL,NULL,NULL,NULL,1,NULL,NULL,NULL,NULL,NULL),
 (2058,'Medi-Cal - Alameda Cty ACCESS',NULL,'0.00',NULL,NULL,0,1903,NULL,NULL,NULL,NULL,1,NULL,NULL,NULL,NULL,NULL),
 (2059,'Medi-Cal - Alameda Cty ACCESS',NULL,'0.00',NULL,NULL,0,1904,NULL,NULL,NULL,NULL,1,NULL,NULL,NULL,NULL,NULL),
 (2060,'Medi-Cal - Alameda Cty ACCESS',NULL,'0.00',NULL,NULL,0,1905,NULL,NULL,NULL,NULL,1,NULL,NULL,NULL,NULL,NULL),
 (2061,'Medi-Cal - Alameda Cty ACCESS',NULL,'0.00',NULL,NULL,0,1906,NULL,NULL,NULL,NULL,1,NULL,NULL,NULL,NULL,NULL),
 (2062,'MHN',NULL,NULL,'8006417761',NULL,0,1907,NULL,NULL,NULL,NULL,1,NULL,NULL,NULL,NULL,NULL),
 (2063,'PacifiCare HMO',NULL,'30.00','8009999585','051990704',4,1908,NULL,NULL,NULL,NULL,1,NULL,NULL,NULL,NULL,NULL),
 (2064,'PacifiCare HMO',NULL,'30.00','8009999585','051990879',12,1909,NULL,NULL,NULL,NULL,1,NULL,NULL,NULL,NULL,NULL),
 (2065,'Contra Costa Access',NULL,NULL,NULL,'A257674',0,1910,NULL,NULL,NULL,NULL,1,NULL,NULL,NULL,NULL,NULL),
 (2066,'Medi-Cal - Alameda Cty ACCESS',NULL,'0.00',NULL,NULL,0,1911,NULL,NULL,NULL,NULL,1,NULL,NULL,NULL,NULL,NULL),
 (2067,'Medi-Cal - Alameda Cty ACCESS',NULL,'0.00',NULL,NULL,0,1912,NULL,NULL,NULL,NULL,1,NULL,NULL,NULL,NULL,NULL),
 (2069,'UBH',NULL,'10.00','8004246521','xehj01778690',0,1913,NULL,NULL,NULL,NULL,1,NULL,NULL,NULL,NULL,NULL),
 (2070,'Aetna',NULL,'10.00',NULL,NULL,0,1914,NULL,NULL,NULL,NULL,1,NULL,NULL,NULL,NULL,NULL),
 (2071,'PacifiCare HMO',NULL,'20.00','8009999585','051180219',4,1915,NULL,NULL,NULL,NULL,1,NULL,NULL,NULL,NULL,NULL),
 (2072,'Medi-Cal - Alameda Cty ACCESS',NULL,'0.00',NULL,NULL,0,1916,NULL,NULL,NULL,NULL,1,NULL,NULL,NULL,NULL,NULL),
 (2073,'MHN',NULL,NULL,'8009355966',NULL,0,1917,NULL,NULL,NULL,NULL,1,NULL,NULL,NULL,NULL,NULL),
 (2074,'MHN','R03319258',NULL,'8006639355',NULL,0,1918,NULL,NULL,NULL,NULL,1,NULL,NULL,NULL,NULL,NULL),
 (2075,'MHN','R02006597','10.00','8889355965',NULL,52,1919,NULL,NULL,NULL,NULL,1,NULL,NULL,NULL,NULL,NULL),
 (2076,'Medi-Cal - Alameda Cty ACCESS',NULL,'0.00',NULL,NULL,0,1920,NULL,NULL,NULL,NULL,1,NULL,NULL,NULL,NULL,NULL),
 (2077,'Medi-Cal - Alameda Cty ACCESS',NULL,'0.00',NULL,NULL,0,1921,NULL,NULL,NULL,NULL,1,NULL,NULL,NULL,NULL,NULL),
 (2078,'Medi-Cal - Alameda Cty ACCESS',NULL,'0.00',NULL,NULL,0,1922,NULL,NULL,NULL,NULL,1,NULL,NULL,NULL,NULL,NULL),
 (2079,'Medi-Cal - Alameda Cty ACCESS',NULL,'0.00',NULL,NULL,0,1923,NULL,NULL,NULL,NULL,1,NULL,NULL,NULL,NULL,NULL),
 (2080,'Medi-Cal - Alameda Cty ACCESS',NULL,'0.00',NULL,NULL,0,1924,NULL,NULL,NULL,NULL,1,NULL,NULL,NULL,NULL,NULL),
 (2081,'Aetna','W118595467',NULL,'8008023862',NULL,0,1925,NULL,NULL,NULL,NULL,1,NULL,NULL,NULL,NULL,NULL),
 (2082,'PacifiCare HMO',NULL,'20.00','8009999585','051960741',4,1926,NULL,NULL,NULL,NULL,1,NULL,NULL,NULL,NULL,NULL),
 (2083,'MHN',NULL,NULL,'8006639355',NULL,0,1927,NULL,NULL,NULL,NULL,1,NULL,NULL,NULL,NULL,NULL),
 (2084,'PacifiCare HMO',NULL,'15.00','8009999585','052010640',4,1928,NULL,NULL,NULL,NULL,1,NULL,NULL,NULL,NULL,NULL),
 (2085,'Medi-Cal - Alameda Cty ACCESS',NULL,'0.00',NULL,NULL,0,1929,NULL,NULL,NULL,NULL,1,NULL,NULL,NULL,NULL,NULL),
 (2086,'EBAC',NULL,'0.00',NULL,NULL,0,1930,NULL,NULL,NULL,NULL,1,NULL,NULL,NULL,NULL,NULL),
 (2087,'Contra Costa Access',NULL,NULL,NULL,NULL,0,1931,NULL,NULL,NULL,NULL,1,NULL,NULL,NULL,NULL,NULL),
 (2088,'Medi-Cal - Alameda Cty ACCESS','45125459','0.00','8004919099',NULL,0,1932,NULL,NULL,NULL,NULL,1,NULL,NULL,NULL,NULL,NULL),
 (2089,'Medi-Cal - Alameda Cty ACCESS',NULL,'0.00',NULL,NULL,0,1933,NULL,NULL,NULL,NULL,1,NULL,NULL,NULL,NULL,NULL),
 (2090,'Medi-Cal - Alameda Cty ACCESS',NULL,'0.00',NULL,NULL,0,1934,NULL,NULL,NULL,NULL,1,NULL,NULL,NULL,NULL,NULL),
 (2091,'Medi-Cal - Alameda Cty ACCESS',NULL,'0.00',NULL,NULL,0,1935,NULL,NULL,NULL,NULL,1,NULL,NULL,NULL,NULL,NULL),
 (2092,'Medi-Cal - Alameda Cty ACCESS',NULL,'0.00',NULL,NULL,0,1936,NULL,NULL,NULL,NULL,1,NULL,NULL,NULL,NULL,NULL),
 (2093,'Medi-Cal - Alameda Cty ACCESS',NULL,'0.00',NULL,NULL,0,1937,NULL,NULL,NULL,NULL,1,NULL,NULL,NULL,NULL,NULL),
 (2094,'Medi-Cal - Alameda Cty ACCESS',NULL,'0.00',NULL,NULL,0,1938,NULL,NULL,NULL,NULL,1,NULL,NULL,NULL,NULL,NULL),
 (2095,'Contra Costa Access',NULL,NULL,NULL,'A258708',0,1939,NULL,NULL,NULL,NULL,1,NULL,NULL,NULL,NULL,NULL),
 (2096,'MHN','R01963307',NULL,'8007792231',NULL,0,1940,NULL,NULL,NULL,NULL,1,NULL,NULL,NULL,NULL,NULL),
 (2097,'PacifiCare HMO','R0200005','10.00','8009999585','052000835',12,1941,NULL,NULL,NULL,NULL,1,NULL,NULL,NULL,NULL,NULL),
 (2098,'Medi-Cal - Alameda Cty ACCESS',NULL,'0.00',NULL,NULL,0,1942,NULL,NULL,NULL,NULL,1,NULL,NULL,NULL,NULL,NULL),
 (2099,'Medi-Cal - Alameda Cty ACCESS',NULL,'0.00',NULL,NULL,0,1943,NULL,NULL,NULL,NULL,1,NULL,NULL,NULL,NULL,NULL),
 (2100,'Medi-Cal - Alameda Cty ACCESS',NULL,'0.00',NULL,NULL,0,1944,NULL,NULL,NULL,NULL,1,NULL,NULL,NULL,NULL,NULL),
 (2101,'Medi-Cal - Alameda Cty ACCESS',NULL,'0.00',NULL,NULL,0,1945,NULL,NULL,NULL,NULL,1,NULL,NULL,NULL,NULL,NULL),
 (2103,'Medi-Cal - Alameda Cty ACCESS',NULL,'0.00',NULL,NULL,0,1946,NULL,NULL,NULL,NULL,1,NULL,NULL,NULL,NULL,NULL),
 (2104,'Medi-Cal - Alameda Cty ACCESS',NULL,'0.00',NULL,NULL,0,1947,NULL,NULL,NULL,NULL,1,NULL,NULL,NULL,NULL,NULL),
 (2105,'Medi-Cal - Alameda Cty ACCESS',NULL,'0.00',NULL,NULL,0,1948,NULL,NULL,NULL,NULL,1,NULL,NULL,NULL,NULL,NULL),
 (2106,'Private Pay','XEA556711307',NULL,'8003431691',NULL,0,1949,NULL,NULL,NULL,NULL,1,NULL,NULL,NULL,NULL,NULL),
 (2107,'Medi-Cal - Alameda Cty ACCESS',NULL,'0.00',NULL,NULL,0,1950,NULL,NULL,NULL,NULL,1,NULL,NULL,NULL,NULL,NULL),
 (2108,'Contra Costa Access',NULL,NULL,NULL,'A254623',0,1951,NULL,NULL,NULL,NULL,1,NULL,NULL,NULL,NULL,NULL),
 (2109,'Private Pay',NULL,'130.00',NULL,NULL,0,1952,NULL,NULL,NULL,NULL,1,NULL,NULL,NULL,NULL,NULL),
 (2110,'Medi-Cal - Alameda Cty ACCESS',NULL,'0.00',NULL,NULL,0,1953,NULL,NULL,NULL,NULL,1,NULL,NULL,NULL,NULL,NULL),
 (2111,'PacifiCare HMO',NULL,'20.00','8009999585','052030607',10,1954,NULL,NULL,NULL,NULL,1,NULL,NULL,NULL,NULL,NULL),
 (2112,'PacifiCare HMO',NULL,'5.00','8009999585','052030318',6,1955,NULL,NULL,NULL,NULL,1,NULL,NULL,NULL,NULL,NULL),
 (2113,'MHN','R02315789',NULL,'8006417761',NULL,0,1956,NULL,NULL,NULL,NULL,1,NULL,NULL,NULL,NULL,NULL),
 (2114,'PacifiCare HMO',NULL,'20.00','8009999585','052020537',12,1957,NULL,NULL,NULL,NULL,1,NULL,NULL,NULL,NULL,NULL),
 (2115,'CHIPA - Magellan',NULL,NULL,'8008758307',NULL,0,1958,NULL,NULL,NULL,NULL,1,NULL,NULL,NULL,NULL,NULL),
 (2116,'PacifiCare HMO',NULL,'10.00','8009999585','052030720',4,1959,NULL,NULL,NULL,NULL,1,NULL,NULL,NULL,NULL,NULL),
 (2117,'Contra Costa Access',NULL,NULL,NULL,'A258388',0,1960,NULL,NULL,NULL,NULL,1,NULL,NULL,NULL,NULL,NULL),
 (2118,'PacifiCare HMO',NULL,'35.00','8009999585','052060201',12,1961,NULL,NULL,NULL,NULL,1,NULL,NULL,NULL,NULL,NULL),
 (2119,'PacifiCare HMO',NULL,'15.00','8009999585','052030296',12,1962,NULL,NULL,NULL,NULL,1,NULL,NULL,NULL,NULL,NULL),
 (2120,'PacifiCare HMO',NULL,'15.00','8009999585','052060752',4,1963,NULL,NULL,NULL,NULL,1,NULL,NULL,NULL,NULL,NULL),
 (2121,'MHN',NULL,'15.00','8006417761',NULL,0,1964,NULL,NULL,NULL,NULL,1,NULL,NULL,NULL,NULL,NULL),
 (2122,'PacifiCare HMO',NULL,'0.00','8009999585','050620400',12,1965,NULL,NULL,NULL,NULL,1,NULL,NULL,NULL,NULL,NULL),
 (2123,'PacifiCare HMO',NULL,'5.00','8009999585','052060625',4,1966,NULL,NULL,NULL,NULL,1,NULL,NULL,NULL,NULL,NULL),
 (2124,'PacifiCare HMO',NULL,'0.00','8009999585','052060679',3,1967,NULL,NULL,NULL,NULL,1,NULL,NULL,NULL,NULL,NULL),
 (2125,'PacifiCare HMO',NULL,'20.00','8009999585','050480779',4,1968,NULL,NULL,NULL,NULL,1,NULL,NULL,NULL,NULL,NULL),
 (2126,'PacifiCare HMO',NULL,'40.00','8009999585','052010753',6,1969,NULL,NULL,NULL,NULL,1,NULL,NULL,NULL,NULL,NULL),
 (2127,'MHN',NULL,NULL,'8006417761',NULL,0,1970,NULL,NULL,NULL,NULL,1,NULL,NULL,NULL,NULL,NULL),
 (2128,'PacifiCare HMO',NULL,'30.00','8009999585','052010817',12,1971,NULL,NULL,NULL,NULL,1,NULL,NULL,NULL,NULL,NULL),
 (2129,'Contra Costa Access',NULL,NULL,NULL,'A257691',0,1972,NULL,NULL,NULL,NULL,1,NULL,NULL,NULL,NULL,NULL),
 (2130,'Contra Costa Access',NULL,NULL,NULL,'A255403',0,1973,NULL,NULL,NULL,NULL,1,NULL,NULL,NULL,NULL,NULL),
 (2131,'Contra Costa Access',NULL,NULL,NULL,'A255405',0,1974,NULL,NULL,NULL,NULL,1,NULL,NULL,NULL,NULL,NULL),
 (2132,'Medi-Cal - Alameda Cty ACCESS',NULL,'0.00',NULL,NULL,0,1975,NULL,NULL,NULL,NULL,1,NULL,NULL,NULL,NULL,NULL),
 (2133,'Medi-Cal - Alameda Cty ACCESS',NULL,'0.00',NULL,NULL,0,1976,NULL,NULL,NULL,NULL,1,NULL,NULL,NULL,NULL,NULL),
 (2134,'Medi-Cal - Alameda Cty ACCESS',NULL,'0.00',NULL,NULL,0,1977,NULL,NULL,NULL,NULL,1,NULL,NULL,NULL,NULL,NULL),
 (2135,'Medi-Cal - Alameda Cty ACCESS',NULL,'0.00',NULL,NULL,0,1978,NULL,NULL,NULL,NULL,1,NULL,NULL,NULL,NULL,NULL),
 (2136,'Medi-Cal - Alameda Cty ACCESS',NULL,'0.00',NULL,NULL,0,1979,NULL,NULL,NULL,NULL,1,NULL,NULL,NULL,NULL,NULL),
 (2137,'Medi-Cal - Alameda Cty ACCESS',NULL,'0.00',NULL,NULL,0,1980,NULL,NULL,NULL,NULL,1,NULL,NULL,NULL,NULL,NULL),
 (2138,'Medi-Cal - Alameda Cty ACCESS',NULL,'0.00',NULL,NULL,0,1981,NULL,NULL,NULL,NULL,1,NULL,NULL,NULL,NULL,NULL),
 (2139,'Medi-Cal - Alameda Cty ACCESS',NULL,'0.00',NULL,NULL,0,1982,NULL,NULL,NULL,NULL,1,NULL,NULL,NULL,NULL,NULL),
 (2140,'Medi-Cal - Alameda Cty ACCESS',NULL,'0.00',NULL,NULL,0,1983,NULL,NULL,NULL,NULL,1,NULL,NULL,NULL,NULL,NULL),
 (2141,'PacifiCare HMO',NULL,'0.00','8009999585','052030570',12,1984,NULL,NULL,NULL,NULL,1,NULL,NULL,NULL,NULL,NULL),
 (2142,'PacifiCare HMO',NULL,'10.00','8009999585','051570542',12,1985,NULL,NULL,NULL,NULL,1,NULL,NULL,NULL,NULL,NULL),
 (2143,'PacifiCare HMO',NULL,'30.00','8009999585','052070360',4,1986,NULL,NULL,NULL,NULL,1,NULL,NULL,NULL,NULL,NULL),
 (2144,'MHN','R01996467',NULL,'8009777571',NULL,0,1987,NULL,NULL,NULL,NULL,1,NULL,NULL,NULL,NULL,NULL),
 (2145,'UBH','XIC547868044',NULL,'8008761119',NULL,0,1988,NULL,NULL,NULL,NULL,1,NULL,NULL,NULL,NULL,NULL),
 (2146,'MHN','R03128951',NULL,'8884260030',NULL,0,1989,NULL,NULL,NULL,NULL,1,NULL,NULL,NULL,NULL,NULL),
 (2147,'PacifiCare HMO',NULL,'10.00','8009999585','052080286',4,1990,NULL,NULL,NULL,NULL,1,NULL,NULL,NULL,NULL,NULL),
 (2148,'Private Pay',NULL,'260.00',NULL,NULL,0,1991,NULL,NULL,NULL,NULL,1,NULL,NULL,NULL,NULL,NULL),
 (2149,'Medi-Cal - Alameda Cty ACCESS',NULL,'0.00',NULL,NULL,0,1992,NULL,NULL,NULL,NULL,1,NULL,NULL,NULL,NULL,NULL),
 (2150,'Medi-Cal - Alameda Cty ACCESS',NULL,'0.00',NULL,NULL,0,1993,NULL,NULL,NULL,NULL,1,NULL,NULL,NULL,NULL,NULL),
 (2151,'Medi-Cal - Alameda Cty ACCESS',NULL,'0.00',NULL,NULL,0,1994,NULL,NULL,NULL,NULL,1,NULL,NULL,NULL,NULL,NULL),
 (2152,'Medi-Cal - Alameda Cty ACCESS',NULL,'0.00',NULL,NULL,0,1995,NULL,NULL,NULL,NULL,1,NULL,NULL,NULL,NULL,NULL),
 (2153,'Contra Costa Access',NULL,NULL,NULL,'A259279',0,1996,NULL,NULL,NULL,NULL,1,NULL,NULL,NULL,NULL,NULL),
 (2154,'PacifiCare HMO',NULL,'0.00','8009999585','052080433',5,1997,NULL,NULL,NULL,NULL,1,NULL,NULL,NULL,NULL,NULL),
 (2155,'Medi-Cal - Alameda Cty ACCESS','75037228',NULL,NULL,NULL,0,1998,NULL,NULL,NULL,NULL,1,NULL,NULL,NULL,NULL,NULL),
 (2156,'UBH','820289616',NULL,'8668279025',NULL,0,1999,NULL,NULL,NULL,NULL,1,NULL,NULL,NULL,NULL,NULL),
 (2180,'PacifiCare HMO',NULL,'10.00',NULL,NULL,0,2000,NULL,NULL,NULL,NULL,1,NULL,NULL,NULL,NULL,NULL),
 (2158,'PacifiCare HMO',NULL,'10.00','8009999585',NULL,0,2001,NULL,NULL,NULL,NULL,1,NULL,NULL,NULL,NULL,NULL),
 (2159,'MHN',NULL,'10.00',NULL,NULL,0,2002,NULL,NULL,NULL,NULL,1,NULL,NULL,NULL,NULL,NULL),
 (2160,'MHN',NULL,NULL,NULL,NULL,0,2003,NULL,NULL,NULL,NULL,1,NULL,NULL,NULL,NULL,NULL),
 (2161,'PacifiCare HMO',NULL,'35.00',NULL,NULL,0,2004,NULL,NULL,NULL,NULL,1,NULL,NULL,NULL,NULL,NULL),
 (2162,'USBH','Blue Shield?','25.00',NULL,NULL,0,2005,NULL,NULL,NULL,NULL,1,NULL,NULL,NULL,NULL,NULL),
 (2163,'Private Pay','PLEASE CORRECT INSURANCE',NULL,NULL,NULL,0,2006,NULL,NULL,NULL,NULL,1,NULL,NULL,NULL,NULL,NULL),
 (2164,'PacifiCare HMO',NULL,'4.00',NULL,NULL,0,2007,NULL,NULL,NULL,NULL,1,NULL,NULL,NULL,NULL,NULL),
 (2538,'MHN',NULL,NULL,'8884260030','R03991072',0,2008,NULL,NULL,NULL,NULL,1,NULL,NULL,NULL,NULL,NULL),
 (2166,'MHN',NULL,'20.00',NULL,NULL,0,2009,NULL,NULL,NULL,NULL,1,NULL,NULL,NULL,NULL,NULL),
 (2167,'PacifiCare HMO',NULL,'25.00',NULL,NULL,0,2010,NULL,NULL,NULL,NULL,1,NULL,NULL,NULL,NULL,NULL),
 (2168,'MHN',NULL,'15.00',NULL,NULL,0,2011,NULL,NULL,NULL,NULL,1,NULL,NULL,NULL,NULL,NULL),
 (2169,'PacifiCare HMO',NULL,'0.00',NULL,NULL,0,2012,NULL,NULL,NULL,NULL,1,NULL,NULL,NULL,NULL,NULL),
 (2170,'PacifiCare HMO',NULL,'5.00',NULL,NULL,0,2013,NULL,NULL,NULL,NULL,1,NULL,NULL,NULL,NULL,NULL),
 (2171,'MHN',NULL,'0.00',NULL,NULL,0,2014,NULL,NULL,NULL,NULL,1,NULL,NULL,NULL,NULL,NULL),
 (2172,'PacifiCare HMO',NULL,'30.00',NULL,NULL,0,2015,NULL,NULL,NULL,NULL,1,NULL,NULL,NULL,NULL,NULL),
 (2173,'PacifiCare HMO',NULL,'20.00',NULL,NULL,0,2016,NULL,NULL,NULL,NULL,1,NULL,NULL,NULL,NULL,NULL),
 (2174,'Medi-Cal - Alameda Cty ACCESS',NULL,'0.00',NULL,NULL,0,2017,NULL,NULL,NULL,NULL,1,NULL,NULL,NULL,NULL,NULL),
 (2175,'Medi-Cal - Alameda Cty ACCESS',NULL,'0.00',NULL,NULL,0,2018,NULL,NULL,NULL,NULL,1,NULL,NULL,NULL,NULL,NULL),
 (2176,'Medi-Cal - Alameda Cty ACCESS',NULL,'0.00',NULL,NULL,0,2019,NULL,NULL,NULL,NULL,1,NULL,NULL,NULL,NULL,NULL),
 (2408,'Medi-Cal - Alameda Cty ACCESS',NULL,'0.00',NULL,NULL,0,2020,NULL,NULL,NULL,NULL,1,NULL,NULL,NULL,NULL,NULL),
 (2178,'Medi-Cal - Alameda Cty ACCESS',NULL,'0.00',NULL,NULL,0,2021,NULL,NULL,NULL,NULL,1,NULL,NULL,NULL,NULL,NULL),
 (2179,'Medi-Cal - Alameda Cty ACCESS',NULL,'0.00',NULL,NULL,0,2022,NULL,NULL,NULL,NULL,1,NULL,NULL,NULL,NULL,NULL),
 (2181,'PacifiCare HMO',NULL,'10.00',NULL,NULL,0,2023,NULL,NULL,NULL,NULL,1,NULL,NULL,NULL,NULL,NULL),
 (2182,'PacifiCare HMO',NULL,'20.00',NULL,NULL,0,2024,NULL,NULL,NULL,NULL,1,NULL,NULL,NULL,NULL,NULL),
 (2184,'MHN',NULL,'20.00',NULL,NULL,0,2025,NULL,NULL,NULL,NULL,1,NULL,NULL,NULL,NULL,NULL),
 (2185,'CHIPA - MHN',NULL,'20.00',NULL,NULL,0,2026,NULL,NULL,NULL,NULL,1,NULL,NULL,NULL,NULL,NULL),
 (2187,'PacifiCare HMO',NULL,'30.00',NULL,NULL,0,2027,NULL,NULL,NULL,NULL,1,NULL,NULL,NULL,NULL,NULL),
 (2188,'PacifiCare HMO',NULL,'30.00',NULL,NULL,0,2028,NULL,NULL,NULL,NULL,1,NULL,NULL,NULL,NULL,NULL),
 (2189,'PacifiCare HMO',NULL,NULL,NULL,NULL,0,2029,NULL,NULL,NULL,NULL,1,NULL,NULL,NULL,NULL,NULL),
 (2191,'PacifiCare HMO',NULL,'10.00',NULL,NULL,0,2030,NULL,NULL,NULL,NULL,1,NULL,NULL,NULL,NULL,NULL),
 (2192,'PacifiCare HMO',NULL,'30.00',NULL,NULL,0,2031,NULL,NULL,NULL,NULL,1,NULL,NULL,NULL,NULL,NULL),
 (2193,'MHN',NULL,'10.00',NULL,NULL,0,2032,NULL,NULL,NULL,NULL,1,NULL,NULL,NULL,NULL,NULL),
 (2194,'PacifiCare PPO',NULL,'5.00',NULL,NULL,0,2033,NULL,NULL,NULL,NULL,1,NULL,NULL,NULL,NULL,NULL),
 (2195,'PacifiCare HMO',NULL,'0.00',NULL,NULL,0,2034,NULL,NULL,NULL,NULL,1,NULL,NULL,NULL,NULL,NULL),
 (2196,'PacifiCare HMO',NULL,'4.00',NULL,NULL,0,2035,NULL,NULL,NULL,NULL,1,NULL,NULL,NULL,NULL,NULL),
 (2197,'UBH',NULL,'15.00',NULL,NULL,0,2036,NULL,NULL,NULL,NULL,1,NULL,NULL,NULL,NULL,NULL),
 (2198,'PacifiCare HMO',NULL,'30.00',NULL,NULL,0,2037,NULL,NULL,NULL,NULL,1,NULL,NULL,NULL,NULL,NULL),
 (2199,'PacifiCare HMO',NULL,'30.00',NULL,NULL,0,2038,NULL,NULL,NULL,NULL,1,NULL,NULL,NULL,NULL,NULL),
 (2200,'PacifiCare HMO',NULL,'0.00',NULL,NULL,0,2039,NULL,NULL,NULL,NULL,1,NULL,NULL,NULL,NULL,NULL),
 (2201,'PacifiCare HMO',NULL,'5.00',NULL,NULL,0,2040,NULL,NULL,NULL,NULL,1,NULL,NULL,NULL,NULL,NULL),
 (2202,'PacifiCare HMO',NULL,'0.00',NULL,NULL,0,2041,NULL,NULL,NULL,NULL,1,NULL,NULL,NULL,NULL,NULL),
 (2203,'PacifiCare HMO',NULL,'20.00',NULL,NULL,0,2042,NULL,NULL,NULL,NULL,1,NULL,NULL,NULL,NULL,NULL),
 (2204,'PacifiCare HMO',NULL,'40.00',NULL,NULL,0,2043,NULL,NULL,NULL,NULL,1,NULL,NULL,NULL,NULL,NULL),
 (2205,'CHIPA - MHN',NULL,'30.00',NULL,NULL,0,2044,NULL,NULL,NULL,NULL,1,NULL,NULL,NULL,NULL,NULL),
 (2206,'MHN',NULL,'5.00',NULL,NULL,0,2045,NULL,NULL,NULL,NULL,1,NULL,NULL,NULL,NULL,NULL),
 (2207,'PacifiCare HMO',NULL,'10.00',NULL,NULL,0,2046,NULL,NULL,NULL,NULL,1,NULL,NULL,NULL,NULL,NULL),
 (2208,'PacifiCare HMO',NULL,'10.00',NULL,NULL,0,2047,NULL,NULL,NULL,NULL,1,NULL,NULL,NULL,NULL,NULL),
 (2209,'PacifiCare HMO',NULL,'10.00',NULL,NULL,0,2048,NULL,NULL,NULL,NULL,1,NULL,NULL,NULL,NULL,NULL),
 (2210,'UBH',NULL,'0.00',NULL,NULL,0,2049,NULL,NULL,NULL,NULL,1,NULL,NULL,NULL,NULL,NULL),
 (2211,'PacifiCare HMO',NULL,'20.00',NULL,NULL,0,2050,NULL,NULL,NULL,NULL,1,NULL,NULL,NULL,NULL,NULL),
 (2212,'PacifiCare HMO',NULL,'30.00',NULL,NULL,0,2051,NULL,NULL,NULL,NULL,1,NULL,NULL,NULL,NULL,NULL),
 (2213,'PacifiCare HMO',NULL,'10.00',NULL,NULL,0,2052,NULL,NULL,NULL,NULL,1,NULL,NULL,NULL,NULL,NULL),
 (2214,'PacifiCare HMO',NULL,'15.00',NULL,NULL,0,2053,NULL,NULL,NULL,NULL,1,NULL,NULL,NULL,NULL,NULL),
 (2215,'PacifiCare HMO',NULL,'20.00',NULL,NULL,0,2054,NULL,NULL,NULL,NULL,1,NULL,NULL,NULL,NULL,NULL),
 (2216,'PacifiCare HMO',NULL,'0.00',NULL,NULL,0,2055,NULL,NULL,NULL,NULL,1,NULL,NULL,NULL,NULL,NULL),
 (2217,'PacifiCare HMO',NULL,'10.00',NULL,NULL,0,2056,NULL,NULL,NULL,NULL,1,NULL,NULL,NULL,NULL,NULL),
 (2218,'Medi-Cal - Alameda Cty ACCESS',NULL,'0.00',NULL,NULL,0,2057,NULL,NULL,NULL,NULL,1,NULL,NULL,NULL,NULL,NULL),
 (2219,'Medi-Cal - Alameda Cty ACCESS',NULL,'0.00',NULL,NULL,0,2058,NULL,NULL,NULL,NULL,1,NULL,NULL,NULL,NULL,NULL),
 (2220,'Medi-Cal - Alameda Cty ACCESS',NULL,'0.00',NULL,NULL,0,2059,NULL,NULL,NULL,NULL,1,NULL,NULL,NULL,NULL,NULL),
 (2221,'Medi-Cal - Alameda Cty ACCESS',NULL,'0.00',NULL,NULL,0,2060,NULL,NULL,NULL,NULL,1,NULL,NULL,NULL,NULL,NULL),
 (2222,'Medi-Cal - Alameda Cty ACCESS',NULL,'0.00',NULL,NULL,0,2061,NULL,NULL,NULL,NULL,1,NULL,NULL,NULL,NULL,NULL),
 (2223,'Medi-Cal - Alameda Cty ACCESS',NULL,'0.00',NULL,NULL,0,2062,NULL,NULL,NULL,NULL,1,NULL,NULL,NULL,NULL,NULL),
 (2224,'Medi-Cal - Alameda Cty ACCESS',NULL,'0.00',NULL,NULL,0,2063,NULL,NULL,NULL,NULL,1,NULL,NULL,NULL,NULL,NULL),
 (2225,'PacifiCare HMO',NULL,'40.00','8009999585','050531207',12,2064,NULL,NULL,NULL,NULL,1,NULL,NULL,NULL,NULL,NULL),
 (2226,'Medi-Cal - Alameda Cty ACCESS','A:75125737','0.00',NULL,NULL,0,2065,NULL,NULL,NULL,NULL,1,NULL,NULL,NULL,NULL,NULL),
 (2227,'Medi-Cal - Alameda Cty ACCESS',NULL,'0.00',NULL,NULL,0,2066,NULL,NULL,NULL,NULL,1,NULL,NULL,NULL,NULL,NULL),
 (2228,'Contra Costa Access',NULL,NULL,NULL,'A259554',0,2067,NULL,NULL,NULL,NULL,1,NULL,NULL,NULL,NULL,NULL),
 (2229,'PacifiCare HMO',NULL,'15.00','8009999585','052090536',12,2068,NULL,NULL,NULL,NULL,1,NULL,NULL,NULL,NULL,NULL),
 (2230,'Medi-Cal - Alameda Cty ACCESS',NULL,NULL,NULL,NULL,0,2069,NULL,NULL,NULL,NULL,1,NULL,NULL,NULL,NULL,NULL),
 (2232,'Medi-Cal - Alameda Cty ACCESS',NULL,'0.00',NULL,NULL,0,2070,NULL,NULL,NULL,NULL,1,NULL,NULL,NULL,NULL,NULL),
 (2233,'Medi-Cal - Alameda Cty ACCESS',NULL,NULL,NULL,NULL,0,2071,NULL,NULL,NULL,NULL,1,NULL,NULL,NULL,NULL,NULL),
 (2234,'Medi-Cal - Alameda Cty ACCESS','A:75115347',NULL,NULL,NULL,0,2072,NULL,NULL,NULL,NULL,1,NULL,NULL,NULL,NULL,NULL),
 (2653,'PacifiCare HMO',NULL,'0.00','8009999585','052310002',3,2073,NULL,NULL,NULL,NULL,1,NULL,NULL,NULL,NULL,NULL),
 (2236,'PacifiCare HMO',NULL,'10.00','8009999585','052100291',12,2074,NULL,NULL,NULL,NULL,1,NULL,NULL,NULL,NULL,NULL),
 (2237,'Medi-Cal - Alameda Cty ACCESS',NULL,NULL,NULL,NULL,0,2075,NULL,NULL,NULL,NULL,1,NULL,NULL,NULL,NULL,NULL),
 (2238,'PacifiCare HMO',NULL,'20.00','8009999585','052060394',20,2076,NULL,NULL,NULL,NULL,1,NULL,NULL,NULL,NULL,NULL),
 (2239,'Medi-Cal - Alameda Cty ACCESS','A:75103945',NULL,NULL,NULL,0,2077,NULL,NULL,NULL,NULL,1,NULL,NULL,NULL,NULL,NULL),
 (2243,'Medi-Cal - Alameda Cty ACCESS',NULL,'0.00',NULL,NULL,0,2078,NULL,NULL,NULL,NULL,1,NULL,NULL,NULL,NULL,NULL),
 (2241,'Medi-Cal - Alameda Cty ACCESS','C:75084377',NULL,NULL,NULL,0,2079,NULL,NULL,NULL,NULL,1,NULL,NULL,NULL,NULL,NULL),
 (2242,'Medi-Cal - Alameda Cty ACCESS',NULL,'0.00',NULL,NULL,0,2080,NULL,NULL,NULL,NULL,1,NULL,NULL,NULL,NULL,NULL),
 (2244,'Medi-Cal - Alameda Cty ACCESS','A:75110108',NULL,NULL,NULL,0,2081,NULL,NULL,NULL,NULL,1,NULL,NULL,NULL,NULL,NULL),
 (2245,'Medi-Cal - Alameda Cty ACCESS',NULL,'0.00',NULL,NULL,0,2082,NULL,NULL,NULL,NULL,1,NULL,NULL,NULL,NULL,NULL),
 (2246,'PacifiCare HMO',NULL,NULL,NULL,NULL,0,2083,NULL,NULL,NULL,NULL,1,NULL,NULL,NULL,NULL,NULL),
 (2247,'PacifiCare HMO',NULL,'4.00',NULL,NULL,0,2084,NULL,NULL,NULL,NULL,1,NULL,NULL,NULL,NULL,NULL),
 (2248,'USBH',NULL,'25.00',NULL,NULL,0,2085,NULL,NULL,NULL,NULL,1,NULL,NULL,NULL,NULL,NULL),
 (2249,'MHN',NULL,'5.00',NULL,NULL,0,2086,NULL,NULL,NULL,NULL,1,NULL,NULL,NULL,NULL,NULL),
 (2250,'PacifiCare HMO',NULL,'20.00',NULL,NULL,0,2087,NULL,NULL,NULL,NULL,1,NULL,NULL,NULL,NULL,NULL),
 (2251,'Private Pay',NULL,NULL,NULL,NULL,0,2088,NULL,NULL,NULL,NULL,1,NULL,NULL,NULL,NULL,NULL),
 (2252,'PacifiCare HMO',NULL,'10.00',NULL,NULL,0,2089,NULL,NULL,NULL,NULL,1,NULL,NULL,NULL,NULL,NULL),
 (2253,'PacifiCare HMO',NULL,'30.00',NULL,NULL,0,2090,NULL,NULL,NULL,NULL,1,NULL,NULL,NULL,NULL,NULL),
 (2254,'MHN',NULL,'10.00',NULL,NULL,0,2091,NULL,NULL,NULL,NULL,1,NULL,NULL,NULL,NULL,NULL),
 (2255,'PacifiCare HMO',NULL,'15.00',NULL,NULL,0,2092,NULL,NULL,NULL,NULL,1,NULL,NULL,NULL,NULL,NULL),
 (2256,'PacifiCare HMO',NULL,'15.00',NULL,NULL,0,2093,NULL,NULL,NULL,NULL,1,NULL,NULL,NULL,NULL,NULL),
 (2257,'PacifiCare HMO',NULL,'20.00',NULL,NULL,0,2094,NULL,NULL,NULL,NULL,1,NULL,NULL,NULL,NULL,NULL),
 (2258,'PacifiCare HMO',NULL,'5.00',NULL,NULL,0,2095,NULL,NULL,NULL,NULL,1,NULL,NULL,NULL,NULL,NULL),
 (2259,'UBH','UBH-MD/ MA-PRIVATE PAY',NULL,NULL,NULL,0,2096,NULL,NULL,NULL,NULL,1,NULL,NULL,NULL,NULL,NULL),
 (2260,'PacifiCare HMO',NULL,'30.00',NULL,NULL,0,2097,NULL,NULL,NULL,NULL,1,NULL,NULL,NULL,NULL,NULL),
 (2261,'PacifiCare HMO',NULL,'15.00',NULL,NULL,0,2098,NULL,NULL,NULL,NULL,1,NULL,NULL,NULL,NULL,NULL),
 (2262,'PacifiCare HMO',NULL,'10.00',NULL,NULL,0,2099,NULL,NULL,NULL,NULL,1,NULL,NULL,NULL,NULL,NULL),
 (2263,'Medi-Cal - Alameda Cty ACCESS',NULL,NULL,NULL,NULL,0,2100,NULL,NULL,NULL,NULL,1,NULL,NULL,NULL,NULL,NULL),
 (2264,'Medi-Cal - Alameda Cty ACCESS','A:74183501',NULL,NULL,NULL,0,2101,NULL,NULL,NULL,NULL,1,NULL,NULL,NULL,NULL,NULL),
 (2265,'Medi-Cal - Alameda Cty ACCESS',NULL,NULL,NULL,NULL,0,2102,NULL,NULL,NULL,NULL,1,NULL,NULL,NULL,NULL,NULL),
 (2266,'PacifiCare HMO',NULL,'20.00',NULL,NULL,0,2103,NULL,NULL,NULL,NULL,1,NULL,NULL,NULL,NULL,NULL),
 (2267,'Medi-Cal - Alameda Cty ACCESS','C:75076684',NULL,NULL,NULL,0,2104,NULL,NULL,NULL,NULL,1,NULL,NULL,NULL,NULL,NULL),
 (2268,'Medi-Cal - Alameda Cty ACCESS','A:75076706',NULL,NULL,NULL,0,2105,NULL,NULL,NULL,NULL,1,NULL,NULL,NULL,NULL,NULL),
 (2269,'Medi-Cal - Alameda Cty ACCESS',NULL,NULL,NULL,NULL,0,2106,NULL,NULL,NULL,NULL,1,NULL,NULL,NULL,NULL,NULL),
 (2270,'Medi-Cal - Alameda Cty ACCESS','A:75111341',NULL,NULL,NULL,0,2107,NULL,NULL,NULL,NULL,1,NULL,NULL,NULL,NULL,NULL),
 (2271,'Medi-Cal - Alameda Cty ACCESS',NULL,NULL,NULL,NULL,0,2108,NULL,NULL,NULL,NULL,1,NULL,NULL,NULL,NULL,NULL),
 (2272,'Medi-Cal - Alameda Cty ACCESS','A:75118353',NULL,NULL,NULL,0,2109,NULL,NULL,NULL,NULL,1,NULL,NULL,NULL,NULL,NULL),
 (2273,'PacifiCare HMO',NULL,'15.00',NULL,NULL,0,2110,NULL,NULL,NULL,NULL,1,NULL,NULL,NULL,NULL,NULL),
 (2274,'Medi-Cal - Alameda Cty ACCESS',NULL,NULL,NULL,NULL,0,2111,NULL,NULL,NULL,NULL,1,NULL,NULL,NULL,NULL,NULL),
 (2275,'Medi-Cal - Alameda Cty ACCESS',NULL,NULL,NULL,NULL,0,2112,NULL,NULL,NULL,NULL,1,NULL,NULL,NULL,NULL,NULL),
 (2276,'Medi-Cal - Alameda Cty ACCESS','A:75098698',NULL,NULL,NULL,0,2113,NULL,NULL,NULL,NULL,1,NULL,NULL,NULL,NULL,NULL),
 (2277,'Medi-Cal - Alameda Cty ACCESS','A75057883',NULL,NULL,NULL,0,2114,NULL,NULL,NULL,NULL,1,NULL,NULL,NULL,NULL,NULL),
 (2278,'Medi-Cal - Alameda Cty ACCESS','C75108267',NULL,NULL,NULL,0,2115,NULL,NULL,NULL,NULL,1,NULL,NULL,NULL,NULL,NULL),
 (2279,'Medi-Cal - Alameda Cty ACCESS','A75107949',NULL,NULL,NULL,0,2116,NULL,NULL,NULL,NULL,1,NULL,NULL,NULL,NULL,NULL),
 (2280,'Medi-Cal - Alameda Cty ACCESS',NULL,NULL,NULL,NULL,0,2117,NULL,NULL,NULL,NULL,1,NULL,NULL,NULL,NULL,NULL),
 (2281,'Medi-Cal - Alameda Cty ACCESS','A75092831',NULL,NULL,NULL,0,2118,NULL,NULL,NULL,NULL,1,NULL,NULL,NULL,NULL,NULL),
 (2282,'Medi-Cal - Alameda Cty ACCESS',NULL,NULL,NULL,NULL,0,2119,NULL,NULL,NULL,NULL,1,NULL,NULL,NULL,NULL,NULL),
 (2283,'Medi-Cal - Alameda Cty ACCESS','A13699401',NULL,NULL,NULL,0,2120,NULL,NULL,NULL,NULL,1,NULL,NULL,NULL,NULL,NULL),
 (2284,'Private Pay',NULL,'110.00',NULL,NULL,0,2121,NULL,NULL,NULL,NULL,1,NULL,NULL,NULL,NULL,NULL),
 (2285,'Medi-Cal - Alameda Cty ACCESS',NULL,NULL,NULL,NULL,0,2122,NULL,NULL,NULL,NULL,1,NULL,NULL,NULL,NULL,NULL),
 (2286,'Medi-Cal - Alameda Cty ACCESS','A75055220',NULL,NULL,NULL,0,2123,NULL,NULL,NULL,NULL,1,NULL,NULL,NULL,NULL,NULL),
 (2288,'Medi-Cal - Alameda Cty ACCESS','C75111080',NULL,NULL,NULL,0,2124,NULL,NULL,NULL,NULL,1,NULL,NULL,NULL,NULL,NULL),
 (2289,'Medi-Cal - Alameda Cty ACCESS',NULL,NULL,NULL,NULL,0,2125,NULL,NULL,NULL,NULL,1,NULL,NULL,NULL,NULL,NULL),
 (2290,'Medi-Cal - Alameda Cty ACCESS','A075091324',NULL,NULL,NULL,0,2126,NULL,NULL,NULL,NULL,1,NULL,NULL,NULL,NULL,NULL),
 (2291,'PacifiCare HMO',NULL,'0.00',NULL,NULL,0,2127,NULL,NULL,NULL,NULL,1,NULL,NULL,NULL,NULL,NULL),
 (2292,'PacifiCare HMO',NULL,'15.00',NULL,NULL,0,2128,NULL,NULL,NULL,NULL,1,NULL,NULL,NULL,NULL,NULL),
 (2293,'Medi-Cal - Alameda Cty ACCESS','A75058047',NULL,NULL,NULL,0,2129,NULL,NULL,NULL,NULL,1,NULL,NULL,NULL,NULL,NULL),
 (2294,'Medi-Cal - Alameda Cty ACCESS','C75069041',NULL,NULL,NULL,0,2130,NULL,NULL,NULL,NULL,1,NULL,NULL,NULL,NULL,NULL),
 (2295,'Medi-Cal - Alameda Cty ACCESS','C75067759',NULL,NULL,NULL,0,2131,NULL,NULL,NULL,NULL,1,NULL,NULL,NULL,NULL,NULL),
 (2297,'Medi-Cal - Alameda Cty ACCESS','A47597001',NULL,NULL,NULL,0,2132,NULL,NULL,NULL,NULL,1,NULL,NULL,NULL,NULL,NULL),
 (2298,'Medi-Cal - Alameda Cty ACCESS','C75075374 SOCSVC',NULL,NULL,NULL,0,2133,NULL,NULL,NULL,NULL,1,NULL,NULL,NULL,NULL,NULL),
 (2299,'Medi-Cal - Alameda Cty ACCESS',NULL,NULL,NULL,NULL,0,2134,NULL,NULL,NULL,NULL,1,NULL,NULL,NULL,NULL,NULL),
 (2300,'Medi-Cal - Alameda Cty ACCESS','A70560801',NULL,NULL,NULL,0,2135,NULL,NULL,NULL,NULL,1,NULL,NULL,NULL,NULL,NULL),
 (2301,'Medi-Cal - Alameda Cty ACCESS','A75077554',NULL,NULL,NULL,0,2136,NULL,NULL,NULL,NULL,1,NULL,NULL,NULL,NULL,NULL),
 (2302,'PacifiCare HMO',NULL,'10.00',NULL,NULL,0,2137,NULL,NULL,NULL,NULL,1,NULL,NULL,NULL,NULL,NULL),
 (2303,'Medi-Cal - Alameda Cty ACCESS',NULL,NULL,NULL,NULL,0,2138,NULL,NULL,NULL,NULL,1,NULL,NULL,NULL,NULL,NULL),
 (2304,'Medi-Cal - Alameda Cty ACCESS',NULL,NULL,NULL,NULL,0,2139,NULL,NULL,NULL,NULL,1,NULL,NULL,NULL,NULL,NULL),
 (2305,'Private Pay',NULL,'110.00',NULL,NULL,0,2140,NULL,NULL,NULL,NULL,1,NULL,NULL,NULL,NULL,NULL),
 (2307,'Medi-Cal - Alameda Cty ACCESS','A75061168',NULL,NULL,NULL,0,2141,NULL,NULL,NULL,NULL,1,NULL,NULL,NULL,NULL,NULL),
 (2308,'Medi-Cal - Alameda Cty ACCESS',NULL,NULL,NULL,NULL,0,2142,NULL,NULL,NULL,NULL,1,NULL,NULL,NULL,NULL,NULL),
 (2310,'Medi-Cal - Alameda Cty ACCESS',NULL,NULL,NULL,NULL,0,2143,NULL,NULL,NULL,NULL,1,NULL,NULL,NULL,NULL,NULL),
 (2311,'Medi-Cal - Alameda Cty ACCESS','A75108650',NULL,NULL,NULL,0,2144,NULL,NULL,NULL,NULL,1,NULL,NULL,NULL,NULL,NULL),
 (2312,'Medi-Cal - Alameda Cty ACCESS','A75002643',NULL,NULL,NULL,0,2145,NULL,NULL,NULL,NULL,1,NULL,NULL,NULL,NULL,NULL),
 (2313,'Medi-Cal - Alameda Cty ACCESS','A75032651',NULL,NULL,NULL,0,2146,NULL,NULL,NULL,NULL,1,NULL,NULL,NULL,NULL,NULL),
 (2314,'PacifiCare HMO',NULL,'5.00',NULL,NULL,0,2147,NULL,NULL,NULL,NULL,1,NULL,NULL,NULL,NULL,NULL),
 (2315,'Medi-Cal - Alameda Cty ACCESS',NULL,NULL,NULL,NULL,0,2148,NULL,NULL,NULL,NULL,1,NULL,NULL,NULL,NULL,NULL),
 (2316,'Medi-Cal - Alameda Cty ACCESS','A75041291',NULL,NULL,NULL,0,2149,NULL,NULL,NULL,NULL,1,NULL,NULL,NULL,NULL,NULL),
 (2317,'Medi-Cal - Alameda Cty ACCESS',NULL,NULL,NULL,NULL,0,2150,NULL,NULL,NULL,NULL,1,NULL,NULL,NULL,NULL,NULL),
 (2318,'Medi-Cal - Alameda Cty ACCESS','A75077010',NULL,NULL,NULL,0,2151,NULL,NULL,NULL,NULL,1,NULL,NULL,NULL,NULL,NULL),
 (2319,'Medi-Cal - Alameda Cty ACCESS',NULL,NULL,NULL,NULL,0,2152,NULL,NULL,NULL,NULL,1,NULL,NULL,NULL,NULL,NULL),
 (2321,'Private Pay',NULL,'110.00',NULL,NULL,0,2153,NULL,NULL,NULL,NULL,1,NULL,NULL,NULL,NULL,NULL),
 (2322,'Medi-Cal - Alameda Cty ACCESS','C75069017',NULL,NULL,NULL,0,2154,NULL,NULL,NULL,NULL,1,NULL,NULL,NULL,NULL,NULL),
 (2323,'Medi-Cal - Alameda Cty ACCESS',NULL,NULL,NULL,NULL,0,2155,NULL,NULL,NULL,NULL,1,NULL,NULL,NULL,NULL,NULL),
 (2324,'Medi-Cal - Alameda Cty ACCESS','A75105341',NULL,NULL,NULL,0,2156,NULL,NULL,NULL,NULL,1,NULL,NULL,NULL,NULL,NULL),
 (2325,'Medi-Cal - Alameda Cty ACCESS',NULL,NULL,NULL,NULL,0,2157,NULL,NULL,NULL,NULL,1,NULL,NULL,NULL,NULL,NULL),
 (2326,'Medi-Cal - Alameda Cty ACCESS','A75118689',NULL,NULL,NULL,0,2158,NULL,NULL,NULL,NULL,1,NULL,NULL,NULL,NULL,NULL),
 (2327,'Medi-Cal - Alameda Cty ACCESS','A75098656',NULL,NULL,NULL,0,2159,NULL,NULL,NULL,NULL,1,NULL,NULL,NULL,NULL,NULL),
 (2328,'Medi-Cal - Alameda Cty ACCESS','A75083848',NULL,NULL,NULL,0,2160,NULL,NULL,NULL,NULL,1,NULL,NULL,NULL,NULL,NULL),
 (2329,'PacifiCare HMO',NULL,'30.00',NULL,NULL,0,2161,NULL,NULL,NULL,NULL,1,NULL,NULL,NULL,NULL,NULL),
 (2330,'Medi-Cal - Alameda Cty ACCESS',NULL,NULL,NULL,NULL,0,2162,NULL,NULL,NULL,NULL,1,NULL,NULL,NULL,NULL,NULL),
 (2331,'Medi-Cal - Alameda Cty ACCESS','A75083353',NULL,NULL,NULL,0,2163,NULL,NULL,NULL,NULL,1,NULL,NULL,NULL,NULL,NULL),
 (2332,'Medi-Cal - Alameda Cty ACCESS','C:75097945',NULL,NULL,NULL,0,2164,NULL,NULL,NULL,NULL,1,NULL,NULL,NULL,NULL,NULL),
 (2333,'Medi-Cal - Alameda Cty ACCESS','C75095059',NULL,NULL,NULL,0,2165,NULL,NULL,NULL,NULL,1,NULL,NULL,NULL,NULL,NULL),
 (2334,'Medi-Cal - Alameda Cty ACCESS',NULL,NULL,NULL,NULL,0,2166,NULL,NULL,NULL,NULL,1,NULL,NULL,NULL,NULL,NULL),
 (2335,'Medi-Cal - Alameda Cty ACCESS','A75066939',NULL,NULL,NULL,0,2167,NULL,NULL,NULL,NULL,1,NULL,NULL,NULL,NULL,NULL),
 (2336,'Medi-Cal - Alameda Cty ACCESS','C75066870',NULL,NULL,NULL,0,2168,NULL,NULL,NULL,NULL,1,NULL,NULL,NULL,NULL,NULL),
 (2338,'Medi-Cal - Alameda Cty ACCESS',NULL,NULL,NULL,NULL,0,2169,NULL,NULL,NULL,NULL,1,NULL,NULL,NULL,NULL,NULL),
 (2339,'Medi-Cal - Alameda Cty ACCESS','SOCIAL SCERVICE',NULL,NULL,NULL,0,2170,NULL,NULL,NULL,NULL,1,NULL,NULL,NULL,NULL,NULL),
 (2340,'Medi-Cal - Alameda Cty ACCESS',NULL,NULL,NULL,NULL,0,2171,NULL,NULL,NULL,NULL,1,NULL,NULL,NULL,NULL,NULL),
 (2341,'Medi-Cal - Alameda Cty ACCESS','A75073771',NULL,NULL,NULL,0,2172,NULL,NULL,NULL,NULL,1,NULL,NULL,NULL,NULL,NULL),
 (2343,'Medi-Cal - Alameda Cty ACCESS',NULL,NULL,NULL,NULL,0,2173,NULL,NULL,NULL,NULL,1,NULL,NULL,NULL,NULL,NULL),
 (2344,'Medi-Cal - Alameda Cty ACCESS','C75112274',NULL,NULL,NULL,0,2174,NULL,NULL,NULL,NULL,1,NULL,NULL,NULL,NULL,NULL),
 (2346,'Medi-Cal - Alameda Cty ACCESS','C75068742',NULL,NULL,NULL,0,2175,NULL,NULL,NULL,NULL,1,NULL,NULL,NULL,NULL,NULL),
 (2347,'Medi-Cal - Alameda Cty ACCESS','A75109692',NULL,NULL,NULL,0,2176,NULL,NULL,NULL,NULL,1,NULL,NULL,NULL,NULL,NULL),
 (2348,'Medi-Cal - Alameda Cty ACCESS','A37393601',NULL,NULL,NULL,0,2177,NULL,NULL,NULL,NULL,1,NULL,NULL,NULL,NULL,NULL),
 (2349,'Medi-Cal - Alameda Cty ACCESS',NULL,NULL,NULL,NULL,0,2178,NULL,NULL,NULL,NULL,1,NULL,NULL,NULL,NULL,NULL),
 (2350,'Private Pay',NULL,'110.00',NULL,NULL,0,2179,NULL,NULL,NULL,NULL,1,NULL,NULL,NULL,NULL,NULL),
 (2351,'Medi-Cal - Alameda Cty ACCESS','C75109846',NULL,NULL,NULL,0,2180,NULL,NULL,NULL,NULL,1,NULL,NULL,NULL,NULL,NULL),
 (2352,'Medi-Cal - Alameda Cty ACCESS','C75100394',NULL,NULL,NULL,0,2181,NULL,NULL,NULL,NULL,1,NULL,NULL,NULL,NULL,NULL),
 (2353,'Medi-Cal - Alameda Cty ACCESS','A75099709',NULL,NULL,NULL,0,2182,NULL,NULL,NULL,NULL,1,NULL,NULL,NULL,NULL,NULL),
 (2354,'Medi-Cal - Alameda Cty ACCESS',NULL,NULL,NULL,NULL,0,2183,NULL,NULL,NULL,NULL,1,NULL,NULL,NULL,NULL,NULL),
 (2355,'PacifiCare HMO',NULL,'5.00',NULL,NULL,0,2184,NULL,NULL,NULL,NULL,1,NULL,NULL,NULL,NULL,NULL),
 (2356,'Medi-Cal - Alameda Cty ACCESS','C75101417',NULL,NULL,NULL,0,2185,NULL,NULL,NULL,NULL,1,NULL,NULL,NULL,NULL,NULL),
 (2357,'Medi-Cal - Alameda Cty ACCESS',NULL,NULL,NULL,NULL,0,2186,NULL,NULL,NULL,NULL,1,NULL,NULL,NULL,NULL,NULL),
 (2358,'Medi-Cal - Alameda Cty ACCESS','A75089745',NULL,NULL,NULL,0,2187,NULL,NULL,NULL,NULL,1,NULL,NULL,NULL,NULL,NULL),
 (2359,'PacifiCare HMO',NULL,'5.00',NULL,NULL,0,2188,NULL,NULL,NULL,NULL,1,NULL,NULL,NULL,NULL,NULL),
 (2360,'PacifiCare HMO',NULL,'10.00',NULL,NULL,0,2189,NULL,NULL,NULL,NULL,1,NULL,NULL,NULL,NULL,NULL),
 (2361,'Medi-Cal - Alameda Cty ACCESS','C75097463',NULL,NULL,NULL,0,2190,NULL,NULL,NULL,NULL,1,NULL,NULL,NULL,NULL,NULL),
 (2362,'Medi-Cal - Alameda Cty ACCESS',NULL,NULL,NULL,NULL,0,2191,NULL,NULL,NULL,NULL,1,NULL,NULL,NULL,NULL,NULL),
 (2363,'Medi-Cal - Alameda Cty ACCESS','A13080701',NULL,NULL,NULL,0,2192,NULL,NULL,NULL,NULL,1,NULL,NULL,NULL,NULL,NULL),
 (2364,'Medi-Cal - Alameda Cty ACCESS',NULL,NULL,NULL,NULL,0,2193,NULL,NULL,NULL,NULL,1,NULL,NULL,NULL,NULL,NULL),
 (2365,'Medi-Cal - Alameda Cty ACCESS','C75083603',NULL,NULL,NULL,0,2194,NULL,NULL,NULL,NULL,1,NULL,NULL,NULL,NULL,NULL),
 (2366,'Medi-Cal - Alameda Cty ACCESS',NULL,NULL,NULL,NULL,0,2195,NULL,NULL,NULL,NULL,1,NULL,NULL,NULL,NULL,NULL),
 (2367,'Medi-Cal - Alameda Cty ACCESS','A75029911',NULL,NULL,NULL,0,2196,NULL,NULL,NULL,NULL,1,NULL,NULL,NULL,NULL,NULL),
 (2368,'Medi-Cal - Alameda Cty ACCESS','C75102287',NULL,NULL,NULL,0,2197,NULL,NULL,NULL,NULL,1,NULL,NULL,NULL,NULL,NULL),
 (2369,'Medi-Cal - Alameda Cty ACCESS',NULL,NULL,NULL,NULL,0,2198,NULL,NULL,NULL,NULL,1,NULL,NULL,NULL,NULL,NULL),
 (2370,'Medi-Cal - Alameda Cty ACCESS','A75070455',NULL,NULL,NULL,0,2199,NULL,NULL,NULL,NULL,1,NULL,NULL,NULL,NULL,NULL),
 (2371,'Medi-Cal - Alameda Cty ACCESS','C751077842',NULL,NULL,NULL,0,2200,NULL,NULL,NULL,NULL,1,NULL,NULL,NULL,NULL,NULL),
 (2372,'Medi-Cal - Alameda Cty ACCESS','C75070392',NULL,NULL,NULL,0,2201,NULL,NULL,NULL,NULL,1,NULL,NULL,NULL,NULL,NULL),
 (2373,'Medi-Cal - Alameda Cty ACCESS','A75083076',NULL,NULL,NULL,0,2202,NULL,NULL,NULL,NULL,1,NULL,NULL,NULL,NULL,NULL),
 (2374,'Medi-Cal - Alameda Cty ACCESS','A75098132',NULL,NULL,NULL,0,2203,NULL,NULL,NULL,NULL,1,NULL,NULL,NULL,NULL,NULL),
 (2375,'Medi-Cal - Alameda Cty ACCESS',NULL,NULL,NULL,NULL,0,2204,NULL,NULL,NULL,NULL,1,NULL,NULL,NULL,NULL,NULL);
INSERT INTO `insurance` (`referralId`,`insuranceCompany`,`memberId`,`copay`,`phoneNumber`,`authNumForMD`,`numAuthVisitForMD`,`insuranceId`,`copayParity`,`numAuthVisitForMA`,`medicalId`,`medicalIssueDate`,`isLast`,`authNumForMA`,`referralDate`,`eligEffDate`,`eligTermDate`,`notes`) VALUES 
 (2376,'Medi-Cal - Alameda Cty ACCESS',NULL,'0.00',NULL,NULL,0,2205,NULL,NULL,NULL,NULL,1,NULL,NULL,NULL,NULL,NULL),
 (2377,'Medi-Cal - Alameda Cty ACCESS',NULL,'0.00',NULL,NULL,0,2206,NULL,NULL,NULL,NULL,1,NULL,NULL,NULL,NULL,NULL),
 (2378,'Medi-Cal - Alameda Cty ACCESS',NULL,'0.00',NULL,NULL,0,2207,NULL,NULL,NULL,NULL,1,NULL,NULL,NULL,NULL,NULL),
 (2379,'Medi-Cal - Alameda Cty ACCESS',NULL,'0.00',NULL,NULL,0,2208,NULL,NULL,NULL,NULL,1,NULL,NULL,NULL,NULL,NULL),
 (2380,'Medi-Cal - Alameda Cty ACCESS',NULL,'0.00',NULL,NULL,0,2209,NULL,NULL,NULL,NULL,1,NULL,NULL,NULL,NULL,NULL),
 (2381,'MHN',NULL,NULL,'8884260030','R00691132',0,2210,NULL,NULL,NULL,NULL,1,NULL,NULL,NULL,NULL,NULL),
 (2382,'USBH',NULL,NULL,'8004516780','cpr444a56140',20,2211,NULL,NULL,NULL,NULL,1,NULL,NULL,NULL,NULL,NULL),
 (2383,'PacifiCare HMO',NULL,'30.00','8009999585','052080695',12,2212,NULL,NULL,NULL,NULL,1,NULL,NULL,NULL,NULL,NULL),
 (2385,'Contra Costa Access',NULL,NULL,NULL,'A259416',0,2213,NULL,NULL,NULL,NULL,1,NULL,NULL,NULL,NULL,NULL),
 (2386,'MHN',NULL,NULL,'8889355966','R03915755',0,2214,NULL,NULL,NULL,NULL,1,NULL,NULL,NULL,NULL,NULL),
 (2387,'UBH',NULL,'0.00','8663657158',NULL,25,2215,NULL,NULL,NULL,NULL,1,NULL,NULL,NULL,NULL,NULL),
 (2388,'PacifiCare HMO',NULL,'10.00',NULL,'052100263',12,2216,NULL,NULL,NULL,NULL,1,NULL,NULL,NULL,NULL,NULL),
 (2390,'Medi-Cal - Alameda Cty ACCESS',NULL,'0.00',NULL,NULL,0,2217,NULL,NULL,NULL,NULL,1,NULL,NULL,NULL,NULL,NULL),
 (2391,'Medi-Cal - Alameda Cty ACCESS',NULL,'0.00',NULL,NULL,0,2218,NULL,NULL,NULL,NULL,1,NULL,NULL,NULL,NULL,NULL),
 (2392,'Medi-Cal - Alameda Cty ACCESS',NULL,'0.00',NULL,NULL,0,2219,NULL,NULL,NULL,NULL,1,NULL,NULL,NULL,NULL,NULL),
 (2393,'PacifiCare HMO',NULL,NULL,'8009999585','RF35858 EAP',0,2220,NULL,NULL,NULL,NULL,1,NULL,NULL,NULL,NULL,NULL),
 (2394,'Medi-Cal - Alameda Cty ACCESS',NULL,'0.00',NULL,NULL,0,2221,NULL,NULL,NULL,NULL,1,NULL,NULL,NULL,NULL,NULL),
 (2395,'Medi-Cal - Alameda Cty ACCESS',NULL,'0.00',NULL,NULL,0,2222,NULL,NULL,NULL,NULL,1,NULL,NULL,NULL,NULL,NULL),
 (2396,'Medi-Cal - Alameda Cty ACCESS',NULL,'0.00',NULL,NULL,0,2223,NULL,NULL,NULL,NULL,1,NULL,NULL,NULL,NULL,NULL),
 (2397,'PacifiCare HMO',NULL,'20.00','8009999585','052140221',1,2224,NULL,NULL,NULL,NULL,1,NULL,NULL,NULL,NULL,NULL),
 (2398,'Medi-Cal - Alameda Cty ACCESS',NULL,'0.00',NULL,NULL,0,2225,NULL,NULL,NULL,NULL,1,NULL,NULL,NULL,NULL,NULL),
 (2399,'Medi-Cal - Alameda Cty ACCESS',NULL,'0.00',NULL,NULL,0,2226,NULL,NULL,NULL,NULL,1,NULL,NULL,NULL,NULL,NULL),
 (2400,'Medi-Cal - Alameda Cty ACCESS',NULL,'0.00',NULL,NULL,0,2227,NULL,NULL,NULL,NULL,1,NULL,NULL,NULL,NULL,NULL),
 (2401,'Medi-Cal - Alameda Cty ACCESS',NULL,'0.00',NULL,NULL,0,2228,NULL,NULL,NULL,NULL,1,NULL,NULL,NULL,NULL,NULL),
 (2402,'Contra Costa Access',NULL,NULL,NULL,'A259746',0,2229,NULL,NULL,NULL,NULL,1,NULL,NULL,NULL,NULL,NULL),
 (2403,'MHN',NULL,NULL,'8004509355',NULL,0,2230,NULL,NULL,NULL,NULL,1,NULL,NULL,NULL,NULL,NULL),
 (2404,'PacifiCare HMO',NULL,NULL,'8009999585',NULL,0,2231,NULL,NULL,NULL,NULL,1,NULL,NULL,NULL,NULL,NULL),
 (2405,'Contra Costa Access',NULL,NULL,NULL,'A259648',0,2232,NULL,NULL,NULL,NULL,1,NULL,NULL,NULL,NULL,NULL),
 (2406,'Medi-Cal - Alameda Cty ACCESS',NULL,'0.00',NULL,NULL,0,2233,NULL,NULL,NULL,NULL,1,NULL,NULL,NULL,NULL,NULL),
 (2407,'Medi-Cal - Alameda Cty ACCESS',NULL,'0.00',NULL,NULL,0,2234,NULL,NULL,NULL,NULL,1,NULL,NULL,NULL,NULL,NULL),
 (2409,'Medi-Cal - Alameda Cty ACCESS',NULL,'0.00',NULL,NULL,0,2235,NULL,NULL,NULL,NULL,1,NULL,NULL,NULL,NULL,NULL),
 (2410,'PacifiCare HMO',NULL,'5.00','8009999585','052100185',12,2236,NULL,NULL,NULL,NULL,1,NULL,NULL,NULL,NULL,NULL),
 (2411,'PacifiCare PPO',NULL,NULL,'8009999585',NULL,0,2237,NULL,NULL,NULL,NULL,1,NULL,NULL,NULL,NULL,NULL),
 (2412,'PacifiCare HMO',NULL,'10.00','8009999585','040970138',12,2238,NULL,NULL,NULL,NULL,1,NULL,NULL,NULL,NULL,NULL),
 (2413,'Medi-Cal - Alameda Cty ACCESS',NULL,'0.00',NULL,NULL,0,2239,NULL,NULL,NULL,NULL,1,NULL,NULL,NULL,NULL,NULL),
 (2415,'MHN','R01850877',NULL,'8009777591',NULL,0,2240,NULL,NULL,NULL,NULL,1,NULL,NULL,NULL,NULL,NULL),
 (2416,'MHN','R04555465',NULL,'8889355966',NULL,0,2241,NULL,NULL,NULL,NULL,1,NULL,NULL,NULL,NULL,NULL),
 (2417,'Contra Costa Access',NULL,NULL,NULL,'A259891',0,2242,NULL,NULL,NULL,NULL,1,NULL,NULL,NULL,NULL,NULL),
 (2418,'Medi-Cal - Alameda Cty ACCESS','A65816101',NULL,NULL,NULL,0,2243,NULL,NULL,NULL,NULL,1,NULL,NULL,NULL,NULL,NULL),
 (2420,'Medi-Cal - Alameda Cty ACCESS',NULL,'0.00',NULL,NULL,0,2244,NULL,NULL,NULL,NULL,1,NULL,NULL,NULL,NULL,NULL),
 (2421,'Contra Costa Access',NULL,NULL,NULL,'A259061',0,2245,NULL,NULL,NULL,NULL,1,NULL,NULL,NULL,NULL,NULL),
 (2422,'Medi-Cal - Alameda Cty ACCESS',NULL,'0.00',NULL,NULL,0,2246,NULL,NULL,NULL,NULL,1,NULL,NULL,NULL,NULL,NULL),
 (2424,'CHIPA - Magellan',NULL,'10.00',NULL,'179854-01-01',0,2247,NULL,NULL,NULL,NULL,1,NULL,NULL,NULL,NULL,NULL),
 (2426,'Medi-Cal - Alameda Cty ACCESS',NULL,NULL,NULL,NULL,0,2248,NULL,NULL,NULL,NULL,1,NULL,NULL,NULL,NULL,NULL),
 (2427,'CHIPA - MHN','R03906854',NULL,'8884260030',NULL,0,2249,NULL,NULL,NULL,NULL,1,NULL,NULL,NULL,NULL,NULL),
 (2428,'PacifiCare HMO',NULL,'20.00','8009999585','052140460',4,2250,NULL,NULL,NULL,NULL,1,NULL,NULL,NULL,NULL,NULL),
 (2429,'PacifiCare HMO',NULL,'0.00','8009999585','052150866',9,2251,NULL,NULL,NULL,NULL,1,NULL,NULL,NULL,NULL,NULL),
 (2430,'CHIPA - MHN','R04572454',NULL,'8884260030',NULL,0,2252,NULL,NULL,NULL,NULL,1,NULL,NULL,NULL,NULL,NULL),
 (2431,'Medi-Cal - Alameda Cty ACCESS',NULL,'0.00',NULL,NULL,0,2253,NULL,NULL,NULL,NULL,1,NULL,NULL,NULL,NULL,NULL),
 (2432,'Medi-Cal - Alameda Cty ACCESS',NULL,'0.00',NULL,NULL,0,2254,NULL,NULL,NULL,NULL,1,NULL,NULL,NULL,NULL,NULL),
 (2433,'Medi-Cal - Alameda Cty ACCESS',NULL,'0.00',NULL,NULL,0,2255,NULL,NULL,NULL,NULL,1,NULL,NULL,NULL,NULL,NULL),
 (2434,'Medi-Cal - Alameda Cty ACCESS',NULL,'0.00',NULL,NULL,0,2256,NULL,NULL,NULL,NULL,1,NULL,NULL,NULL,NULL,NULL),
 (2435,'Medi-Cal - Alameda Cty ACCESS',NULL,'0.00',NULL,NULL,0,2257,NULL,NULL,NULL,NULL,1,NULL,NULL,NULL,NULL,NULL),
 (2436,'Medi-Cal - Alameda Cty ACCESS',NULL,'0.00',NULL,NULL,0,2258,NULL,NULL,NULL,NULL,1,NULL,NULL,NULL,NULL,NULL),
 (2437,'Medi-Cal - Alameda Cty ACCESS',NULL,'0.00',NULL,NULL,0,2259,NULL,NULL,NULL,NULL,1,NULL,NULL,NULL,NULL,NULL),
 (2438,'Medi-Cal - Alameda Cty ACCESS',NULL,'0.00',NULL,NULL,0,2260,NULL,NULL,NULL,NULL,1,NULL,NULL,NULL,NULL,NULL),
 (2439,'Medi-Cal - Alameda Cty ACCESS',NULL,'0.00',NULL,NULL,0,2261,NULL,NULL,NULL,NULL,1,NULL,NULL,NULL,NULL,NULL),
 (2440,'Medi-Cal - Alameda Cty ACCESS',NULL,'0.00',NULL,NULL,0,2262,NULL,NULL,NULL,NULL,1,NULL,NULL,NULL,NULL,NULL),
 (2441,'Medi-Cal - Alameda Cty ACCESS',NULL,'0.00',NULL,NULL,0,2263,NULL,NULL,NULL,NULL,1,NULL,NULL,NULL,NULL,NULL),
 (2442,'Contra Costa Access',NULL,'0.00',NULL,NULL,0,2264,NULL,NULL,NULL,NULL,1,NULL,NULL,NULL,NULL,NULL),
 (2443,'Contra Costa Access',NULL,'0.00',NULL,NULL,0,2265,NULL,NULL,NULL,NULL,1,NULL,NULL,NULL,NULL,NULL),
 (2444,'Medi-Cal - Alameda Cty ACCESS',NULL,'0.00',NULL,NULL,0,2266,NULL,NULL,NULL,NULL,1,NULL,NULL,NULL,NULL,NULL),
 (2445,'PacifiCare HMO',NULL,'5.00','8009999585','052170504',16,2267,NULL,NULL,NULL,NULL,1,NULL,NULL,NULL,NULL,NULL),
 (2446,'PacifiCare HMO',NULL,'10.00','8009999585','052170262',8,2268,NULL,NULL,NULL,NULL,1,NULL,NULL,NULL,NULL,NULL),
 (2447,'PacifiCare HMO',NULL,'30.00','8009999585','052030717',12,2269,NULL,NULL,NULL,NULL,1,NULL,NULL,NULL,NULL,NULL),
 (2448,'PacifiCare HMO','W107680860',NULL,'8004241601',NULL,0,2270,NULL,NULL,NULL,NULL,1,NULL,NULL,NULL,NULL,NULL),
 (2449,'Medi-Cal - Alameda Cty ACCESS','75065488',NULL,NULL,NULL,0,2271,NULL,NULL,NULL,NULL,1,NULL,NULL,NULL,NULL,NULL),
 (2450,'UBH','XEHJ02783108',NULL,'8007983053',NULL,0,2272,NULL,NULL,NULL,NULL,1,NULL,NULL,NULL,NULL,NULL),
 (2451,'PacifiCare HMO',NULL,'10.00','8009999585','052160254',4,2273,NULL,NULL,NULL,NULL,1,NULL,NULL,NULL,NULL,NULL),
 (2452,'Contra Costa Access',NULL,NULL,NULL,'A258289',0,2274,NULL,NULL,NULL,NULL,1,NULL,NULL,NULL,NULL,NULL),
 (2453,'PacifiCare HMO',NULL,'40.00','8009999585','052170671',4,2275,NULL,NULL,NULL,NULL,1,NULL,NULL,NULL,NULL,NULL),
 (2454,'PacifiCare HMO',NULL,'20.00','8009999585','052190018',6,2276,NULL,NULL,NULL,NULL,1,NULL,NULL,NULL,NULL,NULL),
 (2455,'PacifiCare HMO',NULL,'0.00','8009999585','052200717',9,2277,NULL,NULL,NULL,NULL,1,NULL,NULL,NULL,NULL,NULL),
 (2456,'PacifiCare HMO',NULL,'0.00','8009999585','052200777',3,2278,NULL,NULL,NULL,NULL,1,NULL,NULL,NULL,NULL,NULL),
 (2457,'Medi-Cal - Alameda Cty ACCESS','C:75075262',NULL,NULL,NULL,0,2279,NULL,NULL,NULL,NULL,1,NULL,NULL,NULL,NULL,NULL),
 (2458,'Medi-Cal - Alameda Cty ACCESS','A:39192001',NULL,NULL,NULL,0,2280,NULL,NULL,NULL,NULL,1,NULL,NULL,NULL,NULL,NULL),
 (2459,'Medi-Cal - Alameda Cty ACCESS',NULL,'0.00',NULL,NULL,0,2281,NULL,NULL,NULL,NULL,1,NULL,NULL,NULL,NULL,NULL),
 (2460,'Medi-Cal - Alameda Cty ACCESS',NULL,'0.00',NULL,NULL,0,2282,NULL,NULL,NULL,NULL,1,NULL,NULL,NULL,NULL,NULL),
 (2461,'Medi-Cal - Alameda Cty ACCESS',NULL,'0.00',NULL,NULL,0,2283,NULL,NULL,NULL,NULL,1,NULL,NULL,NULL,NULL,NULL),
 (2462,'Medi-Cal - Alameda Cty ACCESS',NULL,'0.00',NULL,NULL,0,2284,NULL,NULL,NULL,NULL,1,NULL,NULL,NULL,NULL,NULL),
 (2463,'Medi-Cal - Alameda Cty ACCESS',NULL,'0.00',NULL,NULL,0,2285,NULL,NULL,NULL,NULL,1,NULL,NULL,NULL,NULL,NULL),
 (2464,'Contra Costa Access',NULL,NULL,NULL,'A253919',0,2286,NULL,NULL,NULL,NULL,1,NULL,NULL,NULL,NULL,NULL),
 (2465,'PacifiCare HMO',NULL,'25.00','8009999585','052210306',6,2287,NULL,NULL,NULL,NULL,1,NULL,NULL,NULL,NULL,NULL),
 (2466,'PacifiCare HMO',NULL,NULL,'8009999585','052210417',12,2288,NULL,NULL,NULL,NULL,1,NULL,NULL,NULL,NULL,NULL),
 (2467,'Medi-Cal - Alameda Cty ACCESS',NULL,'0.00',NULL,NULL,0,2289,NULL,NULL,NULL,NULL,1,NULL,NULL,NULL,NULL,NULL),
 (2468,'Medi-Cal - Alameda Cty ACCESS',NULL,'0.00',NULL,NULL,0,2290,NULL,NULL,NULL,NULL,1,NULL,NULL,NULL,NULL,NULL),
 (2469,'Medi-Cal - Alameda Cty ACCESS',NULL,'0.00',NULL,NULL,0,2291,NULL,NULL,NULL,NULL,1,NULL,NULL,NULL,NULL,NULL),
 (2472,'PacifiCare HMO',NULL,NULL,'8009999585','052070492',0,2292,NULL,NULL,NULL,NULL,1,NULL,NULL,NULL,NULL,NULL),
 (2473,'PacifiCare HMO',NULL,'10.00','8009999585','052210476',4,2293,NULL,NULL,NULL,NULL,1,NULL,NULL,NULL,NULL,NULL),
 (2474,'Contra Costa Access',NULL,NULL,NULL,'A260538',0,2294,NULL,NULL,NULL,NULL,1,NULL,NULL,NULL,NULL,NULL),
 (2732,'MHN','RO4663730',NULL,'8884260030',NULL,0,2295,NULL,NULL,NULL,NULL,1,NULL,NULL,NULL,NULL,NULL),
 (2476,'Medi-Cal - Alameda Cty ACCESS',NULL,'0.00',NULL,NULL,0,2296,NULL,NULL,NULL,NULL,1,NULL,NULL,NULL,NULL,NULL),
 (2477,'Medi-Cal - Alameda Cty ACCESS','75069652',NULL,NULL,NULL,0,2297,NULL,NULL,NULL,NULL,1,NULL,NULL,NULL,NULL,NULL),
 (2478,'Medi-Cal - Alameda Cty ACCESS',NULL,'0.00',NULL,NULL,0,2298,NULL,NULL,NULL,NULL,1,NULL,NULL,NULL,NULL,NULL),
 (2479,'Medi-Cal - Alameda Cty ACCESS',NULL,'0.00',NULL,NULL,0,2299,NULL,NULL,NULL,NULL,1,NULL,NULL,NULL,NULL,NULL),
 (2480,'Medi-Cal - Alameda Cty ACCESS',NULL,'0.00',NULL,NULL,0,2300,NULL,NULL,NULL,NULL,1,NULL,NULL,NULL,NULL,NULL),
 (2481,'PacifiCare HMO',NULL,'10.00','8009999585','052220198',4,2301,NULL,NULL,NULL,NULL,1,NULL,NULL,NULL,NULL,NULL),
 (2482,'UBH','451491478',NULL,'8772116542',NULL,0,2302,NULL,NULL,NULL,NULL,1,NULL,NULL,NULL,NULL,NULL),
 (2483,'Medi-Cal - Alameda Cty ACCESS','A75085638',NULL,NULL,NULL,0,2303,NULL,NULL,NULL,NULL,1,NULL,NULL,NULL,NULL,NULL),
 (2484,'Medi-Cal - Alameda Cty ACCESS',NULL,NULL,NULL,NULL,0,2304,NULL,NULL,NULL,NULL,1,NULL,NULL,NULL,NULL,NULL),
 (2485,'MHN',NULL,'0.00',NULL,'12065014',52,2305,NULL,NULL,NULL,NULL,1,NULL,NULL,NULL,NULL,NULL),
 (2486,'Medi-Cal - Alameda Cty ACCESS','A75077632',NULL,NULL,NULL,0,2306,NULL,NULL,NULL,NULL,1,NULL,NULL,NULL,NULL,NULL),
 (2487,'Medi-Cal - Alameda Cty ACCESS',NULL,'0.00',NULL,NULL,0,2307,NULL,NULL,NULL,NULL,1,NULL,NULL,NULL,NULL,NULL),
 (2488,'Medi-Cal - Alameda Cty ACCESS',NULL,'0.00',NULL,NULL,0,2308,NULL,NULL,NULL,NULL,1,NULL,NULL,NULL,NULL,NULL),
 (2489,'PacifiCare HMO',NULL,'15.00','8009999585','052220434',6,2309,NULL,NULL,NULL,NULL,1,NULL,NULL,NULL,NULL,NULL),
 (2490,'PacifiCare HMO',NULL,'4.00','8009999585','050450859',4,2310,NULL,NULL,NULL,NULL,1,NULL,NULL,NULL,NULL,NULL),
 (2491,'Contra Costa Access',NULL,NULL,NULL,'A260658',0,2311,NULL,NULL,NULL,NULL,1,NULL,NULL,NULL,NULL,NULL),
 (2492,'Medi-Cal - Alameda Cty ACCESS',NULL,'0.00',NULL,NULL,0,2312,NULL,NULL,NULL,NULL,1,NULL,NULL,NULL,NULL,NULL),
 (2493,'MHN',NULL,NULL,NULL,'R04642054',0,2313,NULL,NULL,NULL,NULL,1,NULL,NULL,NULL,NULL,NULL),
 (2494,'Contra Costa Access',NULL,NULL,NULL,'A259607',0,2314,NULL,NULL,NULL,NULL,1,NULL,NULL,NULL,NULL,NULL),
 (2495,'MHN',NULL,NULL,'8889355966','R04233247',0,2315,NULL,NULL,NULL,NULL,1,NULL,NULL,NULL,NULL,NULL),
 (2496,'Medi-Cal - Alameda Cty ACCESS','A75087474',NULL,NULL,NULL,0,2316,NULL,NULL,NULL,NULL,1,NULL,NULL,NULL,NULL,NULL),
 (2497,'Medi-Cal - Alameda Cty ACCESS',NULL,NULL,NULL,NULL,0,2317,NULL,NULL,NULL,NULL,1,NULL,NULL,NULL,NULL,NULL),
 (2498,'Medi-Cal - Alameda Cty ACCESS',NULL,NULL,NULL,NULL,0,2318,NULL,NULL,NULL,NULL,1,NULL,NULL,NULL,NULL,NULL),
 (2499,'Medi-Cal - Alameda Cty ACCESS','A75026457',NULL,NULL,NULL,0,2319,NULL,NULL,NULL,NULL,1,NULL,NULL,NULL,NULL,NULL),
 (2500,'Medi-Cal - Alameda Cty ACCESS',NULL,NULL,NULL,NULL,0,2320,NULL,NULL,NULL,NULL,1,NULL,NULL,NULL,NULL,NULL),
 (2501,'Private Pay',NULL,'110.00',NULL,NULL,0,2321,NULL,NULL,NULL,NULL,1,NULL,NULL,NULL,NULL,NULL),
 (2502,'Medi-Cal - Alameda Cty ACCESS','A75090462',NULL,NULL,NULL,0,2322,NULL,NULL,NULL,NULL,1,NULL,NULL,NULL,NULL,NULL),
 (2503,'Contra Costa Access',NULL,NULL,NULL,'A258091',0,2323,NULL,NULL,NULL,NULL,1,NULL,NULL,NULL,NULL,NULL),
 (2504,'Medi-Cal - Alameda Cty ACCESS',NULL,NULL,NULL,NULL,0,2324,NULL,NULL,NULL,NULL,1,NULL,NULL,NULL,NULL,NULL),
 (2505,'Medi-Cal - Alameda Cty ACCESS',NULL,NULL,NULL,NULL,0,2325,NULL,NULL,NULL,NULL,1,NULL,NULL,NULL,NULL,NULL),
 (2506,'Medi-Cal - Alameda Cty ACCESS',NULL,NULL,NULL,NULL,0,2326,NULL,NULL,NULL,NULL,1,NULL,NULL,NULL,NULL,NULL),
 (2507,'Medi-Cal - Alameda Cty ACCESS',NULL,NULL,NULL,NULL,0,2327,NULL,NULL,NULL,NULL,1,NULL,NULL,NULL,NULL,NULL),
 (2508,'Medi-Cal - Alameda Cty ACCESS',NULL,NULL,NULL,NULL,0,2328,NULL,NULL,NULL,NULL,1,NULL,NULL,NULL,NULL,NULL),
 (2509,'PacifiCare HMO',NULL,'0.00',NULL,NULL,0,2329,NULL,NULL,NULL,NULL,1,NULL,NULL,NULL,NULL,NULL),
 (2510,'Medi-Cal - Alameda Cty ACCESS','A75096494',NULL,NULL,NULL,0,2330,NULL,NULL,NULL,NULL,1,NULL,NULL,NULL,NULL,NULL),
 (2511,'Contra Costa Access',NULL,NULL,NULL,'A260742',0,2331,NULL,NULL,NULL,NULL,1,NULL,NULL,NULL,NULL,NULL),
 (2512,'Medi-Cal - Alameda Cty ACCESS',NULL,NULL,NULL,NULL,0,2332,NULL,NULL,NULL,NULL,1,NULL,NULL,NULL,NULL,NULL),
 (2513,'Medi-Cal - Alameda Cty ACCESS','A75093770',NULL,NULL,NULL,0,2333,NULL,NULL,NULL,NULL,1,NULL,NULL,NULL,NULL,NULL),
 (2514,'Medi-Cal - Alameda Cty ACCESS',NULL,NULL,NULL,NULL,0,2334,NULL,NULL,NULL,NULL,1,NULL,NULL,NULL,NULL,NULL),
 (2516,'Medi-Cal - Alameda Cty ACCESS',NULL,'0.00',NULL,'75123386',0,2335,NULL,NULL,NULL,NULL,1,NULL,NULL,NULL,NULL,NULL),
 (2517,'PacifiCare HMO',NULL,'10.00',NULL,'052220044',0,2336,NULL,NULL,NULL,NULL,1,NULL,NULL,NULL,NULL,NULL),
 (2518,'Contra Costa Access',NULL,'0.00',NULL,'A260399',0,2337,NULL,NULL,NULL,NULL,1,NULL,NULL,NULL,NULL,NULL),
 (2519,'PacifiCare HMO',NULL,'0.00','8009999585','052230560',3,2338,NULL,NULL,NULL,NULL,1,NULL,NULL,NULL,NULL,NULL),
 (2521,'Contra Costa Access',NULL,'0.00',NULL,'A259736',0,2339,NULL,NULL,NULL,NULL,1,NULL,NULL,NULL,NULL,NULL),
 (2522,'Medi-Cal - Alameda Cty ACCESS',NULL,'0.00',NULL,'75103434',0,2340,NULL,NULL,NULL,NULL,1,NULL,NULL,NULL,NULL,NULL),
 (2523,'Medi-Cal - Alameda Cty ACCESS',NULL,'0.00',NULL,'75108901',0,2341,NULL,NULL,NULL,NULL,1,NULL,NULL,NULL,NULL,NULL),
 (2524,'PacifiCare HMO',NULL,NULL,NULL,'052230595',0,2342,NULL,NULL,NULL,NULL,1,NULL,NULL,NULL,NULL,NULL),
 (2525,'Medi-Cal - Alameda Cty ACCESS',NULL,NULL,'8004919099','75073382',0,2343,NULL,NULL,NULL,NULL,1,NULL,NULL,NULL,NULL,NULL),
 (2526,'MHN',NULL,NULL,'8006417761','R04723274',52,2344,NULL,NULL,NULL,NULL,1,NULL,NULL,NULL,NULL,NULL),
 (2528,'Medi-Cal - Alameda Cty ACCESS',NULL,'0.00',NULL,NULL,0,2345,NULL,NULL,NULL,NULL,1,NULL,NULL,NULL,NULL,NULL),
 (2529,'Medi-Cal - Alameda Cty ACCESS',NULL,'0.00',NULL,NULL,0,2346,NULL,NULL,NULL,NULL,1,NULL,NULL,NULL,NULL,NULL),
 (2530,'Medi-Cal - Alameda Cty ACCESS',NULL,'0.00',NULL,NULL,0,2347,NULL,NULL,NULL,NULL,1,NULL,NULL,NULL,NULL,NULL),
 (2531,'Medi-Cal - Alameda Cty ACCESS',NULL,'0.00',NULL,NULL,0,2348,NULL,NULL,NULL,NULL,1,NULL,NULL,NULL,NULL,NULL),
 (2532,'Contra Costa Access',NULL,NULL,NULL,'A260273',0,2349,NULL,NULL,NULL,NULL,1,NULL,NULL,NULL,NULL,NULL),
 (2533,'Medi-Cal - Alameda Cty ACCESS',NULL,'0.00',NULL,NULL,0,2350,NULL,NULL,NULL,NULL,1,NULL,NULL,NULL,NULL,NULL),
 (2534,'Medi-Cal - Alameda Cty ACCESS',NULL,'0.00',NULL,NULL,0,2351,NULL,NULL,NULL,NULL,1,NULL,NULL,NULL,NULL,NULL),
 (2535,'Medi-Cal - Alameda Cty ACCESS',NULL,'0.00',NULL,NULL,0,2352,NULL,NULL,NULL,NULL,1,NULL,NULL,NULL,NULL,NULL),
 (2536,'Medi-Cal - Alameda Cty ACCESS',NULL,'0.00',NULL,NULL,0,2353,NULL,NULL,NULL,NULL,1,NULL,NULL,NULL,NULL,NULL),
 (2537,'Contra Costa Access',NULL,NULL,NULL,'A260640',0,2354,NULL,NULL,NULL,NULL,1,NULL,NULL,NULL,NULL,NULL),
 (2539,'Medi-Cal - Alameda Cty ACCESS',NULL,'0.00',NULL,NULL,0,2355,NULL,NULL,NULL,NULL,1,NULL,NULL,NULL,NULL,NULL),
 (2540,'Contra Costa Access',NULL,NULL,NULL,NULL,0,2356,NULL,NULL,NULL,NULL,1,NULL,NULL,NULL,NULL,NULL),
 (2541,'MHN',NULL,NULL,'8889355966','R03248793',0,2357,NULL,NULL,NULL,NULL,1,NULL,NULL,NULL,NULL,NULL),
 (2542,'Medi-Cal - Alameda Cty ACCESS',NULL,'0.00',NULL,NULL,0,2358,NULL,NULL,NULL,NULL,1,NULL,NULL,NULL,NULL,NULL),
 (2543,'MHN',NULL,NULL,'8889355966','052160591',0,2359,NULL,NULL,NULL,NULL,1,NULL,NULL,NULL,NULL,NULL),
 (2544,'PacifiCare HMO',NULL,'10.00','8009999585',NULL,0,2360,NULL,NULL,NULL,NULL,1,NULL,NULL,NULL,NULL,NULL),
 (2545,'PacifiCare HMO',NULL,NULL,'8009999585','052280618',0,2361,NULL,NULL,NULL,NULL,1,NULL,NULL,NULL,NULL,NULL),
 (2546,'MHN',NULL,'25.00','8006888329','12064807',30,2362,NULL,NULL,NULL,NULL,1,NULL,NULL,NULL,NULL,NULL),
 (2547,'Medi-Cal - Alameda Cty ACCESS','A:50718601',NULL,NULL,NULL,0,2363,NULL,NULL,NULL,NULL,1,NULL,NULL,NULL,NULL,NULL),
 (2548,'Medi-Cal - Alameda Cty ACCESS','A:75064904',NULL,NULL,NULL,0,2364,NULL,NULL,NULL,NULL,1,NULL,NULL,NULL,NULL,NULL),
 (2549,'Medi-Cal - Alameda Cty ACCESS','A:75072402',NULL,NULL,NULL,0,2365,NULL,NULL,NULL,NULL,1,NULL,NULL,NULL,NULL,NULL),
 (2550,'PacifiCare HMO',NULL,'5.00',NULL,NULL,0,2366,NULL,NULL,NULL,NULL,1,NULL,NULL,NULL,NULL,NULL),
 (2551,'Medi-Cal - Alameda Cty ACCESS','A:75076839',NULL,NULL,NULL,0,2367,NULL,NULL,NULL,NULL,1,NULL,NULL,NULL,NULL,NULL),
 (2552,'Medi-Cal - Alameda Cty ACCESS','A:75070455',NULL,NULL,NULL,0,2368,NULL,NULL,NULL,NULL,1,NULL,NULL,NULL,NULL,NULL),
 (2553,'Medi-Cal - Alameda Cty ACCESS','A:75013278',NULL,NULL,NULL,0,2369,NULL,NULL,NULL,NULL,1,NULL,NULL,NULL,NULL,NULL),
 (2554,'Medi-Cal - Alameda Cty ACCESS','A:75003769',NULL,NULL,NULL,0,2370,NULL,NULL,NULL,NULL,1,NULL,NULL,NULL,NULL,NULL),
 (2555,'Medi-Cal - Alameda Cty ACCESS','A:31381701',NULL,NULL,NULL,0,2371,NULL,NULL,NULL,NULL,1,NULL,NULL,NULL,NULL,NULL),
 (2556,'Medi-Cal - Alameda Cty ACCESS','A:75095640',NULL,NULL,NULL,0,2372,NULL,NULL,NULL,NULL,1,NULL,NULL,NULL,NULL,NULL),
 (2557,'Medi-Cal - Alameda Cty ACCESS','A:75055866',NULL,NULL,NULL,0,2373,NULL,NULL,NULL,NULL,1,NULL,NULL,NULL,NULL,NULL),
 (2558,'Medi-Cal - Alameda Cty ACCESS','A:75022509',NULL,NULL,NULL,0,2374,NULL,NULL,NULL,NULL,1,NULL,NULL,NULL,NULL,NULL),
 (2559,'Medi-Cal - Alameda Cty ACCESS','A:75093043',NULL,NULL,NULL,0,2375,NULL,NULL,NULL,NULL,1,NULL,NULL,NULL,NULL,NULL),
 (2560,'Medi-Cal - Alameda Cty ACCESS','A:51453901',NULL,NULL,NULL,0,2376,NULL,NULL,NULL,NULL,1,NULL,NULL,NULL,NULL,NULL),
 (2563,'Medi-Cal - Alameda Cty ACCESS','A:75069004',NULL,NULL,NULL,0,2377,NULL,NULL,NULL,NULL,1,NULL,NULL,NULL,NULL,NULL),
 (2564,'Medi-Cal - Alameda Cty ACCESS','C:75098426',NULL,NULL,NULL,0,2378,NULL,NULL,NULL,NULL,1,NULL,NULL,NULL,NULL,NULL),
 (2565,'PacifiCare HMO',NULL,'30.00','8009999585',NULL,12,2379,NULL,NULL,NULL,NULL,1,NULL,NULL,NULL,NULL,NULL),
 (2566,'Medi-Cal - Alameda Cty ACCESS','A:75057691',NULL,NULL,NULL,0,2380,NULL,NULL,NULL,NULL,1,NULL,NULL,NULL,NULL,NULL),
 (2567,'Medi-Cal - Alameda Cty ACCESS','A:75087053',NULL,NULL,NULL,0,2381,NULL,NULL,NULL,NULL,1,NULL,NULL,NULL,NULL,NULL),
 (2568,'Medi-Cal - Alameda Cty ACCESS','A:75097912',NULL,NULL,NULL,0,2382,NULL,NULL,NULL,NULL,1,NULL,NULL,NULL,NULL,NULL),
 (2569,'Medi-Cal - Alameda Cty ACCESS','A:75046895',NULL,NULL,NULL,0,2383,NULL,NULL,NULL,NULL,1,NULL,NULL,NULL,NULL,NULL),
 (2570,'Medi-Cal - Alameda Cty ACCESS','A:75068919',NULL,NULL,NULL,0,2384,NULL,NULL,NULL,NULL,1,NULL,NULL,NULL,NULL,NULL),
 (2571,'Medi-Cal - Alameda Cty ACCESS','A:75066791',NULL,NULL,NULL,0,2385,NULL,NULL,NULL,NULL,1,NULL,NULL,NULL,NULL,NULL),
 (2572,'Medi-Cal - Alameda Cty ACCESS','A:75005039',NULL,NULL,NULL,0,2386,NULL,NULL,NULL,NULL,1,NULL,NULL,NULL,NULL,NULL),
 (2573,'Medi-Cal - Alameda Cty ACCESS','A:70836201',NULL,NULL,NULL,0,2387,NULL,NULL,NULL,NULL,1,NULL,NULL,NULL,NULL,NULL),
 (2574,'Medi-Cal - Alameda Cty ACCESS','A:75039882',NULL,NULL,NULL,0,2388,NULL,NULL,NULL,NULL,1,NULL,NULL,NULL,NULL,NULL),
 (2575,'Medi-Cal - Alameda Cty ACCESS','A:75115829',NULL,NULL,NULL,0,2389,NULL,NULL,NULL,NULL,1,NULL,NULL,NULL,NULL,NULL),
 (2576,'Medi-Cal - Alameda Cty ACCESS','A:75056512',NULL,NULL,NULL,0,2390,NULL,NULL,NULL,NULL,1,NULL,NULL,NULL,NULL,NULL),
 (2577,'Medi-Cal - Alameda Cty ACCESS','A:75044171',NULL,NULL,NULL,0,2391,NULL,NULL,NULL,NULL,1,NULL,NULL,NULL,NULL,NULL),
 (2723,'UBH','J008675580-000',NULL,'8007983053',NULL,0,2392,NULL,NULL,NULL,NULL,1,NULL,NULL,NULL,NULL,NULL),
 (2579,'Medi-Cal - Alameda Cty ACCESS','A:07279301',NULL,NULL,NULL,0,2393,NULL,NULL,NULL,NULL,1,NULL,NULL,NULL,NULL,NULL),
 (2580,'Medi-Cal - Alameda Cty ACCESS','A:75079587',NULL,NULL,NULL,0,2394,NULL,NULL,NULL,NULL,1,NULL,NULL,NULL,NULL,NULL),
 (2581,'Medi-Cal - Alameda Cty ACCESS','A:61020401',NULL,NULL,NULL,0,2395,NULL,NULL,NULL,NULL,1,NULL,NULL,NULL,NULL,NULL),
 (2582,'Medi-Cal - Alameda Cty ACCESS','A:37300101',NULL,NULL,NULL,0,2396,NULL,NULL,NULL,NULL,1,NULL,NULL,NULL,NULL,NULL),
 (2583,'Medi-Cal - Alameda Cty ACCESS','A:75107560',NULL,NULL,NULL,0,2397,NULL,NULL,NULL,NULL,1,NULL,NULL,NULL,NULL,NULL),
 (2584,'Medi-Cal - Alameda Cty ACCESS','02875301',NULL,NULL,NULL,0,2398,NULL,NULL,NULL,NULL,1,NULL,NULL,NULL,NULL,NULL),
 (2585,'Medi-Cal - Alameda Cty ACCESS','A:75105557',NULL,NULL,NULL,0,2399,NULL,NULL,NULL,NULL,1,NULL,NULL,NULL,NULL,NULL),
 (2586,'Medi-Cal - Alameda Cty ACCESS','A:75090762',NULL,NULL,NULL,0,2400,NULL,NULL,NULL,NULL,1,NULL,NULL,NULL,NULL,NULL),
 (2587,'Medi-Cal - Alameda Cty ACCESS','A:75099970',NULL,NULL,NULL,0,2401,NULL,NULL,NULL,NULL,1,NULL,NULL,NULL,NULL,NULL),
 (2588,'Medi-Cal - Alameda Cty ACCESS','A:75062768',NULL,NULL,NULL,0,2402,NULL,NULL,NULL,NULL,1,NULL,NULL,NULL,NULL,NULL),
 (2589,'Medi-Cal - Alameda Cty ACCESS','A:75031022',NULL,NULL,NULL,0,2403,NULL,NULL,NULL,NULL,1,NULL,NULL,NULL,NULL,NULL),
 (2590,'Medi-Cal - Alameda Cty ACCESS','A:75033710',NULL,NULL,NULL,0,2404,NULL,NULL,NULL,NULL,1,NULL,NULL,NULL,NULL,NULL),
 (2591,'Medi-Cal - Alameda Cty ACCESS','A:73200801',NULL,NULL,NULL,0,2405,NULL,NULL,NULL,NULL,1,NULL,NULL,NULL,NULL,NULL),
 (2804,'MHN',NULL,'10.00','8009999585','042080700',6,2406,NULL,NULL,NULL,NULL,1,NULL,NULL,NULL,NULL,NULL),
 (2593,'PacifiCare HMO',NULL,'5.00',NULL,NULL,0,2407,NULL,NULL,NULL,NULL,1,NULL,NULL,NULL,NULL,NULL),
 (2594,'Medi-Cal - Alameda Cty ACCESS','A:75018422',NULL,NULL,NULL,0,2408,NULL,NULL,NULL,NULL,1,NULL,NULL,NULL,NULL,NULL),
 (2595,'Medi-Cal - Alameda Cty ACCESS','A:61450301',NULL,NULL,NULL,0,2409,NULL,NULL,NULL,NULL,1,NULL,NULL,NULL,NULL,NULL),
 (2597,'Medi-Cal - Alameda Cty ACCESS','A:75069725',NULL,NULL,NULL,0,2410,NULL,NULL,NULL,NULL,1,NULL,NULL,NULL,NULL,NULL),
 (2598,'Medi-Cal - Alameda Cty ACCESS','A:75092618',NULL,NULL,NULL,0,2411,NULL,NULL,NULL,NULL,1,NULL,NULL,NULL,NULL,NULL),
 (2599,'Medi-Cal - Alameda Cty ACCESS','A:75078651',NULL,NULL,NULL,0,2412,NULL,NULL,NULL,NULL,1,NULL,NULL,NULL,NULL,NULL),
 (2600,'Medi-Cal - Alameda Cty ACCESS','A:75026764',NULL,NULL,NULL,0,2413,NULL,NULL,NULL,NULL,1,NULL,NULL,NULL,NULL,NULL),
 (2601,'Medi-Cal - Alameda Cty ACCESS','A:75026457',NULL,NULL,NULL,0,2414,NULL,NULL,NULL,NULL,1,NULL,NULL,NULL,NULL,NULL),
 (2602,'Medi-Cal - Alameda Cty ACCESS',NULL,'0.00',NULL,NULL,0,2415,NULL,NULL,NULL,NULL,1,NULL,NULL,NULL,NULL,NULL),
 (2603,'Medi-Cal - Alameda Cty ACCESS',NULL,'0.00',NULL,NULL,0,2416,NULL,NULL,NULL,NULL,1,NULL,NULL,NULL,NULL,NULL),
 (2604,'Private Pay',NULL,'130.00',NULL,NULL,0,2417,NULL,NULL,NULL,NULL,1,NULL,NULL,NULL,NULL,NULL),
 (2605,'Medi-Cal - Alameda Cty ACCESS',NULL,'0.00',NULL,NULL,0,2418,NULL,NULL,NULL,NULL,1,NULL,NULL,NULL,NULL,NULL),
 (2606,'Medi-Cal - Alameda Cty ACCESS',NULL,NULL,'8004919099','75095381',0,2419,NULL,NULL,NULL,NULL,1,NULL,NULL,NULL,NULL,NULL),
 (2608,'Contra Costa Access',NULL,NULL,NULL,'A261146',0,2420,NULL,NULL,NULL,NULL,1,NULL,NULL,NULL,NULL,NULL),
 (2609,'UBH',NULL,NULL,'8772637178','xeaj02898600',15,2421,NULL,NULL,NULL,NULL,1,NULL,NULL,NULL,NULL,NULL),
 (2610,'Aetna',NULL,NULL,'8008861578','205202',20,2422,NULL,NULL,NULL,NULL,1,NULL,NULL,NULL,NULL,NULL),
 (2611,'Medi-Cal - Alameda Cty ACCESS',NULL,NULL,'8004919099','75114175',0,2423,NULL,NULL,NULL,NULL,1,NULL,NULL,NULL,NULL,NULL),
 (2612,'PacifiCare PPO',NULL,'0.00','8009999585','052290686',8,2424,NULL,NULL,NULL,NULL,1,NULL,NULL,NULL,NULL,NULL),
 (2614,'Medi-Cal - Alameda Cty ACCESS','75109034','0.00','8004919099',NULL,0,2425,NULL,NULL,NULL,NULL,1,NULL,NULL,NULL,NULL,NULL),
 (2615,'Medi-Cal - Alameda Cty ACCESS','A:75056957',NULL,NULL,NULL,0,2426,NULL,NULL,NULL,NULL,1,NULL,NULL,NULL,NULL,NULL),
 (2616,'Medi-Cal - Alameda Cty ACCESS','A:75056147',NULL,NULL,NULL,0,2427,NULL,NULL,NULL,NULL,1,NULL,NULL,NULL,NULL,NULL),
 (2618,'Medi-Cal - Alameda Cty ACCESS','A:75001875',NULL,NULL,NULL,0,2428,NULL,NULL,NULL,NULL,1,NULL,NULL,NULL,NULL,NULL),
 (2619,'Medi-Cal - Alameda Cty ACCESS',NULL,NULL,NULL,NULL,0,2429,NULL,NULL,NULL,NULL,1,NULL,NULL,NULL,NULL,NULL),
 (2620,'PacifiCare HMO',NULL,'15.00','8009999585','052280128',4,2430,NULL,NULL,NULL,NULL,1,NULL,NULL,NULL,NULL,NULL),
 (2623,'Medi-Cal - Alameda Cty ACCESS','A:',NULL,NULL,NULL,0,2431,NULL,NULL,NULL,NULL,1,NULL,NULL,NULL,NULL,NULL),
 (2624,'Medi-Cal - Alameda Cty ACCESS','A:75069278',NULL,NULL,NULL,0,2432,NULL,NULL,NULL,NULL,1,NULL,NULL,NULL,NULL,NULL),
 (2625,'Medi-Cal - Alameda Cty ACCESS','A:56410401',NULL,NULL,NULL,0,2433,NULL,NULL,NULL,NULL,1,NULL,NULL,NULL,NULL,NULL),
 (2626,'Medi-Cal - Alameda Cty ACCESS','A:',NULL,NULL,NULL,0,2434,NULL,NULL,NULL,NULL,1,NULL,NULL,NULL,NULL,NULL),
 (2627,'Medi-Cal - Alameda Cty ACCESS','A:75027386',NULL,NULL,NULL,0,2435,NULL,NULL,NULL,NULL,1,NULL,NULL,NULL,NULL,NULL),
 (2628,'Medi-Cal - Alameda Cty ACCESS','A:75055891',NULL,NULL,NULL,0,2436,NULL,NULL,NULL,NULL,1,NULL,NULL,NULL,NULL,NULL),
 (2629,'Medi-Cal - Alameda Cty ACCESS','A:',NULL,NULL,NULL,0,2437,NULL,NULL,NULL,NULL,1,NULL,NULL,NULL,NULL,NULL),
 (2630,'Medi-Cal - Alameda Cty ACCESS','A:',NULL,NULL,NULL,0,2438,NULL,NULL,NULL,NULL,1,NULL,NULL,NULL,NULL,NULL),
 (2631,'Medi-Cal - Alameda Cty ACCESS','A:75089631',NULL,NULL,NULL,0,2439,NULL,NULL,NULL,NULL,1,NULL,NULL,NULL,NULL,NULL),
 (2632,'Medi-Cal - Alameda Cty ACCESS','A:75110822',NULL,NULL,NULL,0,2440,NULL,NULL,NULL,NULL,1,NULL,NULL,NULL,NULL,NULL),
 (2633,'Medi-Cal - Alameda Cty ACCESS','A:75044566',NULL,NULL,NULL,0,2441,NULL,NULL,NULL,NULL,1,NULL,NULL,NULL,NULL,NULL),
 (2634,'Medi-Cal - Alameda Cty ACCESS','A:75033859',NULL,NULL,NULL,0,2442,NULL,NULL,NULL,NULL,1,NULL,NULL,NULL,NULL,NULL),
 (2635,'Medi-Cal - Alameda Cty ACCESS','A:46199601',NULL,NULL,NULL,0,2443,NULL,NULL,NULL,NULL,1,NULL,NULL,NULL,NULL,NULL),
 (2638,'Medi-Cal - Alameda Cty ACCESS','A:55420401',NULL,NULL,NULL,0,2444,NULL,NULL,NULL,NULL,1,NULL,NULL,NULL,NULL,NULL),
 (2639,'PacifiCare HMO',NULL,'5.00','8009999585','020990155',0,2445,NULL,NULL,NULL,NULL,1,NULL,NULL,NULL,NULL,NULL),
 (2640,'PacifiCare HMO',NULL,'5.00','8009999585','040081226',0,2446,NULL,NULL,NULL,NULL,1,NULL,NULL,NULL,NULL,NULL),
 (2641,'MHN',NULL,'30.00','8884260030','R04442337',0,2447,NULL,NULL,NULL,NULL,1,NULL,NULL,NULL,NULL,NULL),
 (2642,'Private Pay',NULL,'110.00',NULL,NULL,0,2448,NULL,NULL,NULL,NULL,1,NULL,NULL,NULL,NULL,NULL),
 (2643,'Medi-Cal - Alameda Cty ACCESS',NULL,'0.00',NULL,NULL,0,2449,NULL,NULL,NULL,NULL,1,NULL,NULL,NULL,NULL,NULL),
 (2644,'Medi-Cal - Alameda Cty ACCESS',NULL,'0.00',NULL,NULL,0,2450,NULL,NULL,NULL,NULL,1,NULL,NULL,NULL,NULL,NULL),
 (2645,'Medi-Cal - Alameda Cty ACCESS',NULL,'0.00',NULL,NULL,0,2451,NULL,NULL,NULL,NULL,1,NULL,NULL,NULL,NULL,NULL),
 (2646,'Medi-Cal - Alameda Cty ACCESS',NULL,'0.00',NULL,NULL,0,2452,NULL,NULL,NULL,NULL,1,NULL,NULL,NULL,NULL,NULL),
 (2647,'Medi-Cal - Alameda Cty ACCESS',NULL,'0.00',NULL,NULL,0,2453,NULL,NULL,NULL,NULL,1,NULL,NULL,NULL,NULL,NULL),
 (2648,'Private Pay','$110.00','110.00',NULL,NULL,0,2454,NULL,NULL,NULL,NULL,1,NULL,NULL,NULL,NULL,NULL),
 (2650,'Medi-Cal - Alameda Cty ACCESS',NULL,'0.00',NULL,NULL,0,2455,NULL,NULL,NULL,NULL,1,NULL,NULL,NULL,NULL,NULL),
 (2651,'Medi-Cal - Alameda Cty ACCESS',NULL,'0.00',NULL,NULL,0,2456,NULL,NULL,NULL,NULL,1,NULL,NULL,NULL,NULL,NULL),
 (2654,'PacifiCare HMO',NULL,'5.00','8009999585','052310310',6,2457,NULL,NULL,NULL,NULL,1,NULL,NULL,NULL,NULL,NULL),
 (2655,'PacifiCare HMO',NULL,'5.00','8009999585','052100224',6,2458,NULL,NULL,NULL,NULL,1,NULL,NULL,NULL,NULL,NULL),
 (2656,'Medi-Cal - Alameda Cty ACCESS',NULL,'0.00',NULL,NULL,0,2459,NULL,NULL,NULL,NULL,1,NULL,NULL,NULL,NULL,NULL),
 (2657,'Medi-Cal - Alameda Cty ACCESS',NULL,'0.00',NULL,NULL,0,2460,NULL,NULL,NULL,NULL,1,NULL,NULL,NULL,NULL,NULL),
 (2659,'Medi-Cal - Alameda Cty ACCESS',NULL,'0.00',NULL,NULL,0,2461,NULL,NULL,NULL,NULL,1,NULL,NULL,NULL,NULL,NULL),
 (2660,'Medi-Cal - Alameda Cty ACCESS',NULL,'0.00',NULL,NULL,0,2462,NULL,NULL,NULL,NULL,1,NULL,NULL,NULL,NULL,NULL),
 (2661,'Medi-Cal - Alameda Cty ACCESS',NULL,'0.00',NULL,NULL,0,2463,NULL,NULL,NULL,NULL,1,NULL,NULL,NULL,NULL,NULL),
 (2662,'Aetna','W106027829',NULL,'8004244047',NULL,0,2464,NULL,NULL,NULL,NULL,1,NULL,NULL,NULL,NULL,NULL),
 (2663,'PacifiCare HMO',NULL,'10.00','8009999585','050242019',0,2465,NULL,NULL,NULL,NULL,1,NULL,NULL,NULL,NULL,NULL),
 (2664,'PacifiCare HMO','040690647','20.00',NULL,NULL,0,2466,NULL,NULL,NULL,NULL,1,NULL,NULL,NULL,NULL,NULL),
 (2665,'PacifiCare HMO',NULL,'35.00','8009999585','052220709',10,2467,NULL,NULL,NULL,NULL,1,NULL,NULL,NULL,NULL,NULL),
 (2666,'Medi-Cal - Alameda Cty ACCESS','75107579',NULL,'8004919099',NULL,0,2468,NULL,NULL,NULL,NULL,1,NULL,NULL,NULL,NULL,NULL),
 (2667,'Medi-Cal - Alameda Cty ACCESS','75110433',NULL,'8004919099',NULL,0,2469,NULL,NULL,NULL,NULL,1,NULL,NULL,NULL,NULL,NULL),
 (2668,'PacifiCare HMO',NULL,'5.00','8009999585','050011349',16,2470,NULL,NULL,NULL,NULL,1,NULL,NULL,NULL,NULL,NULL),
 (2670,'PacifiCare HMO',NULL,'0.00','8009999585','050013403',12,2471,NULL,NULL,NULL,NULL,1,NULL,NULL,NULL,NULL,NULL),
 (2674,'Medi-Cal - Alameda Cty ACCESS','A:12376001',NULL,'8004919099',NULL,0,2472,NULL,NULL,NULL,NULL,1,NULL,NULL,NULL,NULL,NULL),
 (2675,'Medi-Cal - Alameda Cty ACCESS','75057016',NULL,'8004919099',NULL,0,2473,NULL,NULL,NULL,NULL,1,NULL,NULL,NULL,NULL,NULL),
 (2676,'PacifiCare HMO',NULL,'0.00','8009999585','040231046',12,2474,NULL,NULL,NULL,NULL,1,NULL,NULL,NULL,NULL,NULL),
 (2677,'Medi-Cal - Alameda Cty ACCESS','A:75126218',NULL,NULL,NULL,0,2475,NULL,NULL,NULL,NULL,1,NULL,NULL,NULL,NULL,NULL),
 (2678,'Medi-Cal - Alameda Cty ACCESS','75022646',NULL,'8004919099',NULL,0,2476,NULL,NULL,NULL,NULL,1,NULL,NULL,NULL,NULL,NULL),
 (2679,'Medi-Cal - Alameda Cty ACCESS','75125354',NULL,'8004919099',NULL,0,2477,NULL,NULL,NULL,NULL,1,NULL,NULL,NULL,NULL,NULL),
 (2680,'Medi-Cal - Alameda Cty ACCESS',NULL,'0.00',NULL,NULL,0,2478,NULL,NULL,NULL,NULL,1,NULL,NULL,NULL,NULL,NULL),
 (2681,'Medi-Cal - Alameda Cty ACCESS',NULL,'0.00',NULL,NULL,0,2479,NULL,NULL,NULL,NULL,1,NULL,NULL,NULL,NULL,NULL),
 (2682,'Medi-Cal - Alameda Cty ACCESS',NULL,'0.00',NULL,NULL,0,2480,NULL,NULL,NULL,NULL,1,NULL,NULL,NULL,NULL,NULL),
 (2683,'MHN',NULL,'15.00',NULL,'R01995560',0,2481,NULL,NULL,NULL,NULL,1,NULL,NULL,NULL,NULL,NULL),
 (2684,'Medi-Cal - Alameda Cty ACCESS',NULL,'0.00',NULL,NULL,0,2482,NULL,NULL,NULL,NULL,1,NULL,NULL,NULL,NULL,NULL),
 (2685,'PacifiCare HMO',NULL,'5.00','8009999585','052340735',5,2483,NULL,NULL,NULL,NULL,1,NULL,NULL,NULL,NULL,NULL),
 (2686,'PacifiCare HMO',NULL,'5.00','8009999585','051920943',6,2484,NULL,NULL,NULL,NULL,1,NULL,NULL,NULL,NULL,NULL),
 (2687,'PacifiCare HMO','4756762-02','10.00','8009999585','050610475',16,2485,NULL,NULL,NULL,NULL,1,NULL,NULL,NULL,NULL,NULL),
 (2691,'PacifiCare HMO',NULL,NULL,'8009999585',NULL,0,2486,NULL,NULL,NULL,NULL,1,NULL,NULL,NULL,NULL,NULL),
 (2692,'PacifiCare HMO',NULL,'0.00','8009999585','052340199',5,2487,NULL,NULL,NULL,NULL,1,NULL,NULL,NULL,NULL,NULL),
 (2693,'Contra Costa Access',NULL,NULL,NULL,'A261406',0,2488,NULL,NULL,NULL,NULL,1,NULL,NULL,NULL,NULL,NULL),
 (2694,'PacifiCare HMO',NULL,'20.00','8009999585','052270225',20,2489,NULL,NULL,NULL,NULL,1,NULL,NULL,NULL,NULL,NULL),
 (2695,'PacifiCare HMO',NULL,'10.00',NULL,NULL,0,2490,NULL,NULL,NULL,NULL,1,NULL,NULL,NULL,NULL,NULL),
 (2696,'PacifiCare HMO',NULL,'5.00',NULL,NULL,0,2491,NULL,NULL,NULL,NULL,1,NULL,NULL,NULL,NULL,NULL),
 (2698,'MHN',NULL,NULL,NULL,'2826818',0,2492,NULL,NULL,NULL,NULL,1,NULL,NULL,NULL,NULL,NULL),
 (2699,'MHN',NULL,NULL,NULL,NULL,0,2493,NULL,NULL,NULL,NULL,1,NULL,NULL,NULL,NULL,NULL),
 (2700,'Medi-Cal - Alameda Cty ACCESS','75078314',NULL,'8004919099',NULL,0,2494,NULL,NULL,NULL,NULL,1,NULL,NULL,NULL,NULL,NULL),
 (2701,'MHN',NULL,'15.00',NULL,'02146978',0,2495,NULL,NULL,NULL,NULL,1,NULL,NULL,NULL,NULL,NULL),
 (2702,'Private Pay',NULL,'110.00',NULL,NULL,0,2496,NULL,NULL,NULL,NULL,1,NULL,NULL,NULL,NULL,NULL),
 (2703,'Medi-Cal - Alameda Cty ACCESS',NULL,NULL,'8004919099',NULL,0,2497,NULL,NULL,NULL,NULL,1,NULL,NULL,NULL,NULL,NULL),
 (2704,'PacifiCare HMO',NULL,'20.00','8009999585','050140342',6,2498,NULL,NULL,NULL,NULL,1,NULL,NULL,NULL,NULL,NULL),
 (2705,'Medi-Cal - Alameda Cty ACCESS','75126393','0.00',NULL,NULL,0,2499,NULL,NULL,NULL,NULL,1,NULL,NULL,NULL,NULL,NULL),
 (2707,'Medi-Cal - Alameda Cty ACCESS','75126327','0.00',NULL,NULL,0,2500,NULL,NULL,NULL,NULL,1,NULL,NULL,NULL,NULL,NULL),
 (2708,'Medi-Cal - Alameda Cty ACCESS','75115607','0.00',NULL,NULL,0,2501,NULL,NULL,NULL,NULL,1,NULL,NULL,NULL,NULL,NULL),
 (2709,'PacifiCare HMO',NULL,'20.00','8009999585','052350623',20,2502,NULL,NULL,NULL,NULL,1,NULL,NULL,NULL,NULL,NULL),
 (2710,'Contra Costa Access',NULL,NULL,NULL,'A258427',0,2503,NULL,NULL,NULL,NULL,1,NULL,NULL,NULL,NULL,NULL),
 (2711,'Medi-Cal - Alameda Cty ACCESS','75069384',NULL,'8004919099',NULL,0,2504,NULL,NULL,NULL,NULL,1,NULL,NULL,NULL,NULL,NULL),
 (2712,'MHN',NULL,NULL,'8007306191','R03094382',0,2505,NULL,NULL,NULL,NULL,1,NULL,NULL,NULL,NULL,NULL),
 (2713,'Contra Costa Access',NULL,NULL,NULL,'A261536',0,2506,NULL,NULL,NULL,NULL,1,NULL,NULL,NULL,NULL,NULL),
 (2714,'PacifiCare HMO','052300126','0.00',NULL,NULL,0,2507,NULL,NULL,NULL,NULL,1,NULL,NULL,NULL,NULL,NULL),
 (2715,'Private Pay',NULL,'110.00',NULL,NULL,0,2508,NULL,NULL,NULL,NULL,1,NULL,NULL,NULL,NULL,NULL),
 (2716,'Medi-Cal - Alameda Cty ACCESS','75082139','0.00',NULL,NULL,0,2509,NULL,NULL,NULL,NULL,1,NULL,NULL,NULL,NULL,NULL),
 (2717,'Medi-Cal - Alameda Cty ACCESS','75079552','0.00',NULL,NULL,0,2510,NULL,NULL,NULL,NULL,1,NULL,NULL,NULL,NULL,NULL),
 (2718,'PacifiCare HMO','4829087-02','10.00',NULL,'043090480',0,2511,NULL,NULL,NULL,NULL,1,NULL,NULL,NULL,NULL,NULL),
 (2719,'Aetna',NULL,'25.00',NULL,NULL,0,2512,NULL,NULL,NULL,NULL,1,NULL,NULL,NULL,NULL,NULL),
 (2720,'Medi-Cal - Alameda Cty ACCESS','75090740','0.00',NULL,NULL,0,2513,NULL,NULL,NULL,NULL,1,NULL,NULL,NULL,NULL,NULL),
 (2721,'Medi-Cal - Alameda Cty ACCESS','75086833','0.00',NULL,NULL,0,2514,NULL,NULL,NULL,NULL,1,NULL,NULL,NULL,NULL,NULL),
 (2722,'PacifiCare HMO',NULL,NULL,NULL,NULL,0,2515,NULL,NULL,NULL,NULL,1,NULL,NULL,NULL,NULL,NULL),
 (2724,'PacifiCare HMO',NULL,'10.00','8009999585','052300117',4,2516,NULL,NULL,NULL,NULL,1,NULL,NULL,NULL,NULL,NULL),
 (2725,'Medi-Cal - Alameda Cty ACCESS','75096374','0.00',NULL,NULL,0,2517,NULL,NULL,NULL,NULL,1,NULL,NULL,NULL,NULL,NULL),
 (2726,'Medi-Cal - Alameda Cty ACCESS','75126441','0.00',NULL,NULL,0,2518,NULL,NULL,NULL,NULL,1,NULL,NULL,NULL,NULL,NULL),
 (2727,'Medi-Cal - Alameda Cty ACCESS','75069384','0.00',NULL,NULL,0,2519,NULL,NULL,NULL,NULL,1,NULL,NULL,NULL,NULL,NULL),
 (2728,'PacifiCare HMO',NULL,'10.00','8009999585','052280224',4,2520,NULL,NULL,NULL,NULL,1,NULL,NULL,NULL,NULL,NULL),
 (2729,'Private Pay',NULL,'110.00',NULL,NULL,0,2521,NULL,NULL,NULL,NULL,1,NULL,NULL,NULL,NULL,NULL),
 (2730,'CHIPA - MHN','RO4536502',NULL,'8003639371',NULL,0,2522,NULL,NULL,NULL,NULL,1,NULL,NULL,NULL,NULL,NULL),
 (2731,'PacifiCare HMO',NULL,'10.00','8009999585','052290499',4,2523,NULL,NULL,NULL,NULL,1,NULL,NULL,NULL,NULL,NULL),
 (2733,'Contra Costa Access',NULL,NULL,NULL,'A261370',0,2524,NULL,NULL,NULL,NULL,1,NULL,NULL,NULL,NULL,NULL),
 (2734,'Asian Community Mental Health',NULL,NULL,NULL,NULL,0,2525,NULL,NULL,NULL,NULL,1,NULL,NULL,NULL,NULL,NULL),
 (2735,'PacifiCare HMO',NULL,'30.00','8009999585','052360331',4,2526,NULL,NULL,NULL,NULL,1,NULL,NULL,NULL,NULL,NULL),
 (2736,'Private Pay',NULL,'110.00',NULL,NULL,0,2527,NULL,NULL,NULL,NULL,1,NULL,NULL,NULL,NULL,NULL),
 (2737,'PacifiCare HMO',NULL,'0.00',NULL,NULL,0,2528,NULL,NULL,NULL,NULL,1,NULL,NULL,NULL,NULL,NULL),
 (2738,'PacifiCare HMO',NULL,NULL,NULL,NULL,0,2529,NULL,NULL,NULL,NULL,1,NULL,NULL,NULL,NULL,NULL),
 (2739,'CHIPA - Magellan',NULL,NULL,NULL,NULL,0,2530,NULL,NULL,NULL,NULL,1,NULL,NULL,NULL,NULL,NULL),
 (2740,'MHN',NULL,'10.00',NULL,NULL,0,2531,NULL,NULL,NULL,NULL,1,NULL,NULL,NULL,NULL,NULL),
 (2741,'PacifiCare HMO',NULL,'25.00',NULL,NULL,0,2532,NULL,NULL,NULL,NULL,1,NULL,NULL,NULL,NULL,NULL),
 (2742,'UBH',NULL,'30.00',NULL,NULL,0,2533,NULL,NULL,NULL,NULL,1,NULL,NULL,NULL,NULL,NULL),
 (2743,'UBH','child','20.00',NULL,NULL,0,2534,NULL,NULL,NULL,NULL,1,NULL,NULL,NULL,NULL,NULL),
 (2744,'PacifiCare HMO',NULL,NULL,NULL,NULL,0,2535,NULL,NULL,NULL,NULL,1,NULL,NULL,NULL,NULL,NULL),
 (2745,'PacifiCare HMO',NULL,'0.00',NULL,NULL,0,2536,NULL,NULL,NULL,NULL,1,NULL,NULL,NULL,NULL,NULL),
 (2746,'MHN',NULL,'30.00',NULL,NULL,0,2537,NULL,NULL,NULL,NULL,1,NULL,NULL,NULL,NULL,NULL),
 (2747,'Aetna',NULL,'25.00',NULL,NULL,0,2538,NULL,NULL,NULL,NULL,1,NULL,NULL,NULL,NULL,NULL),
 (2748,'PacifiCare HMO',NULL,'0.00',NULL,NULL,0,2539,NULL,NULL,NULL,NULL,1,NULL,NULL,NULL,NULL,NULL),
 (2749,'PacifiCare HMO',NULL,'0.00',NULL,NULL,0,2540,NULL,NULL,NULL,NULL,1,NULL,NULL,NULL,NULL,NULL),
 (2750,'MHN',NULL,'20.00',NULL,NULL,0,2541,NULL,NULL,NULL,NULL,1,NULL,NULL,NULL,NULL,NULL),
 (2751,'PacifiCare HMO',NULL,'15.00',NULL,NULL,0,2542,NULL,NULL,NULL,NULL,1,NULL,NULL,NULL,NULL,NULL),
 (2752,'PacifiCare HMO',NULL,'5.00',NULL,NULL,0,2543,NULL,NULL,NULL,NULL,1,NULL,NULL,NULL,NULL,NULL),
 (2753,'PacifiCare HMO',NULL,NULL,NULL,NULL,0,2544,NULL,NULL,NULL,NULL,1,NULL,NULL,NULL,NULL,NULL),
 (2754,'PacifiCare HMO',NULL,'10.00',NULL,NULL,0,2545,NULL,NULL,NULL,NULL,1,NULL,NULL,NULL,NULL,NULL),
 (2755,'CHIPA - Magellan',NULL,'20.00',NULL,NULL,0,2546,NULL,NULL,NULL,NULL,1,NULL,NULL,NULL,NULL,NULL),
 (2756,'PacifiCare HMO',NULL,'4.00',NULL,NULL,0,2547,NULL,NULL,NULL,NULL,1,NULL,NULL,NULL,NULL,NULL),
 (2757,'Medi-Cal - Alameda Cty ACCESS',NULL,NULL,NULL,NULL,0,2548,NULL,NULL,NULL,NULL,1,NULL,NULL,NULL,NULL,NULL),
 (2758,'Medi-Cal - Alameda Cty ACCESS',NULL,NULL,NULL,NULL,0,2549,NULL,NULL,NULL,NULL,1,NULL,NULL,NULL,NULL,NULL),
 (2759,'Medi-Cal - Alameda Cty ACCESS','75049900','0.00',NULL,NULL,0,2550,NULL,NULL,NULL,NULL,1,NULL,NULL,NULL,NULL,NULL),
 (2760,'Medi-Cal - Alameda Cty ACCESS','75126434','0.00',NULL,NULL,0,2551,NULL,NULL,NULL,NULL,1,NULL,NULL,NULL,NULL,NULL),
 (2761,'Medi-Cal - Alameda Cty ACCESS','75064917','0.00',NULL,NULL,0,2552,NULL,NULL,NULL,NULL,1,NULL,NULL,NULL,NULL,NULL),
 (2762,'Medi-Cal - Alameda Cty ACCESS','75076774','0.00',NULL,NULL,0,2553,NULL,NULL,NULL,NULL,1,NULL,NULL,NULL,NULL,NULL),
 (2763,'Medi-Cal - Alameda Cty ACCESS','75126414','0.00',NULL,NULL,0,2554,NULL,NULL,NULL,NULL,1,NULL,NULL,NULL,NULL,NULL),
 (2764,'Medi-Cal - Alameda Cty ACCESS','75069846','0.00',NULL,NULL,0,2555,NULL,NULL,NULL,NULL,1,NULL,NULL,NULL,NULL,NULL),
 (2766,'Medi-Cal - Alameda Cty ACCESS','75025738','0.00',NULL,NULL,0,2556,NULL,NULL,NULL,NULL,1,NULL,NULL,NULL,NULL,NULL),
 (2768,'Medi-Cal - Alameda Cty ACCESS','75122252','0.00',NULL,NULL,0,2557,NULL,NULL,NULL,NULL,1,NULL,NULL,NULL,NULL,NULL),
 (2769,'Medi-Cal - Alameda Cty ACCESS','75087831','0.00',NULL,NULL,0,2558,NULL,NULL,NULL,NULL,1,NULL,NULL,NULL,NULL,NULL),
 (2770,'Medi-Cal - Alameda Cty ACCESS','75088029','0.00',NULL,NULL,0,2559,NULL,NULL,NULL,NULL,1,NULL,NULL,NULL,NULL,NULL),
 (2771,'USBH',NULL,'10.00',NULL,NULL,0,2560,NULL,NULL,NULL,NULL,1,NULL,NULL,NULL,NULL,NULL),
 (2772,'PacifiCare HMO',NULL,NULL,NULL,NULL,0,2561,NULL,NULL,NULL,NULL,1,NULL,NULL,NULL,NULL,NULL),
 (2773,'PacifiCare HMO',NULL,'35.00',NULL,NULL,0,2562,NULL,NULL,NULL,NULL,1,NULL,NULL,NULL,NULL,NULL),
 (2774,'Medi-Cal - Alameda Cty ACCESS',NULL,NULL,NULL,NULL,0,2563,NULL,NULL,NULL,NULL,1,NULL,NULL,NULL,NULL,NULL),
 (2777,'Medi-Cal - Alameda Cty ACCESS','75096786',NULL,NULL,NULL,0,2564,NULL,NULL,NULL,NULL,1,NULL,NULL,NULL,NULL,NULL),
 (2778,'Medi-Cal - Alameda Cty ACCESS','NOT AVAILABLE',NULL,NULL,NULL,0,2565,NULL,NULL,NULL,NULL,1,NULL,NULL,NULL,NULL,NULL),
 (2779,'Medi-Cal - Alameda Cty ACCESS','NOT AVAILABLE',NULL,NULL,NULL,0,2566,NULL,NULL,NULL,NULL,1,NULL,NULL,NULL,NULL,NULL),
 (2780,'Medi-Cal - Alameda Cty ACCESS','75109494',NULL,NULL,NULL,0,2567,NULL,NULL,NULL,NULL,1,NULL,NULL,NULL,NULL,NULL),
 (2784,'Medi-Cal - Alameda Cty ACCESS',NULL,NULL,NULL,NULL,0,2568,NULL,NULL,NULL,NULL,1,NULL,NULL,NULL,NULL,NULL),
 (2785,'Medi-Cal - Alameda Cty ACCESS','NOT AVAILABLE',NULL,NULL,NULL,0,2569,NULL,NULL,NULL,NULL,1,NULL,NULL,NULL,NULL,NULL),
 (2787,'Medi-Cal - Alameda Cty ACCESS','SF SOCIAL SERVICES',NULL,NULL,NULL,0,2570,NULL,NULL,NULL,NULL,1,NULL,NULL,NULL,NULL,NULL),
 (2788,'Medi-Cal - Alameda Cty ACCESS','NOT AVAILABLE',NULL,NULL,NULL,0,2571,NULL,NULL,NULL,NULL,1,NULL,NULL,NULL,NULL,NULL),
 (2789,'Medi-Cal - Alameda Cty ACCESS','NOT AVAILABLE',NULL,NULL,NULL,0,2572,NULL,NULL,NULL,NULL,1,NULL,NULL,NULL,NULL,NULL),
 (2793,'PacifiCare HMO',NULL,'5.00',NULL,NULL,0,2573,NULL,NULL,NULL,NULL,1,NULL,NULL,NULL,NULL,NULL),
 (2795,'Contra Costa Access',NULL,NULL,NULL,'NOT AVAILABLE',0,2574,NULL,NULL,NULL,NULL,1,NULL,NULL,NULL,NULL,NULL),
 (2798,'Medi-Cal - Alameda Cty ACCESS','NOT AVAILABLE',NULL,NULL,NULL,0,2575,NULL,NULL,NULL,NULL,1,NULL,NULL,NULL,NULL,NULL),
 (2799,'Medi-Cal - Alameda Cty ACCESS','5121901','0.00',NULL,NULL,0,2576,NULL,NULL,NULL,NULL,1,NULL,NULL,NULL,NULL,NULL),
 (2800,'Medi-Cal - Alameda Cty ACCESS','75060501','0.00',NULL,NULL,0,2577,NULL,NULL,NULL,NULL,1,NULL,NULL,NULL,NULL,NULL),
 (2801,'PacifiCare HMO',NULL,NULL,'8009999585','052340220',4,2578,NULL,NULL,NULL,NULL,1,NULL,NULL,NULL,NULL,NULL),
 (2802,'PacifiCare PPO','052209000',NULL,'8663169776',NULL,0,2579,NULL,NULL,NULL,NULL,1,NULL,NULL,NULL,NULL,NULL),
 (2806,'MHN',NULL,'10.00','8009999585','052370704',4,2580,NULL,NULL,NULL,NULL,1,NULL,NULL,NULL,NULL,NULL),
 (2807,'Medi-Cal - Alameda Cty ACCESS','75115465','0.00',NULL,NULL,0,2581,NULL,NULL,NULL,NULL,1,NULL,NULL,NULL,NULL,NULL),
 (2809,'Medi-Cal - Alameda Cty ACCESS','75073656','0.00',NULL,NULL,0,2582,NULL,NULL,NULL,NULL,1,NULL,NULL,NULL,NULL,NULL),
 (2810,'Medi-Cal - Alameda Cty ACCESS','75119302','0.00',NULL,NULL,0,2583,NULL,NULL,NULL,NULL,1,NULL,NULL,NULL,NULL,NULL),
 (2812,'Medi-Cal - Alameda Cty ACCESS','75126338','0.00',NULL,NULL,0,2584,NULL,NULL,NULL,NULL,1,NULL,NULL,NULL,NULL,NULL),
 (2813,'UBH',NULL,'40.00','8777146464','otcxxxxx6718',0,2585,NULL,NULL,NULL,NULL,1,NULL,NULL,NULL,NULL,NULL),
 (2814,'Medi-Cal - Alameda Cty ACCESS',NULL,NULL,NULL,NULL,0,2586,NULL,NULL,NULL,NULL,1,NULL,NULL,NULL,NULL,NULL),
 (2815,'Medi-Cal - Alameda Cty ACCESS',NULL,NULL,NULL,NULL,0,2587,NULL,NULL,NULL,NULL,1,NULL,NULL,NULL,NULL,NULL),
 (2816,'Medi-Cal - Alameda Cty ACCESS','75088542',NULL,NULL,NULL,0,2588,NULL,NULL,NULL,NULL,1,NULL,NULL,NULL,NULL,NULL),
 (2817,'Medi-Cal - Alameda Cty ACCESS',NULL,NULL,NULL,NULL,0,2589,NULL,NULL,NULL,NULL,1,NULL,NULL,NULL,NULL,NULL),
 (2818,'Contra Costa Access',NULL,NULL,NULL,NULL,0,2590,NULL,NULL,NULL,NULL,1,NULL,NULL,NULL,NULL,NULL),
 (2819,'Medi-Cal - Alameda Cty ACCESS',NULL,NULL,NULL,NULL,0,2591,NULL,NULL,NULL,NULL,1,NULL,NULL,NULL,NULL,NULL),
 (2820,'Medi-Cal - Alameda Cty ACCESS','75091106',NULL,NULL,NULL,0,2592,NULL,NULL,NULL,NULL,1,NULL,NULL,NULL,NULL,NULL),
 (2821,'Medi-Cal - Alameda Cty ACCESS','75116841',NULL,NULL,NULL,0,2593,NULL,NULL,NULL,NULL,1,NULL,NULL,NULL,NULL,NULL),
 (2822,'PacifiCare HMO',NULL,'20.00','8009999585','052270358',4,2594,NULL,NULL,NULL,NULL,1,NULL,NULL,NULL,NULL,NULL),
 (2823,'Medi-Cal - Alameda Cty ACCESS',NULL,NULL,NULL,NULL,0,2595,NULL,NULL,NULL,NULL,1,NULL,NULL,NULL,NULL,NULL),
 (2825,'PacifiCare HMO',NULL,'20.00','8009999585','052360617',10,2596,NULL,NULL,NULL,NULL,1,NULL,NULL,NULL,NULL,NULL),
 (2826,'Medi-Cal - Alameda Cty ACCESS','75116507',NULL,NULL,NULL,0,2597,NULL,NULL,NULL,NULL,1,NULL,NULL,NULL,NULL,NULL),
 (2827,'Medi-Cal - Alameda Cty ACCESS','75116507',NULL,NULL,NULL,0,2598,NULL,NULL,NULL,NULL,1,NULL,NULL,NULL,NULL,NULL),
 (2828,'Contra Costa Access',NULL,NULL,NULL,'A25723',0,2599,NULL,NULL,NULL,NULL,1,NULL,NULL,NULL,NULL,NULL),
 (2829,'Medi-Cal - Alameda Cty ACCESS','75069731',NULL,NULL,NULL,0,2600,NULL,NULL,NULL,NULL,1,NULL,NULL,NULL,NULL,NULL),
 (2830,'Contra Costa Access',NULL,NULL,NULL,'A261984',0,2601,NULL,NULL,NULL,NULL,1,NULL,NULL,NULL,NULL,NULL),
 (2831,'Private Pay',NULL,'110.00',NULL,NULL,0,2602,NULL,NULL,NULL,NULL,1,NULL,NULL,NULL,NULL,NULL),
 (2833,'Medi-Cal - Alameda Cty ACCESS','14811401',NULL,NULL,NULL,0,2603,NULL,NULL,NULL,NULL,1,NULL,NULL,NULL,NULL,NULL),
 (2836,'Medi-Cal - Alameda Cty ACCESS','NOT AVAILABLE',NULL,NULL,NULL,0,2604,NULL,NULL,NULL,NULL,1,NULL,NULL,NULL,NULL,NULL),
 (2837,'Medi-Cal - Alameda Cty ACCESS','75103447',NULL,NULL,NULL,0,2605,NULL,NULL,NULL,NULL,1,NULL,NULL,NULL,NULL,NULL),
 (2839,'Medi-Cal - Alameda Cty ACCESS','75099244',NULL,NULL,NULL,0,2606,NULL,NULL,NULL,NULL,1,NULL,NULL,NULL,NULL,NULL),
 (2840,'Medi-Cal - Alameda Cty ACCESS','NOT AVAILABLE',NULL,NULL,NULL,0,2607,NULL,NULL,NULL,NULL,1,NULL,NULL,NULL,NULL,NULL),
 (2841,'Medi-Cal - Alameda Cty ACCESS','75100908',NULL,NULL,NULL,0,2608,NULL,NULL,NULL,NULL,1,NULL,NULL,NULL,NULL,NULL),
 (2842,'Medi-Cal - Alameda Cty ACCESS','37393601',NULL,NULL,NULL,0,2609,NULL,NULL,NULL,NULL,1,NULL,NULL,NULL,NULL,NULL),
 (2843,'Medi-Cal - Alameda Cty ACCESS','NOT AVAILABLE',NULL,NULL,NULL,0,2610,NULL,NULL,NULL,NULL,1,NULL,NULL,NULL,NULL,NULL),
 (2846,'Medi-Cal - Alameda Cty ACCESS','NOT AVAILABLE',NULL,NULL,NULL,0,2611,NULL,NULL,NULL,NULL,1,NULL,NULL,NULL,NULL,NULL),
 (2847,'Medi-Cal - Alameda Cty ACCESS','75079752',NULL,NULL,NULL,0,2612,NULL,NULL,NULL,NULL,1,NULL,NULL,NULL,NULL,NULL),
 (2848,'Medi-Cal - Alameda Cty ACCESS','NOT AVAILABLE',NULL,NULL,NULL,0,2613,NULL,NULL,NULL,NULL,1,NULL,NULL,NULL,NULL,NULL),
 (2850,'Medi-Cal - Alameda Cty ACCESS','75000422',NULL,NULL,NULL,0,2614,NULL,NULL,NULL,NULL,1,NULL,NULL,NULL,NULL,NULL),
 (2855,'Medi-Cal - Alameda Cty ACCESS','075064928',NULL,NULL,NULL,0,2615,NULL,NULL,NULL,NULL,1,NULL,NULL,NULL,NULL,NULL),
 (2856,'Medi-Cal - Alameda Cty ACCESS','NOT AVAILABLE',NULL,NULL,NULL,0,2616,NULL,NULL,NULL,NULL,1,NULL,NULL,NULL,NULL,NULL),
 (2858,'Medi-Cal - Alameda Cty ACCESS','75099709',NULL,NULL,NULL,0,2617,NULL,NULL,NULL,NULL,1,NULL,NULL,NULL,NULL,NULL),
 (2859,'Medi-Cal - Alameda Cty ACCESS','NOT AVAILABLE',NULL,NULL,NULL,0,2618,NULL,NULL,NULL,NULL,1,NULL,NULL,NULL,NULL,NULL),
 (2861,'Medi-Cal - Alameda Cty ACCESS','75079209',NULL,NULL,NULL,0,2619,NULL,NULL,NULL,NULL,1,NULL,NULL,NULL,NULL,NULL),
 (2862,'Medi-Cal - Alameda Cty ACCESS','075068135',NULL,NULL,NULL,0,2620,NULL,NULL,NULL,NULL,1,NULL,NULL,NULL,NULL,NULL),
 (2863,'Medi-Cal - Alameda Cty ACCESS','75122789',NULL,NULL,NULL,0,2621,NULL,NULL,NULL,NULL,1,NULL,NULL,NULL,NULL,NULL),
 (2864,'Medi-Cal - Alameda Cty ACCESS','NOT AVAILABLE',NULL,NULL,NULL,0,2622,NULL,NULL,NULL,NULL,1,NULL,NULL,NULL,NULL,NULL),
 (2865,'Medi-Cal - Alameda Cty ACCESS','75100976',NULL,NULL,NULL,0,2623,NULL,NULL,NULL,NULL,1,NULL,NULL,NULL,NULL,NULL),
 (2866,'Medi-Cal - Alameda Cty ACCESS','NOT AVAILABLE',NULL,NULL,NULL,0,2624,NULL,NULL,NULL,NULL,1,NULL,NULL,NULL,NULL,NULL),
 (2868,'Medi-Cal - Alameda Cty ACCESS','SOCIAL SERVICES',NULL,NULL,NULL,0,2625,NULL,NULL,NULL,NULL,1,NULL,NULL,NULL,NULL,NULL),
 (2870,'Medi-Cal - Alameda Cty ACCESS','NOT AVAILABLE',NULL,NULL,NULL,0,2626,NULL,NULL,NULL,NULL,1,NULL,NULL,NULL,NULL,NULL),
 (2871,'Medi-Cal - Alameda Cty ACCESS','75101417',NULL,NULL,NULL,0,2627,NULL,NULL,NULL,NULL,1,NULL,NULL,NULL,NULL,NULL),
 (2874,'PacifiCare HMO',NULL,'5.00',NULL,NULL,0,2628,NULL,NULL,NULL,NULL,1,NULL,NULL,NULL,NULL,NULL),
 (2875,'Medi-Cal - Alameda Cty ACCESS','NOT AVAILABLE',NULL,NULL,NULL,0,2629,NULL,NULL,NULL,NULL,1,NULL,NULL,NULL,NULL,NULL),
 (2876,'Medi-Cal - Alameda Cty ACCESS','NOT AVAILABLE',NULL,NULL,NULL,0,2630,NULL,NULL,NULL,NULL,1,NULL,NULL,NULL,NULL,NULL),
 (2877,'Medi-Cal - Alameda Cty ACCESS','NOT AVAILABLE',NULL,NULL,NULL,0,2631,NULL,NULL,NULL,NULL,1,NULL,NULL,NULL,NULL,NULL),
 (2878,'Medi-Cal - Alameda Cty ACCESS','NOT AVAILABLE',NULL,NULL,NULL,0,2632,NULL,NULL,NULL,NULL,1,NULL,NULL,NULL,NULL,NULL),
 (2880,'Medi-Cal - Alameda Cty ACCESS','NOT AVAILABLE',NULL,NULL,NULL,0,2633,NULL,NULL,NULL,NULL,1,NULL,NULL,NULL,NULL,NULL),
 (2881,'Medi-Cal - Alameda Cty ACCESS','75097463',NULL,NULL,NULL,0,2634,NULL,NULL,NULL,NULL,1,NULL,NULL,NULL,NULL,NULL),
 (2883,'Medi-Cal - Alameda Cty ACCESS','NOT AVAILABLE',NULL,NULL,NULL,0,2635,NULL,NULL,NULL,NULL,1,NULL,NULL,NULL,NULL,NULL),
 (2884,'Medi-Cal - Alameda Cty ACCESS','75052411',NULL,NULL,NULL,0,2636,NULL,NULL,NULL,NULL,1,NULL,NULL,NULL,NULL,NULL),
 (2885,'PacifiCare HMO',NULL,'0.00','8009999585','052410802',0,2637,NULL,NULL,NULL,NULL,1,NULL,NULL,NULL,NULL,NULL),
 (2886,'Medi-Cal - Alameda Cty ACCESS','75103189',NULL,NULL,NULL,0,2638,NULL,NULL,NULL,NULL,1,NULL,NULL,NULL,NULL,NULL),
 (2887,'PacifiCare HMO',NULL,'5.00',NULL,NULL,0,2639,NULL,NULL,NULL,NULL,1,NULL,NULL,NULL,NULL,NULL),
 (2888,'MHN',NULL,NULL,'8006417766','R01956066',0,2640,NULL,NULL,NULL,NULL,1,NULL,NULL,NULL,NULL,NULL),
 (2889,'PacifiCare HMO',NULL,NULL,NULL,NULL,0,2641,NULL,NULL,NULL,NULL,1,NULL,NULL,NULL,NULL,NULL),
 (2890,'Medi-Cal - Alameda Cty ACCESS','75101866',NULL,NULL,NULL,0,2642,NULL,NULL,NULL,NULL,1,NULL,NULL,NULL,NULL,NULL),
 (2891,'Medi-Cal - Alameda Cty ACCESS','75041855',NULL,NULL,NULL,0,2643,NULL,NULL,NULL,NULL,1,NULL,NULL,NULL,NULL,NULL),
 (2892,'Medi-Cal - Alameda Cty ACCESS','75125808','0.00',NULL,NULL,0,2644,NULL,NULL,NULL,NULL,1,NULL,NULL,NULL,NULL,NULL),
 (2893,'Medi-Cal - Alameda Cty ACCESS','75108177','0.00',NULL,NULL,0,2645,NULL,NULL,NULL,NULL,1,NULL,NULL,NULL,NULL,NULL),
 (2895,'Medi-Cal - Alameda Cty ACCESS','75125190','0.00',NULL,NULL,0,2646,NULL,NULL,NULL,NULL,1,NULL,NULL,NULL,NULL,NULL),
 (2896,'Medi-Cal - Alameda Cty ACCESS',NULL,NULL,NULL,NULL,0,2647,NULL,NULL,NULL,NULL,1,NULL,NULL,NULL,NULL,NULL),
 (2897,'Medi-Cal - Alameda Cty ACCESS','75049691','0.00',NULL,NULL,0,2648,NULL,NULL,NULL,NULL,1,NULL,NULL,NULL,NULL,NULL),
 (2898,'Medi-Cal - Alameda Cty ACCESS',NULL,NULL,NULL,NULL,0,2649,NULL,NULL,NULL,NULL,1,NULL,NULL,NULL,NULL,NULL),
 (2899,'Medi-Cal - Alameda Cty ACCESS','75126539','0.00',NULL,NULL,0,2650,NULL,NULL,NULL,NULL,1,NULL,NULL,NULL,NULL,NULL),
 (2900,'Medi-Cal - Alameda Cty ACCESS',NULL,NULL,NULL,NULL,0,2651,NULL,NULL,NULL,NULL,1,NULL,NULL,NULL,NULL,NULL),
 (2901,'Medi-Cal - Alameda Cty ACCESS','75060897',NULL,NULL,NULL,0,2652,NULL,NULL,NULL,NULL,1,NULL,NULL,NULL,NULL,NULL),
 (2903,'PacifiCare HMO',NULL,'5.00','8009999585','050240746',4,2653,NULL,NULL,NULL,NULL,1,NULL,NULL,NULL,NULL,NULL),
 (2905,'PacifiCare HMO',NULL,'5.00',NULL,NULL,0,2654,NULL,NULL,NULL,NULL,1,NULL,NULL,NULL,NULL,NULL),
 (2906,'Medi-Cal - Alameda Cty ACCESS',NULL,NULL,NULL,NULL,0,2655,NULL,NULL,NULL,NULL,1,NULL,NULL,NULL,NULL,NULL),
 (2907,'Medi-Cal - Alameda Cty ACCESS','75083290',NULL,NULL,NULL,0,2656,NULL,NULL,NULL,NULL,1,NULL,NULL,NULL,NULL,NULL),
 (2908,'Medi-Cal - Alameda Cty ACCESS','7507334',NULL,NULL,NULL,0,2657,NULL,NULL,NULL,NULL,1,NULL,NULL,NULL,NULL,NULL),
 (2909,'Medi-Cal - Alameda Cty ACCESS',NULL,NULL,NULL,NULL,0,2658,NULL,NULL,NULL,NULL,1,NULL,NULL,NULL,NULL,NULL),
 (2910,'Medi-Cal - Alameda Cty ACCESS','75093258',NULL,NULL,NULL,0,2659,NULL,NULL,NULL,NULL,1,NULL,NULL,NULL,NULL,NULL),
 (2911,'Medi-Cal - Alameda Cty ACCESS','75103682',NULL,NULL,NULL,0,2660,NULL,NULL,NULL,NULL,1,NULL,NULL,NULL,NULL,NULL),
 (2912,'Medi-Cal - Alameda Cty ACCESS',NULL,NULL,NULL,NULL,0,2661,NULL,NULL,NULL,NULL,1,NULL,NULL,NULL,NULL,NULL),
 (2913,'Medi-Cal - Alameda Cty ACCESS','75099593',NULL,NULL,NULL,0,2662,NULL,NULL,NULL,NULL,1,NULL,NULL,NULL,NULL,NULL),
 (2914,'MHN','01856512','5.00',NULL,NULL,0,2663,NULL,NULL,NULL,NULL,1,NULL,NULL,NULL,NULL,NULL),
 (2915,'Medi-Cal - Alameda Cty ACCESS',NULL,NULL,NULL,NULL,0,2664,NULL,NULL,NULL,NULL,1,NULL,NULL,NULL,NULL,NULL),
 (2916,'Medi-Cal - Alameda Cty ACCESS','75072873',NULL,NULL,NULL,0,2665,NULL,NULL,NULL,NULL,1,NULL,NULL,NULL,NULL,NULL),
 (2917,'Medi-Cal - Alameda Cty ACCESS','75108148',NULL,NULL,NULL,0,2666,NULL,NULL,NULL,NULL,1,NULL,NULL,NULL,NULL,NULL),
 (2918,'Medi-Cal - Alameda Cty ACCESS',NULL,NULL,NULL,NULL,0,2667,NULL,NULL,NULL,NULL,1,NULL,NULL,NULL,NULL,NULL),
 (2919,'Medi-Cal - Alameda Cty ACCESS','75095320',NULL,NULL,NULL,0,2668,NULL,NULL,NULL,NULL,1,NULL,NULL,NULL,NULL,NULL),
 (2920,'Medi-Cal - Alameda Cty ACCESS','75104460',NULL,NULL,NULL,0,2669,NULL,NULL,NULL,NULL,1,NULL,NULL,NULL,NULL,NULL),
 (2921,'Medi-Cal - Alameda Cty ACCESS',NULL,NULL,NULL,NULL,0,2670,NULL,NULL,NULL,NULL,1,NULL,NULL,NULL,NULL,NULL),
 (2922,'Medi-Cal - Alameda Cty ACCESS','61104601',NULL,NULL,NULL,0,2671,NULL,NULL,NULL,NULL,1,NULL,NULL,NULL,NULL,NULL),
 (2923,'PacifiCare HMO',NULL,'10.00','8009999585','052410000',0,2672,NULL,NULL,NULL,NULL,1,NULL,NULL,NULL,NULL,NULL),
 (2924,'PacifiCare HMO',NULL,'20.00','8009999585','052130980',6,2673,NULL,NULL,NULL,NULL,1,NULL,NULL,NULL,NULL,NULL),
 (2925,'Medi-Cal - Alameda Cty ACCESS','75075541',NULL,NULL,NULL,0,2674,NULL,NULL,NULL,NULL,1,NULL,NULL,NULL,NULL,NULL),
 (2926,'Medi-Cal - Alameda Cty ACCESS',NULL,NULL,NULL,NULL,0,2675,NULL,NULL,NULL,NULL,1,NULL,NULL,NULL,NULL,NULL),
 (2927,'Medi-Cal - Alameda Cty ACCESS',NULL,NULL,NULL,NULL,0,2676,NULL,NULL,NULL,NULL,1,NULL,NULL,NULL,NULL,NULL),
 (2928,'Medi-Cal - Alameda Cty ACCESS',NULL,NULL,NULL,NULL,0,2677,NULL,NULL,NULL,NULL,1,NULL,NULL,NULL,NULL,NULL),
 (2929,'Medi-Cal - Alameda Cty ACCESS',NULL,NULL,NULL,NULL,0,2678,NULL,NULL,NULL,NULL,1,NULL,NULL,NULL,NULL,NULL),
 (2930,'Medi-Cal - Alameda Cty ACCESS',NULL,NULL,NULL,NULL,0,2679,NULL,NULL,NULL,NULL,1,NULL,NULL,NULL,NULL,NULL),
 (2931,'Aetna','Group# 800204',NULL,'8887729682',NULL,0,2680,NULL,NULL,NULL,NULL,1,NULL,NULL,NULL,NULL,NULL),
 (2932,'Medi-Cal - Alameda Cty ACCESS',NULL,NULL,NULL,NULL,0,2681,NULL,NULL,NULL,NULL,1,NULL,NULL,NULL,NULL,NULL),
 (2933,'Medi-Cal - Alameda Cty ACCESS',NULL,NULL,NULL,NULL,0,2682,NULL,NULL,NULL,NULL,1,NULL,NULL,NULL,NULL,NULL),
 (2934,'Medi-Cal - Alameda Cty ACCESS','A230867',NULL,NULL,NULL,0,2683,NULL,NULL,NULL,NULL,1,NULL,NULL,NULL,NULL,NULL),
 (2936,'Medi-Cal - Alameda Cty ACCESS','A230865',NULL,NULL,NULL,0,2684,NULL,NULL,NULL,NULL,1,NULL,NULL,NULL,NULL,NULL),
 (2937,'Medi-Cal - Alameda Cty ACCESS','75102721','0.00',NULL,NULL,0,2685,NULL,NULL,NULL,NULL,1,NULL,NULL,NULL,NULL,NULL),
 (2938,'Medi-Cal - Alameda Cty ACCESS','75117877',NULL,NULL,NULL,0,2686,NULL,NULL,NULL,NULL,1,NULL,NULL,NULL,NULL,NULL),
 (2939,'Medi-Cal - Alameda Cty ACCESS','75093588','0.00',NULL,NULL,0,2687,NULL,NULL,NULL,NULL,1,NULL,NULL,NULL,NULL,NULL),
 (2940,'Medi-Cal - Alameda Cty ACCESS','75117877',NULL,NULL,NULL,0,2688,NULL,NULL,NULL,NULL,1,NULL,NULL,NULL,NULL,NULL),
 (2941,'Medi-Cal - Alameda Cty ACCESS','75051160','0.00',NULL,NULL,0,2689,NULL,NULL,NULL,NULL,1,NULL,NULL,NULL,NULL,NULL),
 (2942,'Medi-Cal - Alameda Cty ACCESS',NULL,NULL,NULL,NULL,0,2690,NULL,NULL,NULL,NULL,1,NULL,NULL,NULL,NULL,NULL),
 (2943,'Medi-Cal - Alameda Cty ACCESS',NULL,NULL,NULL,NULL,0,2691,NULL,NULL,NULL,NULL,1,NULL,NULL,NULL,NULL,NULL),
 (2944,'Medi-Cal - Alameda Cty ACCESS','75126603','0.00',NULL,NULL,0,2692,NULL,NULL,NULL,NULL,1,NULL,NULL,NULL,NULL,NULL),
 (2945,'Medi-Cal - Alameda Cty ACCESS','75021270','0.00',NULL,NULL,0,2693,NULL,NULL,NULL,NULL,1,NULL,NULL,NULL,NULL,NULL),
 (2946,'Contra Costa Access',NULL,NULL,NULL,'A262135',0,2694,NULL,NULL,NULL,NULL,1,NULL,NULL,NULL,NULL,NULL),
 (2947,'Medi-Cal - Alameda Cty ACCESS','75126650','0.00',NULL,NULL,0,2695,NULL,NULL,NULL,NULL,1,NULL,NULL,NULL,NULL,NULL),
 (2948,'Medi-Cal - Alameda Cty ACCESS',NULL,NULL,NULL,NULL,0,2696,NULL,NULL,NULL,NULL,1,NULL,NULL,NULL,NULL,NULL),
 (2949,'Medi-Cal - Alameda Cty ACCESS','75116484','0.00',NULL,NULL,0,2697,NULL,NULL,NULL,NULL,1,NULL,NULL,NULL,NULL,NULL),
 (2950,'PacifiCare HMO',NULL,'5.00','8009999585','051330395',4,2698,NULL,NULL,NULL,NULL,1,NULL,NULL,NULL,NULL,NULL),
 (2951,'PacifiCare HMO',NULL,'5.00','8009999585','052240157',4,2699,NULL,NULL,NULL,NULL,1,NULL,NULL,NULL,NULL,NULL),
 (2952,'PacifiCare HMO',NULL,'20.00','8009999585','052410846',4,2700,NULL,NULL,NULL,NULL,1,NULL,NULL,NULL,NULL,NULL),
 (2953,'PacifiCare HMO',NULL,'4.00','8009999585','052430431',4,2701,NULL,NULL,NULL,NULL,1,NULL,NULL,NULL,NULL,NULL),
 (2954,'Medi-Cal - Alameda Cty ACCESS',NULL,NULL,NULL,NULL,0,2702,NULL,NULL,NULL,NULL,1,NULL,NULL,NULL,NULL,NULL),
 (2955,'Contra Costa Access',NULL,NULL,NULL,'A262327',0,2703,NULL,NULL,NULL,NULL,1,NULL,NULL,NULL,NULL,NULL),
 (2956,'Medi-Cal - Alameda Cty ACCESS',NULL,NULL,NULL,NULL,0,2704,NULL,NULL,NULL,NULL,1,NULL,NULL,NULL,NULL,NULL),
 (2957,'Medi-Cal - Alameda Cty ACCESS','75118507',NULL,NULL,NULL,0,2705,NULL,NULL,NULL,NULL,1,NULL,NULL,NULL,NULL,NULL),
 (2958,'Medi-Cal - Alameda Cty ACCESS',NULL,NULL,NULL,NULL,0,2706,NULL,NULL,NULL,NULL,1,NULL,NULL,NULL,NULL,NULL),
 (2959,'PacifiCare HMO',NULL,'20.00','8009999585','052430634',5,2707,NULL,NULL,NULL,NULL,1,NULL,NULL,NULL,NULL,NULL),
 (2960,'CHIPA - MHN',NULL,'25.00',NULL,'1166367-01-03',0,2708,NULL,NULL,NULL,NULL,1,NULL,NULL,NULL,NULL,NULL),
 (2961,'Medi-Cal - Alameda Cty ACCESS',NULL,NULL,NULL,NULL,0,2709,NULL,NULL,NULL,NULL,1,NULL,NULL,NULL,NULL,NULL),
 (2962,'Medi-Cal - Alameda Cty ACCESS',NULL,NULL,NULL,NULL,0,2710,NULL,NULL,NULL,NULL,1,NULL,NULL,NULL,NULL,NULL),
 (2963,'MHN',NULL,NULL,NULL,NULL,0,2711,NULL,NULL,NULL,NULL,1,NULL,NULL,NULL,NULL,NULL),
 (2964,'Medi-Cal - Alameda Cty ACCESS',NULL,NULL,NULL,NULL,0,2712,NULL,NULL,NULL,NULL,1,NULL,NULL,NULL,NULL,NULL),
 (2967,'Medi-Cal - Alameda Cty ACCESS','NOT AVAILABLE',NULL,NULL,NULL,0,2713,NULL,NULL,NULL,NULL,1,NULL,NULL,NULL,NULL,NULL),
 (2968,'Medi-Cal - Alameda Cty ACCESS','13080701',NULL,NULL,NULL,0,2714,NULL,NULL,NULL,NULL,1,NULL,NULL,NULL,NULL,NULL),
 (2969,'Medi-Cal - Alameda Cty ACCESS','75106322',NULL,NULL,NULL,0,2715,NULL,NULL,NULL,NULL,1,NULL,NULL,NULL,NULL,NULL),
 (2972,'Medi-Cal - Alameda Cty ACCESS','NOT AVAILABLE',NULL,NULL,NULL,0,2716,NULL,NULL,NULL,NULL,1,NULL,NULL,NULL,NULL,NULL),
 (2973,'Medi-Cal - Alameda Cty ACCESS','NOT AVAILABLE',NULL,NULL,NULL,0,2717,NULL,NULL,NULL,NULL,1,NULL,NULL,NULL,NULL,NULL),
 (2974,'Medi-Cal - Alameda Cty ACCESS','NOT AVAILABLE',NULL,NULL,NULL,0,2718,NULL,NULL,NULL,NULL,1,NULL,NULL,NULL,NULL,NULL),
 (2977,'Medi-Cal - Alameda Cty ACCESS','INSURANCE UNKNOWN',NULL,NULL,NULL,0,2719,NULL,NULL,NULL,NULL,1,NULL,NULL,NULL,NULL,NULL),
 (2978,'Medi-Cal - Alameda Cty ACCESS','NOT AVAILABLE',NULL,NULL,NULL,0,2720,NULL,NULL,NULL,NULL,1,NULL,NULL,NULL,NULL,NULL),
 (2980,'Medi-Cal - Alameda Cty ACCESS','NOT AVAILABLE',NULL,NULL,NULL,0,2721,NULL,NULL,NULL,NULL,1,NULL,NULL,NULL,NULL,NULL),
 (2982,'Medi-Cal - Alameda Cty ACCESS','75073129',NULL,NULL,NULL,0,2722,NULL,NULL,NULL,NULL,1,NULL,NULL,NULL,NULL,NULL),
 (2988,'Medi-Cal - Alameda Cty ACCESS','NOT AVAILABLE',NULL,NULL,NULL,0,2723,NULL,NULL,NULL,NULL,1,NULL,NULL,NULL,NULL,NULL),
 (2989,'Medi-Cal - Alameda Cty ACCESS','59751801',NULL,NULL,NULL,0,2724,NULL,NULL,NULL,NULL,1,NULL,NULL,NULL,NULL,NULL),
 (2992,'Medi-Cal - Alameda Cty ACCESS','INSURANCE UNKNOWN',NULL,NULL,NULL,0,2725,NULL,NULL,NULL,NULL,1,NULL,NULL,NULL,NULL,NULL),
 (2993,'Medi-Cal - Alameda Cty ACCESS','INSURANCE UNKNOWN',NULL,NULL,NULL,0,2726,NULL,NULL,NULL,NULL,1,NULL,NULL,NULL,NULL,NULL),
 (2995,'Medi-Cal - Alameda Cty ACCESS','INSURANCE UNKNOWN',NULL,NULL,NULL,0,2727,NULL,NULL,NULL,NULL,1,NULL,NULL,NULL,NULL,NULL),
 (2996,'Medi-Cal - Alameda Cty ACCESS','INSURANCE UNKNOWN',NULL,NULL,NULL,0,2728,NULL,NULL,NULL,NULL,1,NULL,NULL,NULL,NULL,NULL),
 (2997,'Medi-Cal - Alameda Cty ACCESS','NOT AVAILABLE',NULL,NULL,NULL,0,2729,NULL,NULL,NULL,NULL,1,NULL,NULL,NULL,NULL,NULL),
 (2998,'Medi-Cal - Alameda Cty ACCESS','NOT AVAILABLE',NULL,NULL,NULL,0,2730,NULL,NULL,NULL,NULL,1,NULL,NULL,NULL,NULL,NULL),
 (2999,'PacifiCare HMO',NULL,'15.00',NULL,NULL,0,2731,NULL,NULL,NULL,NULL,1,NULL,NULL,NULL,NULL,NULL),
 (3000,'Medi-Cal - Alameda Cty ACCESS','75094173',NULL,NULL,NULL,0,2732,NULL,NULL,NULL,NULL,1,NULL,NULL,NULL,NULL,NULL),
 (3001,'Medi-Cal - Alameda Cty ACCESS','75097776',NULL,NULL,NULL,0,2733,NULL,NULL,NULL,NULL,1,NULL,NULL,NULL,NULL,NULL),
 (3002,'PacifiCare PPO','PRUDENTIAL INSURANCE COMPANY','5.00',NULL,NULL,0,2734,NULL,NULL,NULL,NULL,1,NULL,NULL,NULL,NULL,NULL),
 (3003,'Medi-Cal - Alameda Cty ACCESS','NOT AVAILABLE',NULL,NULL,NULL,0,2735,NULL,NULL,NULL,NULL,1,NULL,NULL,NULL,NULL,NULL),
 (3004,'Medi-Cal - Alameda Cty ACCESS','75098383',NULL,NULL,NULL,0,2736,NULL,NULL,NULL,NULL,1,NULL,NULL,NULL,NULL,NULL),
 (3005,'Medi-Cal - Alameda Cty ACCESS','64159701',NULL,NULL,NULL,0,2737,NULL,NULL,NULL,NULL,1,NULL,NULL,NULL,NULL,NULL),
 (3006,'Medi-Cal - Alameda Cty ACCESS','NOT AVAILABLE',NULL,NULL,NULL,0,2738,NULL,NULL,NULL,NULL,1,NULL,NULL,NULL,NULL,NULL),
 (3007,'PacifiCare HMO',NULL,'5.00',NULL,NULL,0,2739,NULL,NULL,NULL,NULL,1,NULL,NULL,NULL,NULL,NULL),
 (3008,'Medi-Cal - Alameda Cty ACCESS','NOT AVAILABLE',NULL,NULL,NULL,0,2740,NULL,NULL,NULL,NULL,1,NULL,NULL,NULL,NULL,NULL),
 (3009,'Medi-Cal - Alameda Cty ACCESS','NOT AVAILABLE',NULL,NULL,NULL,0,2741,NULL,NULL,NULL,NULL,1,NULL,NULL,NULL,NULL,NULL),
 (3011,'Medi-Cal - Alameda Cty ACCESS','75079261',NULL,NULL,NULL,0,2742,NULL,NULL,NULL,NULL,1,NULL,NULL,NULL,NULL,NULL),
 (3013,'Medi-Cal - Alameda Cty ACCESS',NULL,NULL,NULL,NULL,0,2743,NULL,NULL,NULL,NULL,1,NULL,NULL,NULL,NULL,NULL),
 (3015,'Medi-Cal - Alameda Cty ACCESS','068386201',NULL,NULL,NULL,0,2744,NULL,NULL,NULL,NULL,1,NULL,NULL,NULL,NULL,NULL),
 (3016,'Medi-Cal - Alameda Cty ACCESS',NULL,NULL,NULL,NULL,0,2745,NULL,NULL,NULL,NULL,1,NULL,NULL,NULL,NULL,NULL),
 (3017,'Medi-Cal - Alameda Cty ACCESS',NULL,NULL,NULL,NULL,0,2746,NULL,NULL,NULL,NULL,1,NULL,NULL,NULL,NULL,NULL),
 (3018,'Medi-Cal - Alameda Cty ACCESS',NULL,NULL,NULL,NULL,0,2747,NULL,NULL,NULL,NULL,1,NULL,NULL,NULL,NULL,NULL),
 (3019,'Medi-Cal - Alameda Cty ACCESS',NULL,NULL,NULL,NULL,0,2748,NULL,NULL,NULL,NULL,1,NULL,NULL,NULL,NULL,NULL),
 (3020,'Medi-Cal - Alameda Cty ACCESS',NULL,NULL,NULL,NULL,0,2749,NULL,NULL,NULL,NULL,1,NULL,NULL,NULL,NULL,NULL),
 (3021,'Medi-Cal - Alameda Cty ACCESS','75126675','0.00',NULL,NULL,0,2750,NULL,NULL,NULL,NULL,1,NULL,NULL,NULL,NULL,NULL),
 (3022,'Medi-Cal - Alameda Cty ACCESS','75029327','0.00',NULL,NULL,0,2751,NULL,NULL,NULL,NULL,1,NULL,NULL,NULL,NULL,NULL),
 (3023,'Medi-Cal - Alameda Cty ACCESS','75083769','0.00',NULL,NULL,0,2752,NULL,NULL,NULL,NULL,1,NULL,NULL,NULL,NULL,NULL);
INSERT INTO `insurance` (`referralId`,`insuranceCompany`,`memberId`,`copay`,`phoneNumber`,`authNumForMD`,`numAuthVisitForMD`,`insuranceId`,`copayParity`,`numAuthVisitForMA`,`medicalId`,`medicalIssueDate`,`isLast`,`authNumForMA`,`referralDate`,`eligEffDate`,`eligTermDate`,`notes`) VALUES 
 (3024,'Medi-Cal - Alameda Cty ACCESS','75029141','0.00',NULL,NULL,0,2753,NULL,NULL,NULL,NULL,1,NULL,NULL,NULL,NULL,NULL),
 (3099,'Medi-Cal - Alameda Cty ACCESS','75124935',NULL,NULL,NULL,0,2754,NULL,NULL,NULL,NULL,1,NULL,NULL,NULL,NULL,NULL),
 (3026,'Medi-Cal - Alameda Cty ACCESS',NULL,NULL,NULL,NULL,0,2755,NULL,NULL,NULL,NULL,1,NULL,NULL,NULL,NULL,NULL),
 (3027,'PacifiCare HMO',NULL,'15.00','8009999585','052440300',4,2756,NULL,NULL,NULL,NULL,1,NULL,NULL,NULL,NULL,NULL),
 (3028,'Medi-Cal - Alameda Cty ACCESS','75098230',NULL,NULL,NULL,0,2757,NULL,NULL,NULL,NULL,1,NULL,NULL,NULL,NULL,NULL),
 (3029,'Medi-Cal - Alameda Cty ACCESS','75109271','0.00',NULL,NULL,0,2758,NULL,NULL,NULL,NULL,1,NULL,NULL,NULL,NULL,NULL),
 (3030,'PacifiCare HMO',NULL,'10.00','8009999585','052430380',4,2759,NULL,NULL,NULL,NULL,1,NULL,NULL,NULL,NULL,NULL),
 (3031,'Medi-Cal - Alameda Cty ACCESS',NULL,NULL,NULL,NULL,0,2760,NULL,NULL,NULL,NULL,1,NULL,NULL,NULL,NULL,NULL),
 (3032,'Medi-Cal - Alameda Cty ACCESS',NULL,NULL,NULL,NULL,0,2761,NULL,NULL,NULL,NULL,1,NULL,NULL,NULL,NULL,NULL),
 (3033,'Medi-Cal - Alameda Cty ACCESS','75126687','0.00',NULL,NULL,0,2762,NULL,NULL,NULL,NULL,1,NULL,NULL,NULL,NULL,NULL),
 (3034,'Medi-Cal - Alameda Cty ACCESS','75124897','0.00',NULL,NULL,0,2763,NULL,NULL,NULL,NULL,1,NULL,NULL,NULL,NULL,NULL),
 (3035,'Medi-Cal - Alameda Cty ACCESS','75126608','0.00',NULL,NULL,0,2764,NULL,NULL,NULL,NULL,1,NULL,NULL,NULL,NULL,NULL),
 (3036,'Medi-Cal - Alameda Cty ACCESS',NULL,NULL,NULL,NULL,0,2765,NULL,NULL,NULL,NULL,1,NULL,NULL,NULL,NULL,NULL),
 (3037,'Medi-Cal - Alameda Cty ACCESS','75122700','0.00',NULL,NULL,0,2766,NULL,NULL,NULL,NULL,1,NULL,NULL,NULL,NULL,NULL),
 (3038,'Medi-Cal - Alameda Cty ACCESS',NULL,NULL,NULL,NULL,0,2767,NULL,NULL,NULL,NULL,1,NULL,NULL,NULL,NULL,NULL),
 (3039,'Medi-Cal - Alameda Cty ACCESS',NULL,NULL,NULL,NULL,0,2768,NULL,NULL,NULL,NULL,1,NULL,NULL,NULL,NULL,NULL),
 (3040,'Medi-Cal - Alameda Cty ACCESS',NULL,NULL,NULL,NULL,0,2769,NULL,NULL,NULL,NULL,1,NULL,NULL,NULL,NULL,NULL),
 (3041,'Private Pay',NULL,'110.00',NULL,NULL,0,2770,NULL,NULL,NULL,NULL,1,NULL,NULL,NULL,NULL,NULL),
 (3042,'Private Pay',NULL,'110.00',NULL,NULL,0,2771,NULL,NULL,NULL,NULL,1,NULL,NULL,NULL,NULL,NULL),
 (3043,'Medi-Cal - Alameda Cty ACCESS',NULL,NULL,NULL,NULL,0,2772,NULL,NULL,NULL,NULL,1,NULL,NULL,NULL,NULL,NULL),
 (3044,'Medi-Cal - Alameda Cty ACCESS',NULL,NULL,NULL,NULL,0,2773,NULL,NULL,NULL,NULL,1,NULL,NULL,NULL,NULL,NULL),
 (3045,'Medi-Cal - Alameda Cty ACCESS','75032630',NULL,'8004919099',NULL,0,2774,NULL,NULL,NULL,NULL,1,NULL,NULL,NULL,NULL,NULL),
 (3046,'PacifiCare HMO',NULL,'25.00','8009999585','050400461',5,2775,NULL,NULL,NULL,NULL,1,NULL,NULL,NULL,NULL,NULL),
 (3047,'Medi-Cal - Alameda Cty ACCESS',NULL,NULL,NULL,NULL,0,2776,NULL,NULL,NULL,NULL,1,NULL,NULL,NULL,NULL,NULL),
 (3048,'Medi-Cal - Alameda Cty ACCESS','75126541','0.00',NULL,NULL,0,2777,NULL,NULL,NULL,NULL,1,NULL,NULL,NULL,NULL,NULL),
 (3049,'Medi-Cal - Alameda Cty ACCESS','75049979',NULL,NULL,NULL,0,2778,NULL,NULL,NULL,NULL,1,NULL,NULL,NULL,NULL,NULL),
 (3050,'Medi-Cal - Alameda Cty ACCESS','75075011','0.00',NULL,NULL,0,2779,NULL,NULL,NULL,NULL,1,NULL,NULL,NULL,NULL,NULL),
 (3051,'Medi-Cal - Alameda Cty ACCESS','75126604','0.00',NULL,NULL,0,2780,NULL,NULL,NULL,NULL,1,NULL,NULL,NULL,NULL,NULL),
 (3052,'Medi-Cal - Alameda Cty ACCESS','075064510',NULL,NULL,NULL,0,2781,NULL,NULL,NULL,NULL,1,NULL,NULL,NULL,NULL,NULL),
 (3053,'PacifiCare HMO',NULL,'10.00','8009999585','052430219',5,2782,NULL,NULL,NULL,NULL,1,NULL,NULL,NULL,NULL,NULL),
 (3054,'Medi-Cal - Alameda Cty ACCESS','75110791',NULL,NULL,NULL,0,2783,NULL,NULL,NULL,NULL,1,NULL,NULL,NULL,NULL,NULL),
 (3055,'Medi-Cal - Alameda Cty ACCESS',NULL,NULL,NULL,NULL,0,2784,NULL,NULL,NULL,NULL,1,NULL,NULL,NULL,NULL,NULL),
 (3056,'Medi-Cal - Alameda Cty ACCESS',NULL,NULL,NULL,NULL,0,2785,NULL,NULL,NULL,NULL,1,NULL,NULL,NULL,NULL,NULL),
 (3057,'Medi-Cal - Alameda Cty ACCESS',NULL,NULL,NULL,NULL,0,2786,NULL,NULL,NULL,NULL,1,NULL,NULL,NULL,NULL,NULL),
 (3058,'Medi-Cal - Alameda Cty ACCESS',NULL,NULL,NULL,NULL,0,2787,NULL,NULL,NULL,NULL,1,NULL,NULL,NULL,NULL,NULL),
 (3059,'Medi-Cal - Alameda Cty ACCESS',NULL,NULL,NULL,NULL,0,2788,NULL,NULL,NULL,NULL,1,NULL,NULL,NULL,NULL,NULL),
 (3060,'Medi-Cal - Alameda Cty ACCESS',NULL,NULL,NULL,NULL,0,2789,NULL,NULL,NULL,NULL,1,NULL,NULL,NULL,NULL,NULL),
 (3061,'Medi-Cal - Alameda Cty ACCESS',NULL,NULL,NULL,NULL,0,2790,NULL,NULL,NULL,NULL,1,NULL,NULL,NULL,NULL,NULL),
 (3062,'Medi-Cal - Alameda Cty ACCESS',NULL,NULL,NULL,NULL,0,2791,NULL,NULL,NULL,NULL,1,NULL,NULL,NULL,NULL,NULL),
 (3063,'Medi-Cal - Alameda Cty ACCESS',NULL,NULL,NULL,NULL,0,2792,NULL,NULL,NULL,NULL,1,NULL,NULL,NULL,NULL,NULL),
 (3064,'Medi-Cal - Alameda Cty ACCESS',NULL,NULL,NULL,NULL,0,2793,NULL,NULL,NULL,NULL,1,NULL,NULL,NULL,NULL,NULL),
 (3065,'Medi-Cal - Alameda Cty ACCESS',NULL,NULL,NULL,NULL,0,2794,NULL,NULL,NULL,NULL,1,NULL,NULL,NULL,NULL,NULL),
 (3066,'Medi-Cal - Alameda Cty ACCESS','75000023',NULL,NULL,NULL,0,2795,NULL,NULL,NULL,NULL,1,NULL,NULL,NULL,NULL,NULL),
 (3067,'Medi-Cal - Alameda Cty ACCESS',NULL,NULL,NULL,NULL,0,2796,NULL,NULL,NULL,NULL,1,NULL,NULL,NULL,NULL,NULL),
 (3068,'MHN',NULL,NULL,NULL,NULL,0,2797,NULL,NULL,NULL,NULL,1,NULL,NULL,NULL,NULL,NULL),
 (3069,'Medi-Cal - Alameda Cty ACCESS',NULL,NULL,NULL,NULL,0,2798,NULL,NULL,NULL,NULL,1,NULL,NULL,NULL,NULL,NULL),
 (3070,'Medi-Cal - Alameda Cty ACCESS',NULL,NULL,NULL,NULL,0,2799,NULL,NULL,NULL,NULL,1,NULL,NULL,NULL,NULL,NULL),
 (3071,'Medi-Cal - Alameda Cty ACCESS',NULL,NULL,NULL,NULL,0,2800,NULL,NULL,NULL,NULL,1,NULL,NULL,NULL,NULL,NULL),
 (3072,'Medi-Cal - Alameda Cty ACCESS',NULL,NULL,NULL,NULL,0,2801,NULL,NULL,NULL,NULL,1,NULL,NULL,NULL,NULL,NULL),
 (3074,'Medi-Cal - Alameda Cty ACCESS','A:75057546',NULL,NULL,NULL,0,2802,NULL,NULL,NULL,NULL,1,NULL,NULL,NULL,NULL,NULL),
 (3075,'Medi-Cal - Alameda Cty ACCESS',NULL,NULL,NULL,NULL,0,2803,NULL,NULL,NULL,NULL,1,NULL,NULL,NULL,NULL,NULL),
 (3076,'Medi-Cal - Alameda Cty ACCESS','75126729','0.00',NULL,NULL,0,2804,NULL,NULL,NULL,NULL,1,NULL,NULL,NULL,NULL,NULL),
 (3077,'Medi-Cal - Alameda Cty ACCESS','75111437','0.00',NULL,NULL,0,2805,NULL,NULL,NULL,NULL,1,NULL,NULL,NULL,NULL,NULL),
 (3078,'PacifiCare HMO',NULL,'5.00','8009999585','052410812',6,2806,NULL,NULL,NULL,NULL,1,NULL,NULL,NULL,NULL,NULL),
 (3079,'Medi-Cal - Alameda Cty ACCESS',NULL,NULL,NULL,NULL,0,2807,NULL,NULL,NULL,NULL,1,NULL,NULL,NULL,NULL,NULL),
 (3080,'PacifiCare HMO',NULL,'30.00','8009999585','052280457',4,2808,NULL,NULL,NULL,NULL,1,NULL,NULL,NULL,NULL,NULL),
 (3084,'Medi-Cal - Alameda Cty ACCESS','75089291',NULL,'8004919099',NULL,0,2809,NULL,NULL,NULL,NULL,1,NULL,NULL,NULL,NULL,NULL),
 (3082,'Medi-Cal - Alameda Cty ACCESS',NULL,NULL,NULL,NULL,0,2810,NULL,NULL,NULL,NULL,1,NULL,NULL,NULL,NULL,NULL),
 (3083,'Medi-Cal - Alameda Cty ACCESS',NULL,NULL,NULL,NULL,0,2811,NULL,NULL,NULL,NULL,1,NULL,NULL,NULL,NULL,NULL),
 (3085,'Medi-Cal - Alameda Cty ACCESS',NULL,NULL,NULL,NULL,0,2812,NULL,NULL,NULL,NULL,1,NULL,NULL,NULL,NULL,NULL),
 (3086,'Medi-Cal - Alameda Cty ACCESS',NULL,NULL,NULL,NULL,0,2813,NULL,NULL,NULL,NULL,1,NULL,NULL,NULL,NULL,NULL),
 (3087,'Medi-Cal - Alameda Cty ACCESS',NULL,NULL,NULL,NULL,0,2814,NULL,NULL,NULL,NULL,1,NULL,NULL,NULL,NULL,NULL),
 (3088,'Medi-Cal - Alameda Cty ACCESS',NULL,NULL,NULL,NULL,0,2815,NULL,NULL,NULL,NULL,1,NULL,NULL,NULL,NULL,NULL),
 (3089,'Medi-Cal - Alameda Cty ACCESS',NULL,NULL,NULL,NULL,0,2816,NULL,NULL,NULL,NULL,1,NULL,NULL,NULL,NULL,NULL),
 (3090,'PacifiCare HMO',NULL,'20.00','8009999585','052450365',4,2817,NULL,NULL,NULL,NULL,1,NULL,NULL,NULL,NULL,NULL),
 (3091,'Medi-Cal - Alameda Cty ACCESS','12043601',NULL,NULL,NULL,0,2818,NULL,NULL,NULL,NULL,1,NULL,NULL,NULL,NULL,NULL),
 (3092,'Medi-Cal - Alameda Cty ACCESS',NULL,NULL,NULL,NULL,0,2819,NULL,NULL,NULL,NULL,1,NULL,NULL,NULL,NULL,NULL),
 (3093,'Medi-Cal - Alameda Cty ACCESS','028881101',NULL,NULL,NULL,0,2820,NULL,NULL,NULL,NULL,1,NULL,NULL,NULL,NULL,NULL),
 (3094,'Medi-Cal - Alameda Cty ACCESS','75102691',NULL,NULL,NULL,0,2821,NULL,NULL,NULL,NULL,1,NULL,NULL,NULL,NULL,NULL),
 (3095,'Medi-Cal - Alameda Cty ACCESS',NULL,NULL,NULL,NULL,0,2822,NULL,NULL,NULL,NULL,1,NULL,NULL,NULL,NULL,NULL),
 (3096,'Medi-Cal - Alameda Cty ACCESS',NULL,NULL,NULL,NULL,0,2823,NULL,NULL,NULL,NULL,1,NULL,NULL,NULL,NULL,NULL),
 (3097,'Medi-Cal - Alameda Cty ACCESS',NULL,NULL,NULL,NULL,0,2824,NULL,NULL,NULL,NULL,1,NULL,NULL,NULL,NULL,NULL),
 (3098,'Medi-Cal - Alameda Cty ACCESS',NULL,NULL,NULL,NULL,0,2825,NULL,NULL,NULL,NULL,1,NULL,NULL,NULL,NULL,NULL),
 (3100,'PacifiCare HMO',NULL,'10.00','8009999585','052410698',4,2826,NULL,NULL,NULL,NULL,1,NULL,NULL,NULL,NULL,NULL),
 (3101,'Medi-Cal - Alameda Cty ACCESS',NULL,NULL,NULL,NULL,0,2827,NULL,NULL,NULL,NULL,1,NULL,NULL,NULL,NULL,NULL),
 (3102,'PacifiCare HMO',NULL,'15.00','8009999585','052310276',12,2828,NULL,NULL,NULL,NULL,1,NULL,NULL,NULL,NULL,NULL),
 (3103,'Medi-Cal - Alameda Cty ACCESS','75126749',NULL,NULL,NULL,0,2829,NULL,NULL,NULL,NULL,1,NULL,NULL,NULL,NULL,NULL),
 (3104,'Medi-Cal - Alameda Cty ACCESS',NULL,NULL,NULL,NULL,0,2830,NULL,NULL,NULL,NULL,1,NULL,NULL,NULL,NULL,NULL),
 (3105,'Medi-Cal - Alameda Cty ACCESS','75072019','0.00',NULL,NULL,0,2831,NULL,NULL,NULL,NULL,1,NULL,NULL,NULL,NULL,NULL),
 (3106,'Medi-Cal - Alameda Cty ACCESS','75124571','0.00',NULL,NULL,0,2832,NULL,NULL,NULL,NULL,1,NULL,NULL,NULL,NULL,NULL),
 (3107,'Medi-Cal - Alameda Cty ACCESS','75111325','0.00',NULL,NULL,0,2833,NULL,NULL,NULL,NULL,1,NULL,NULL,NULL,NULL,NULL),
 (3108,'CHIPA',NULL,NULL,NULL,NULL,0,2834,NULL,NULL,NULL,NULL,1,NULL,NULL,NULL,NULL,NULL),
 (3109,'CHIPA',NULL,NULL,NULL,NULL,0,2835,NULL,NULL,NULL,NULL,1,NULL,NULL,NULL,NULL,NULL),
 (3110,'Asian Community Mental Health',NULL,NULL,NULL,NULL,0,2836,NULL,NULL,NULL,NULL,1,NULL,NULL,NULL,NULL,NULL),
 (3111,'Medi-Cal - Alameda Cty ACCESS',NULL,NULL,NULL,NULL,0,2837,NULL,NULL,NULL,NULL,1,NULL,NULL,NULL,NULL,NULL),
 (3113,'Medi-Cal - Alameda Cty ACCESS','7895462189','15.00',NULL,NULL,0,2838,NULL,NULL,NULL,NULL,1,NULL,NULL,NULL,NULL,NULL),
 (3114,'CHIPA - Magellan',NULL,'25.00',NULL,NULL,0,2839,NULL,NULL,NULL,NULL,1,NULL,NULL,NULL,NULL,NULL),
 (3121,'Medi-Cal - Alameda Cty ACCESS',NULL,NULL,NULL,NULL,0,2840,NULL,NULL,NULL,NULL,1,NULL,NULL,NULL,NULL,NULL),
 (3116,'Asian Community Mental Health',NULL,'15.00',NULL,NULL,0,2841,NULL,NULL,NULL,NULL,1,NULL,NULL,NULL,NULL,NULL),
 (3117,'Medi-Cal - Alameda Cty ACCESS',NULL,NULL,NULL,NULL,0,2842,NULL,NULL,NULL,NULL,1,NULL,NULL,NULL,NULL,NULL),
 (3118,'PacifiCare HMO',NULL,NULL,NULL,NULL,0,2843,NULL,NULL,NULL,NULL,1,NULL,NULL,NULL,NULL,NULL),
 (3119,'Medi-Cal - Alameda Cty ACCESS',NULL,NULL,NULL,NULL,0,2844,NULL,NULL,NULL,NULL,1,NULL,NULL,NULL,NULL,NULL),
 (3120,'CHIPA - Magellan',NULL,NULL,NULL,NULL,0,2845,NULL,NULL,NULL,NULL,1,NULL,NULL,NULL,NULL,NULL),
 (3122,'Medi-Cal - Alameda Cty ACCESS',NULL,NULL,NULL,NULL,0,2846,NULL,NULL,NULL,NULL,1,NULL,NULL,NULL,NULL,NULL),
 (3123,'PacifiCare HMO',NULL,NULL,NULL,NULL,0,2847,NULL,NULL,NULL,NULL,1,NULL,NULL,NULL,NULL,NULL);
/*!40000 ALTER TABLE `insurance` ENABLE KEYS */;


--
-- Definition of table `insuranceprovider`
--

DROP TABLE IF EXISTS `insuranceprovider`;
CREATE TABLE `insuranceprovider` (
  `name` varchar(30) NOT NULL DEFAULT '',
  `streetAddress` varchar(30) DEFAULT NULL,
  `city` varchar(10) DEFAULT NULL,
  `state` varchar(2) DEFAULT NULL,
  `zipCode` varchar(10) DEFAULT NULL,
  `phoneNumber1` varchar(10) DEFAULT NULL,
  `phoneNumber2` varchar(10) DEFAULT NULL,
  `faxNumber` varchar(12) DEFAULT NULL,
  `notes` varchar(100) DEFAULT NULL,
  `insuranceProviderId` int(11) NOT NULL AUTO_INCREMENT,
  PRIMARY KEY (`insuranceProviderId`) USING BTREE,
  UNIQUE KEY `insuranceProviderId` (`insuranceProviderId`),
  UNIQUE KEY `Index_1` (`name`)
) ENGINE=InnoDB AUTO_INCREMENT=16 DEFAULT CHARSET=utf8 ROW_FORMAT=DYNAMIC;

--
-- Dumping data for table `insuranceprovider`
--

/*!40000 ALTER TABLE `insuranceprovider` DISABLE KEYS */;
INSERT INTO `insuranceprovider` (`name`,`streetAddress`,`city`,`state`,`zipCode`,`phoneNumber1`,`phoneNumber2`,`faxNumber`,`notes`,`insuranceProviderId`) VALUES 
 ('Private Pay','','','CA','','','','','',1),
 ('Medi-Cal - Alameda Cty ACCESS','','','CA','','','','','',2),
 ('PacifiCare HMO','','','CA','','','','','',3),
 ('CHIPA - MHN','','','CA','','','','','',4),
 ('CHIPA - Magellan','','','CA','','','','','',5),
 ('MHN','','','CA','','','','','',6),
 ('PacifiCare PPO','','','CA','','','','','',7),
 ('Contra Costa Access','','','CA','','','','','',8),
 ('USBH','','','CA','','','','','',9),
 ('UBH','','','CA','','','','','',10),
 ('Asian Community Mental Health','','','CA','','','','','',11),
 ('Aetna','','','CA','','','','','aetna 1',12),
 ('EBAC','','','CA','','','','','',13),
 ('CHIPA','','','CA','','','','','',14),
 ('PHCS','NO MORE NEWS WITH THIS.','ONLY OLD I','CA','','','','','',15);
/*!40000 ALTER TABLE `insuranceprovider` ENABLE KEYS */;


--
-- Definition of table `logsheet`
--

DROP TABLE IF EXISTS `logsheet`;
CREATE TABLE `logsheet` (
  `clientName` varchar(30) DEFAULT NULL,
  `initialCallDate` varchar(30) DEFAULT NULL,
  `letterMailDate` varchar(30) DEFAULT NULL,
  `firstCallDate` varchar(30) DEFAULT NULL,
  `secCallDate` varchar(30) DEFAULT NULL,
  `madeContact` tinyint(1) DEFAULT NULL,
  `numOfAttempt` varchar(5) DEFAULT NULL,
  `notes` varchar(50) DEFAULT NULL,
  `logId` int(11) NOT NULL DEFAULT '0',
  PRIMARY KEY (`logId`)
) ENGINE=MyISAM DEFAULT CHARSET=utf8;

--
-- Dumping data for table `logsheet`
--

/*!40000 ALTER TABLE `logsheet` DISABLE KEYS */;
INSERT INTO `logsheet` (`clientName`,`initialCallDate`,`letterMailDate`,`firstCallDate`,`secCallDate`,`madeContact`,`numOfAttempt`,`notes`,`logId`) VALUES 
 ('John Doe','10/1/2005','10/02/2005','10/1/2005','',1,'2','Client prefer to call in the afternoon',0),
 ('test2','12/11/1975','12/11/1975','12/11/1975','12/11/1975',1,'1','test 2',1);
/*!40000 ALTER TABLE `logsheet` ENABLE KEYS */;


--
-- Definition of table `provider`
--

DROP TABLE IF EXISTS `provider`;
CREATE TABLE `provider` (
  `name` varchar(60) NOT NULL DEFAULT '',
  `title` varchar(30) DEFAULT NULL,
  `providerId` int(11) NOT NULL AUTO_INCREMENT,
  `inactive` tinyint(1) NOT NULL DEFAULT '0',
  `inactiveDate` datetime DEFAULT NULL,
  PRIMARY KEY (`providerId`) USING BTREE,
  UNIQUE KEY `Index_1` (`name`)
) ENGINE=InnoDB AUTO_INCREMENT=28 DEFAULT CHARSET=utf8 ROW_FORMAT=DYNAMIC;

--
-- Dumping data for table `provider`
--

/*!40000 ALTER TABLE `provider` DISABLE KEYS */;
INSERT INTO `provider` (`name`,`title`,`providerId`,`inactive`,`inactiveDate`) VALUES 
 ('Dr. Jones',NULL,1,0,NULL),
 ('Dr. Colbert',NULL,2,0,NULL),
 ('Dr. Gordon',NULL,3,0,NULL),
 ('Dr. Schlies',NULL,4,0,NULL),
 ('Dr. Angela Callender','',5,0,NULL),
 ('Dr. Tucker','',6,0,NULL),
 ('Dr. Harris',NULL,7,0,NULL),
 ('Dr. Murphy',NULL,8,0,NULL),
 ('Dr. Tanagho',NULL,9,0,NULL),
 ('Liz Varon',NULL,10,0,NULL),
 ('Kathleen Villagomez','',11,0,NULL),
 ('Dr.Gill','',12,0,NULL),
 ('Lisa Spendlove',NULL,13,0,NULL),
 ('Dr. Melinda Del Castillo','MD',14,0,NULL),
 ('Dr. Ndlela','',15,0,NULL),
 ('David Behar','',16,0,NULL),
 ('Omar Bacabo','',17,0,NULL),
 ('Dr. Manjunath','',18,0,NULL),
 ('Dr. Marina Obolnikov','',19,0,NULL),
 ('Dr. Freeman','M.D.',20,0,NULL),
 ('Dr. Ashman','',21,0,NULL),
 ('Dr. Deming','M.D.',22,0,NULL),
 ('Dr. Pam Orren',NULL,23,0,NULL),
 ('Dr. Barker','',24,0,NULL),
 ('Dr. Smirnoff','',25,0,NULL),
 ('Tony Amjadi','',26,0,NULL),
 ('Tom Smith MD','A513849',27,0,NULL);
/*!40000 ALTER TABLE `provider` ENABLE KEYS */;


--
-- Definition of table `reasoncodetype`
--

DROP TABLE IF EXISTS `reasoncodetype`;
CREATE TABLE `reasoncodetype` (
  `reasonCode` varchar(50) NOT NULL DEFAULT '',
  PRIMARY KEY (`reasonCode`)
) ENGINE=MyISAM DEFAULT CHARSET=utf8;

--
-- Dumping data for table `reasoncodetype`
--

/*!40000 ALTER TABLE `reasoncodetype` DISABLE KEYS */;
INSERT INTO `reasoncodetype` (`reasonCode`) VALUES 
 ('Med Check'),
 ('New Evaluation'),
 ('Therapy');
/*!40000 ALTER TABLE `reasoncodetype` ENABLE KEYS */;


--
-- Definition of table `referral`
--

DROP TABLE IF EXISTS `referral`;
CREATE TABLE `referral` (
  `referralId` int(11) NOT NULL DEFAULT '0',
  `firstName` varchar(100) DEFAULT NULL,
  `middleInitial` varchar(5) DEFAULT NULL,
  `lastName` varchar(30) DEFAULT NULL,
  `gender` varchar(10) DEFAULT NULL,
  `ssn` varchar(100) DEFAULT NULL,
  `birthDate` date DEFAULT NULL,
  `streetAddress` varchar(30) DEFAULT NULL,
  `apartmentNumber` varchar(30) DEFAULT NULL,
  `city` varchar(20) DEFAULT NULL,
  `state` varchar(2) DEFAULT NULL,
  `zipCode` varchar(20) DEFAULT NULL,
  `phoneNumber` varchar(10) DEFAULT NULL,
  `email` varchar(30) DEFAULT NULL,
  `legalGardianFirstName` varchar(30) DEFAULT NULL,
  `legalGardianLastName` varchar(30) DEFAULT NULL,
  `legalGardianMiddleInitial` varchar(5) DEFAULT NULL,
  `legalGardianPhoneNumber` varchar(10) DEFAULT NULL,
  `previousPsychiatrist` varchar(65) DEFAULT NULL,
  `lastSeen` date DEFAULT NULL,
  `currentMedications` varchar(100) DEFAULT NULL,
  `daysLeft` int(11) DEFAULT NULL,
  `previousMedications` varchar(100) DEFAULT NULL,
  `previousDx` varchar(100) DEFAULT NULL,
  `presentingProblem` varchar(400) DEFAULT NULL,
  `needMedicalMgntSvc` tinyint(1) DEFAULT NULL,
  `needTherapy` tinyint(1) DEFAULT NULL,
  `isUrgent` varchar(10) DEFAULT NULL,
  `clinic` varchar(30) DEFAULT NULL,
  `comments` varchar(200) DEFAULT NULL,
  `isChild` tinyint(1) DEFAULT NULL,
  `userId` varchar(20) DEFAULT NULL,
  `modifyBy` varchar(20) DEFAULT NULL,
  `modificationDate` datetime DEFAULT NULL,
  `reminder` varchar(200) DEFAULT NULL,
  `balance` decimal(8,2) DEFAULT '0.00',
  `balanceNotes` varchar(200) DEFAULT NULL,
  `translationSvcNeeded` tinyint(1) DEFAULT '0',
  `discharged` tinyint(1) NOT NULL DEFAULT '0',
  `dischargeDate` datetime DEFAULT NULL,
  PRIMARY KEY (`referralId`),
  UNIQUE KEY `referral_AK1` (`lastName`,`firstName`,`birthDate`)
) ENGINE=MyISAM DEFAULT CHARSET=utf8;

--
-- Dumping data for table `referral`
--

/*!40000 ALTER TABLE `referral` DISABLE KEYS */;
INSERT INTO `referral` (`referralId`,`firstName`,`middleInitial`,`lastName`,`gender`,`ssn`,`birthDate`,`streetAddress`,`apartmentNumber`,`city`,`state`,`zipCode`,`phoneNumber`,`email`,`legalGardianFirstName`,`legalGardianLastName`,`legalGardianMiddleInitial`,`legalGardianPhoneNumber`,`previousPsychiatrist`,`lastSeen`,`currentMedications`,`daysLeft`,`previousMedications`,`previousDx`,`presentingProblem`,`needMedicalMgntSvc`,`needTherapy`,`isUrgent`,`clinic`,`comments`,`isChild`,`userId`,`modifyBy`,`modificationDate`,`reminder`,`balance`,`balanceNotes`,`translationSvcNeeded`,`discharged`,`dischargeDate`) VALUES 
 (14,'vES4U0VKcBtTAcPhl6+2kg==',NULL,'Smith','male','G4QFus4NiWSf1AeR8Dy/Ow==','1973-01-21','555 Starling Dr.',NULL,'Union City','CA','94587','5104873468',NULL,NULL,NULL,NULL,NULL,NULL,NULL,'Risperdal, Prozac',0,NULL,'Schizophrenia, Depression',NULL,1,0,'no','Union City',NULL,0,'Unknown',NULL,NULL,NULL,'0.00',NULL,0,0,NULL),
 (4,'jMzm+neVqgkJVoTLyFDRuA==',NULL,'Harris','male','frtYykzuj9BIooYOcWMsYQ==','1967-10-20','1234 abc street',NULL,'Oakland','CA','94609','5108888888',NULL,NULL,NULL,NULL,NULL,NULL,NULL,NULL,0,NULL,NULL,NULL,1,0,'no','Oakland',NULL,0,'Unknown',NULL,NULL,NULL,'0.00',NULL,0,0,NULL),
 (6,'iAB4AfeD+MxvEN7hf0sQVQ==',NULL,'Escober','female','AvvOGFhg3q3CL87U92zxNQ==','1971-12-12','PO Box 111',NULL,'Sunol','CA','94586','5103333333',NULL,NULL,NULL,NULL,NULL,NULL,NULL,NULL,0,NULL,NULL,NULL,1,0,'no','Union City',NULL,0,'Unknown',NULL,NULL,'This is a test to collect $200.00 for co-pay.','0.00',NULL,0,0,NULL),
 (7,'2Ru4pSA6pZTPPmaOuhrkjg==',NULL,'thompson','male','4zDzeR3WPM6/alcLvQwChA==','1990-02-25','Po Box 8888',NULL,'stockton','CA','95269','5105478207',NULL,'Rita','Mullins',NULL,'5104444444',NULL,NULL,NULL,0,NULL,NULL,NULL,1,0,'no','Oakland',NULL,1,'Unknown',NULL,NULL,NULL,'0.00',NULL,0,0,NULL),
 (8,'gHC/Sk6n6pWrvNh+Z/DdBQ==',NULL,'bobo','female','7m6kDgnp3a3XnIo3j/eUVQ==','1967-11-30','123 E. Street',NULL,'oakland','CA','94603','9161231234',NULL,NULL,NULL,NULL,NULL,NULL,NULL,'Paxil CR',0,NULL,NULL,NULL,1,0,'no','Oakland',NULL,0,'Unknown',NULL,NULL,NULL,'0.00',NULL,0,0,NULL),
 (10,'2iLJE5Dj/tGYGX5jHEpcMw==',NULL,'smith','female','AUrTJ9SofJvJYjPW/vGnqA==','1979-07-20','1236 college ave.','143','oakland','CA','94618','5104584567',NULL,NULL,NULL,NULL,NULL,NULL,NULL,NULL,0,NULL,NULL,NULL,1,0,'no','Oakland',NULL,0,'Unknown',NULL,NULL,NULL,'0.00',NULL,0,0,NULL),
 (11,'MV4AVgP7+51W9g6R0h3+zA==','M','Madrid-Ibarra','male','7lKXPo89BUUAyMYS5suvNQ==','1985-08-20','3689 wicks blvd',NULL,'san leandro','CA','94579','5102344321',NULL,'mary','madrid',NULL,'5109876543',NULL,NULL,'none',0,NULL,'ADHD',NULL,1,0,'no','Union City',NULL,0,'Unknown',NULL,NULL,NULL,'0.00',NULL,0,0,NULL),
 (12,'xrLIP/UNyX2taL0jhhie0g==',NULL,'coleman','female','0ssahdtsOMqjT/bvRp6Yhw==','1977-03-13','555 w. macarthur','529','oakland','CA','94611','5105557777',NULL,NULL,NULL,NULL,NULL,NULL,NULL,NULL,0,NULL,NULL,NULL,1,0,'no','Oakland',NULL,0,'Unknown',NULL,NULL,'','0.00',NULL,0,0,NULL),
 (13,'vc16URqMw/LbLRwbNbPpiw==',NULL,'nickoloson','male','55x2YxiQZ2uppRHRyhWZbw==','1963-09-28','555 w. macarthur blvd',NULL,'oakland','CA','94609','5108961234',NULL,NULL,NULL,NULL,NULL,NULL,NULL,NULL,0,NULL,NULL,NULL,0,0,'no','Oakland',NULL,0,'Unknown',NULL,NULL,NULL,'0.00',NULL,0,0,NULL),
 (15,'9kDvKPoWlPfdJSUFuT/xPg==',NULL,'Wong','female','mshTtMS1vknn15QsruvY5Q==','1985-02-20','744 Paseo Del Rio',NULL,'San Lorenzo','CA','94580','5100000001',NULL,NULL,NULL,NULL,NULL,NULL,NULL,'none',0,NULL,'PTSD',NULL,1,0,'no','Union City',NULL,0,'Unknown',NULL,NULL,NULL,'0.00',NULL,0,0,NULL),
 (3110,'MV4AVgP7+51W9g6R0h3+zA==',NULL,'Smith','male','kbbGI9AgavhsBP1Z0CbzIw==','1970-12-12',NULL,NULL,'wqerwq','CA',NULL,'2132133432',NULL,NULL,NULL,NULL,NULL,NULL,NULL,NULL,0,NULL,NULL,NULL,0,1,'no','Oakland',NULL,0,'remote',NULL,NULL,NULL,'0.00',NULL,0,0,NULL),
 (3108,'nO6KPFHRfnT71h4/3Jz+yg==',NULL,'lee','male','nFEKH+nL+XnfQPONIh+1hQ==','1972-10-10','123 A Street',NULL,'Oakland','CA','95487','5103333333',NULL,NULL,NULL,NULL,NULL,NULL,NULL,NULL,0,NULL,NULL,NULL,0,0,'no','Contra Costa',NULL,0,NULL,NULL,NULL,'','0.00',NULL,0,0,NULL),
 (3109,'IFfll6pgOv4xGVczbHHX7w==','k','Smith','male','gyJJQnsh6LrUte6shgK9UQ==','1972-10-29',NULL,NULL,'San Jose','CA',NULL,'7854584584',NULL,NULL,NULL,NULL,NULL,NULL,NULL,NULL,0,NULL,NULL,NULL,1,0,'yes','Oakland',NULL,0,'remote',NULL,NULL,NULL,'0.00',NULL,0,0,NULL),
 (3111,'dOy1usBxXmKLvmJjTJ+MtA==',NULL,'Ang-Bobo','female','hkoUsO8QC4meIp2tXWZTkA==','1958-02-01',NULL,NULL,'oakland','CA',NULL,'5106521542',NULL,NULL,NULL,NULL,NULL,'Dr. Zuberi','2002-05-04','paxil CR',10,'zoloft','depression',NULL,1,1,'yes','Union City',NULL,0,'remote',NULL,NULL,NULL,'0.00',NULL,0,0,NULL),
 (3113,'CjwNpRswSjDddFj0kKDp6w==',NULL,'Ilagan','male','frtYykzuj9BIooYOcWMsYQ==','1976-03-18','1258 Meadown wood lane','Apt 3','Hayward','CA','94589','5106541234',NULL,NULL,NULL,NULL,NULL,'Dr. Ogatis','2000-12-15','Paxil',8,'Zoloft and Lithium','Depression','Client has recently felt depressed and has no motivation to go to work or attend to kids. Client has previous history',1,1,'yes','Union City',NULL,0,'remote',NULL,NULL,'HAVE PT fill-up ADULT Intake package','0.00',NULL,0,0,NULL),
 (3114,'pFQJbBW3KElutt+Nvagymg==',NULL,'Lopez','male','0J1cWp2aFEJ7iGpU+TFVEA==','1976-10-18','589 Travis Street',NULL,'Union CIty','CA','94589','5109856321',NULL,'Maria Sol','Lopez',NULL,'5109856321',NULL,NULL,NULL,0,NULL,NULL,'Child having difficulty focusing on school work; behavior disruptive, mood swings.',1,1,'yes','Union City',NULL,0,NULL,NULL,NULL,NULL,'0.00',NULL,0,0,NULL),
 (3117,'O99MDgGnIOkuH3RBy3ChnA==',NULL,'doe','female','ER2RMNaFC0sYV+zpifIoDw==','2007-01-16',NULL,NULL,'oakland','CA','94609','5109999999',NULL,'mama','papa',NULL,NULL,NULL,NULL,NULL,0,NULL,NULL,NULL,1,1,'48hrs','Oakland',NULL,1,'remote',NULL,NULL,NULL,'0.00',NULL,0,0,NULL),
 (3116,'+NCQ/NcWyvgboxTeTgsasw==',NULL,'Scotts','male','tqLadW9ar+VjFoWL7LZx2w==','1976-06-21','1234 Amber street','a12','vallejo','CA','94587','7075571477',NULL,NULL,NULL,NULL,NULL,NULL,NULL,NULL,0,NULL,NULL,'Test PT only',1,1,'yes','Union City',NULL,0,'remote',NULL,NULL,NULL,'0.00',NULL,0,0,NULL),
 (3121,'oNKX9VospzNZrHmAT7ezaA==',NULL,'Schmo','male','Zf+Kh7pQN2oc/FzdyDonFg==','1980-01-01',NULL,NULL,'Oakland','CA','94609','5102222222',NULL,NULL,NULL,NULL,NULL,NULL,NULL,NULL,0,NULL,NULL,'depression',1,0,'no','Oakland',NULL,0,'remote',NULL,NULL,NULL,'0.00',NULL,0,0,NULL),
 (3118,'IFfll6pgOv4xGVczbHHX7w==',NULL,'Bonga','male','/CFYIz4LLllr9lxhWPlmhg==','1901-01-16',NULL,NULL,'San Ramon','CA','95302','4155555555',NULL,NULL,NULL,NULL,NULL,NULL,NULL,NULL,0,NULL,NULL,NULL,1,1,'48hrs','Oakland',NULL,0,NULL,NULL,NULL,NULL,'0.00',NULL,0,0,NULL),
 (3119,'IFfll6pgOv4xGVczbHHX7w==',NULL,'Doe','male','ER2RMNaFC0sYV+zpifIoDw==','1980-03-15',NULL,NULL,'Oakland','CA','94607','5105101111',NULL,NULL,NULL,NULL,NULL,NULL,NULL,NULL,0,NULL,NULL,NULL,1,0,'yes','Oakland',NULL,0,NULL,NULL,NULL,NULL,'0.00',NULL,0,0,NULL),
 (3120,'CPMfnaskhLY0qFQ6Ic8ISA==',NULL,'Doz','male','SjRZl4wI8l93Y7p1ZVz0mw==','1970-01-01',NULL,NULL,'Fremont','CA','94538','5102222222',NULL,NULL,NULL,NULL,NULL,NULL,NULL,NULL,0,NULL,NULL,NULL,1,0,'48hrs','Pleasanton',NULL,0,'remote',NULL,NULL,NULL,'0.00',NULL,0,0,NULL),
 (3122,'xrKZQZFt4/P7ztNrUgxbKQ==',NULL,'Schmo','male','4zDzeR3WPM6/alcLvQwChA==','1980-03-22',NULL,NULL,'Oakland','CA','94609','5103333333',NULL,NULL,NULL,NULL,NULL,NULL,NULL,NULL,0,NULL,NULL,NULL,1,0,'48hrs','Oakland',NULL,0,NULL,NULL,NULL,NULL,'0.00',NULL,0,0,NULL),
 (3123,'suxtTVEWBDNPdnG6XrhjSg==',NULL,'Marsha','female','1WisQ2nf7Fgxp7I549ykiw==','1965-12-01',NULL,NULL,'Oakland','CA',NULL,'5101234567',NULL,NULL,NULL,NULL,NULL,NULL,NULL,NULL,0,NULL,NULL,NULL,1,1,'48hrs','Oakland',NULL,0,NULL,NULL,NULL,NULL,'0.00',NULL,0,0,NULL);
/*!40000 ALTER TABLE `referral` ENABLE KEYS */;


--
-- Definition of table `referralstatus`
--

DROP TABLE IF EXISTS `referralstatus`;
CREATE TABLE `referralstatus` (
  `referralId` int(11) NOT NULL DEFAULT '0',
  `status` varchar(20) DEFAULT NULL,
  `isActive` tinyint(1) DEFAULT NULL,
  `createDate` datetime DEFAULT NULL,
  `removeDate` datetime NOT NULL DEFAULT '0000-00-00 00:00:00',
  `notes` varchar(200) DEFAULT NULL,
  `apptId` int(11) DEFAULT NULL,
  `reasonCode` varchar(50) DEFAULT NULL,
  KEY `RS_IDX_1` (`apptId`),
  KEY `RS_IDX_2` (`referralId`)
) ENGINE=MyISAM DEFAULT CHARSET=utf8;

--
-- Dumping data for table `referralstatus`
--

/*!40000 ALTER TABLE `referralstatus` DISABLE KEYS */;
INSERT INTO `referralstatus` (`referralId`,`status`,`isActive`,`createDate`,`removeDate`,`notes`,`apptId`,`reasonCode`) VALUES 
 (15,'Scheduled',1,'2004-12-27 14:05:43','2200-01-01 00:00:00',NULL,6,NULL),
 (15,'Not Scheduled',1,'2004-12-27 14:04:55','2004-12-27 14:05:43',NULL,NULL,NULL),
 (14,'Scheduled',1,'2004-12-27 13:30:30','2200-01-01 00:00:00',NULL,5,NULL),
 (14,'Not Scheduled',1,'2004-12-27 13:15:33','2004-12-27 13:30:30',NULL,NULL,NULL),
 (4,'Not Scheduled',1,'2004-12-21 15:53:13','2004-12-29 11:35:34',NULL,NULL,NULL),
 (11,'Scheduled',1,'2004-12-27 16:29:59','2200-01-01 00:00:00',NULL,8,NULL),
 (6,'Not Scheduled',1,'2004-12-23 09:43:04','2005-10-03 07:39:48',NULL,NULL,NULL),
 (7,'Not Scheduled',1,'2004-12-23 09:50:43','2005-11-19 17:33:49',NULL,NULL,NULL),
 (8,'Not Scheduled',1,'2004-12-23 09:56:32','2004-12-28 15:28:37',NULL,NULL,NULL),
 (10,'Not Scheduled',1,'2004-12-23 10:05:09','2005-10-31 15:54:07',NULL,NULL,NULL),
 (11,'Not Scheduled',1,'2004-12-23 10:10:06','2004-12-27 16:29:59',NULL,NULL,NULL),
 (12,'Not Scheduled',1,'2004-12-23 16:48:24','2004-12-23 16:49:27',NULL,NULL,NULL),
 (12,'Scheduled',1,'2004-12-23 16:49:27','2200-01-01 00:00:00',NULL,3,NULL),
 (13,'Not Scheduled',1,'2004-12-23 16:51:35','2004-12-23 16:52:21',NULL,NULL,NULL),
 (13,'Scheduled',1,'2004-12-23 16:52:21','2200-01-01 00:00:00',NULL,4,NULL),
 (12,'Scheduled',1,'2004-12-28 12:26:28','2200-01-01 00:00:00',NULL,16,NULL),
 (8,'Scheduled',1,'2004-12-28 15:28:37','2200-01-01 00:00:00',NULL,23,NULL),
 (4,'Scheduled',1,'2004-12-29 11:35:34','2200-01-01 00:00:00',NULL,29,NULL),
 (4,'Scheduled',1,'2004-08-05 10:44:32','2200-01-01 00:00:00',NULL,5373,NULL),
 (14,'Scheduled',1,'2005-08-25 15:54:44','2200-01-01 00:00:00',NULL,4345,NULL),
 (3123,'Waitlist',1,'2005-11-27 03:07:57','2200-01-01 00:00:00','needs meds asap. will take any available appt in Oakland',NULL,NULL),
 (3123,'Not Scheduled',1,'2005-11-27 00:00:00','2005-11-27 03:07:57',NULL,NULL,NULL),
 (3120,'Scheduled',1,'2005-11-20 09:31:57','2200-01-01 00:00:00',NULL,5851,NULL),
 (3109,'Scheduled',1,'2005-11-20 09:25:25','2200-01-01 00:00:00',NULL,5849,NULL),
 (3116,'Scheduled',1,'2005-11-20 09:26:26','2200-01-01 00:00:00',NULL,5850,NULL),
 (3109,'Scheduled',1,'2005-11-20 09:19:04','2200-01-01 00:00:00',NULL,5847,NULL),
 (3117,'Scheduled',1,'2005-11-20 09:17:04','2200-01-01 00:00:00',NULL,5846,NULL),
 (3122,'Waitlist',1,'2005-11-27 02:56:53','2200-01-01 00:00:00','needs to see an MD asap; just released from JGPP',NULL,NULL),
 (3119,'Waitlist',1,'2005-11-19 16:26:37','2200-01-01 00:00:00','2nd waitlist',NULL,NULL),
 (3119,'Not Scheduled',1,'2005-11-19 00:00:00','2005-11-19 16:26:37',NULL,NULL,NULL),
 (3118,'Scheduled',1,'2005-11-20 08:26:25','2200-01-01 00:00:00',NULL,5843,NULL),
 (3118,'Waitlist',1,'2005-11-19 16:15:47','2005-11-19 16:20:27','needs appt asap',NULL,NULL),
 (3118,'Not Scheduled',1,'2005-11-19 00:00:00','2005-11-19 16:15:47',NULL,NULL,NULL),
 (3117,'Scheduled',1,'2005-11-19 17:46:59','2200-01-01 00:00:00',NULL,5841,NULL),
 (3122,'Not Scheduled',1,'2005-11-27 00:00:00','2005-11-27 02:56:53',NULL,NULL,NULL),
 (3117,'Not Scheduled',1,'1994-11-19 00:00:00','2005-11-19 01:45:58',NULL,NULL,NULL),
 (3113,'Not Seen',1,'2005-11-14 18:55:43','2200-01-01 00:00:00','pt did not show up',5856,NULL),
 (3113,'Not Seen',1,'2005-11-27 18:47:31','2200-01-01 00:00:00','pat no show wo call; intake will follow-up',5800,NULL),
 (3120,'Not Scheduled',1,'2005-11-19 00:00:00','2005-11-19 17:30:51',NULL,NULL,NULL),
 (3116,'Scheduled',1,'2005-11-10 01:19:06','2200-01-01 00:00:00',NULL,5832,NULL),
 (3111,'Scheduled',1,'2005-11-10 01:20:34','2200-01-01 00:00:00',NULL,5834,NULL),
 (3108,'Scheduled',1,'2005-11-10 01:16:30','2200-01-01 00:00:00',NULL,5830,NULL),
 (3116,'Not Scheduled',1,'2005-11-08 00:00:00','2005-11-09 09:18:11',NULL,NULL,NULL),
 (3121,'Not Seen',1,'2005-11-27 18:40:02','2200-01-01 00:00:00','',5855,NULL),
 (3113,'Scheduled',1,'2005-11-27 18:41:24','2005-11-27 02:53:53',NULL,5856,NULL),
 (8,'Scheduled',1,'2005-11-02 15:41:34','2200-01-01 00:00:00',NULL,5825,NULL),
 (3121,'Scheduled',1,'2005-11-27 18:39:36','2005-11-27 02:38:09',NULL,5855,NULL),
 (10,'Scheduled',1,'2005-11-01 07:55:07','2200-01-01 00:00:00',NULL,5823,NULL),
 (3111,'Scheduled',1,'2005-12-18 09:24:30','2005-12-18 08:19:46',NULL,5859,NULL),
 (3121,'Not Scheduled',1,'2005-11-01 00:00:00','2005-11-27 02:31:16',NULL,NULL,NULL),
 (6,'Scheduled',1,'2005-11-01 07:44:34','2200-01-01 00:00:00',NULL,5818,NULL),
 (3118,'Scheduled',1,'2005-11-20 09:25:01','2200-01-01 00:00:00',NULL,5848,NULL),
 (3114,'Scheduled',1,'2005-11-01 07:42:36','2200-01-01 00:00:00',NULL,5815,NULL),
 (3114,'Scheduled',1,'2005-10-31 23:12:31','2200-01-01 00:00:00',NULL,5814,NULL),
 (3111,'Scheduled',1,'2005-10-31 23:11:55','2200-01-01 00:00:00',NULL,5813,NULL),
 (8,'Scheduled',1,'2005-10-31 12:40:55','2200-01-01 00:00:00',NULL,5812,NULL),
 (8,'Scheduled',1,'2005-10-31 12:38:23','2200-01-01 00:00:00',NULL,5811,NULL),
 (6,'Scheduled',1,'2005-10-28 00:11:04','2200-01-01 00:00:00',NULL,5810,NULL),
 (6,'Scheduled',1,'2005-10-28 00:05:43','2200-01-01 00:00:00',NULL,5809,NULL),
 (4,'Seen',1,'2005-10-28 06:18:59','2200-01-01 00:00:00','',5808,'Med Check'),
 (4,'Scheduled',1,'2005-10-28 06:18:42','2005-10-27 15:18:20',NULL,5808,NULL),
 (6,'Scheduled',1,'2005-10-28 06:16:06','2200-01-01 00:00:00',NULL,5807,NULL),
 (3110,'Scheduled',1,'2005-10-28 06:15:29','2200-01-01 00:00:00',NULL,5806,NULL),
 (3114,'Not Seen',1,'2005-10-28 06:12:45','2200-01-01 00:00:00','no show; did notcall to cx',5803,NULL),
 (3114,'Scheduled',1,'2005-10-28 06:01:03','2005-10-27 15:12:05',NULL,5803,NULL),
 (3113,'Not Seen',1,'2005-10-28 05:58:19','2200-01-01 00:00:00','no show. Did not call to Cx appt',5802,NULL),
 (3113,'Scheduled',1,'2005-10-28 05:57:59','2005-10-27 14:57:40',NULL,5802,NULL),
 (3114,'Not Seen',1,'2005-10-28 05:47:47','2200-01-01 00:00:00','NO SHOW; DID NOT CALL TO CX',5801,NULL),
 (3114,'Scheduled',1,'2005-10-28 05:46:08','2005-10-27 14:47:08',NULL,5801,NULL),
 (3113,'Scheduled',1,'2005-10-28 05:44:38','2005-11-27 02:45:37',NULL,5800,NULL),
 (14,'Scheduled',1,'2005-09-02 16:42:25','2200-01-01 00:00:00',NULL,5713,NULL),
 (3114,'Waitlist',1,'2005-10-27 14:07:14','2005-10-27 14:45:29','Patient recently turned 18.Mother is tehlegal guardian and patient consents to having mom transact business in his behalf. No previous history of mental health problem. Behavior very disruptive and ph',NULL,NULL),
 (3114,'Not Scheduled',1,'2005-10-27 00:00:00','2005-10-27 14:07:14',NULL,NULL,NULL),
 (6,'Scheduled',1,'2005-10-26 23:37:31','2200-01-01 00:00:00',NULL,5799,NULL),
 (3113,'Not Scheduled',1,'2005-10-27 00:00:00','2005-10-27 14:43:59',NULL,NULL,NULL),
 (3108,'Scheduled',1,'2005-10-25 13:55:14','2200-01-01 00:00:00',NULL,5798,NULL),
 (3111,'Not Scheduled',1,'2005-10-25 00:00:00','2005-10-31 07:10:57',NULL,NULL,NULL),
 (4,'Not Seen',1,'2005-10-25 08:49:12','2200-01-01 00:00:00','cx am of appt',5796,NULL),
 (4,'Scheduled',1,'2005-10-25 08:49:04','2005-10-25 08:46:37',NULL,5796,NULL),
 (3110,'Not Seen',1,'2005-10-23 13:23:33','2200-01-01 00:00:00','',5794,NULL),
 (11,'Scheduled',1,'2005-10-19 15:36:13','2200-01-01 00:00:00',NULL,5789,NULL),
 (4,'Scheduled',1,'2005-10-23 16:29:08','2200-01-01 00:00:00',NULL,5795,NULL),
 (3110,'Scheduled',1,'2005-10-23 13:23:15','2005-10-23 13:21:56',NULL,5794,NULL),
 (13,'Scheduled',1,'2005-10-15 23:07:53','2200-01-01 00:00:00',NULL,5787,NULL),
 (8,'Seen',1,'2005-10-30 17:57:19','2200-01-01 00:00:00','test',5786,'New Evaluation'),
 (8,'Scheduled',1,'2005-10-15 00:38:29','2005-10-30 01:56:32',NULL,5786,NULL),
 (8,'Scheduled',1,'2005-10-15 00:30:15','2200-01-01 00:00:00',NULL,5785,NULL),
 (3108,'Scheduled',1,'2005-10-12 01:19:47','2200-01-01 00:00:00',NULL,5784,NULL),
 (3108,'Scheduled',1,'2005-10-12 01:15:44','2200-01-01 00:00:00',NULL,5783,NULL),
 (11,'Scheduled',1,'2005-10-04 21:11:19','2200-01-01 00:00:00',NULL,5782,NULL),
 (6,'Not Seen',1,'2005-10-04 14:23:37','2200-01-01 00:00:00','Cancelled by Jeff',5780,NULL),
 (6,'Scheduled',1,'2005-10-04 14:21:56','2005-10-04 14:28:35',NULL,5780,NULL),
 (4,'Scheduled',1,'2005-10-03 11:21:10','2200-01-01 00:00:00',NULL,5779,NULL),
 (3110,'Not Scheduled',1,'2005-10-03 00:00:00','2005-10-23 13:21:38',NULL,NULL,NULL),
 (4,'Seen',1,'2005-10-03 07:38:49','2200-01-01 00:00:00','er',5778,'Med Check'),
 (4,'Scheduled',1,'2005-10-03 07:38:39','2005-10-03 07:40:49',NULL,5778,NULL),
 (6,'Scheduled',1,'2005-10-03 07:37:48','2200-01-01 00:00:00',NULL,5776,NULL),
 (13,'Not Seen',1,'2005-10-03 07:37:30','2200-01-01 00:00:00','no show',5775,NULL),
 (13,'Scheduled',1,'2005-10-03 07:37:24','2005-10-03 07:39:30',NULL,5775,NULL),
 (4,'Seen',1,'2005-10-03 07:37:11','2200-01-01 00:00:00','Seen',5774,'Therapy'),
 (4,'Scheduled',1,'2005-10-03 07:30:48','2005-10-03 07:39:11',NULL,5774,NULL),
 (3109,'Not Scheduled',1,'2005-10-03 00:00:00','2005-10-31 15:42:40',NULL,NULL,NULL),
 (3108,'Waitlist',1,'2005-10-03 00:17:43','2005-10-11 10:08:41','demo',NULL,NULL),
 (3108,'Not Scheduled',1,'2005-10-03 00:00:00','2005-10-03 00:17:43',NULL,NULL,NULL),
 (3111,'Seen',1,'2005-12-18 09:24:44','2200-01-01 00:00:00','',5859,'Med Check'),
 (3120,'Scheduled',1,'2006-03-26 09:24:24','2006-03-26 09:24:27',NULL,5865,NULL),
 (3120,'Seen',1,'2006-03-26 09:24:27','2200-01-01 00:00:00','',5865,'Med Check'),
 (3111,'Scheduled',1,'2015-09-19 09:54:28','2200-01-01 00:00:00',NULL,5871,NULL),
 (3111,'Scheduled',1,'2015-09-19 10:01:09','2200-01-01 00:00:00',NULL,5872,NULL);
/*!40000 ALTER TABLE `referralstatus` ENABLE KEYS */;


--
-- Definition of table `remoteuser`
--

DROP TABLE IF EXISTS `remoteuser`;
CREATE TABLE `remoteuser` (
  `userId` varchar(20) NOT NULL DEFAULT '',
  PRIMARY KEY (`userId`)
) ENGINE=MyISAM DEFAULT CHARSET=utf8;

--
-- Dumping data for table `remoteuser`
--

/*!40000 ALTER TABLE `remoteuser` DISABLE KEYS */;
INSERT INTO `remoteuser` (`userId`) VALUES 
 ('Administrator'),
 ('ben'),
 ('demo'),
 ('jeff'),
 ('manager'),
 ('remote');
/*!40000 ALTER TABLE `remoteuser` ENABLE KEYS */;


--
-- Definition of table `role`
--

DROP TABLE IF EXISTS `role`;
CREATE TABLE `role` (
  `name` varchar(30) NOT NULL DEFAULT '',
  `description` varchar(100) DEFAULT NULL,
  PRIMARY KEY (`name`)
) ENGINE=InnoDB DEFAULT CHARSET=utf8;

--
-- Dumping data for table `role`
--

/*!40000 ALTER TABLE `role` DISABLE KEYS */;
INSERT INTO `role` (`name`,`description`) VALUES 
 ('Administrator','Role that can create new user'),
 ('Billing','Role that can add and remove outstanding balance'),
 ('Credential','Role that can modify doctor\'s credential'),
 ('EligibilityCheck','eligibility check'),
 ('Manager','Role that can access audit report'),
 ('Receptionist','User that performs the day to day operation in a clinic');
/*!40000 ALTER TABLE `role` ENABLE KEYS */;


--
-- Definition of table `seqlock`
--

DROP TABLE IF EXISTS `seqlock`;
CREATE TABLE `seqlock` (
  `lockName` varchar(30) DEFAULT NULL
) ENGINE=InnoDB DEFAULT CHARSET=latin1;

--
-- Dumping data for table `seqlock`
--

/*!40000 ALTER TABLE `seqlock` DISABLE KEYS */;
INSERT INTO `seqlock` (`lockName`) VALUES 
 ('logsheet'),
 ('referral'),
 ('appointment');
/*!40000 ALTER TABLE `seqlock` ENABLE KEYS */;


--
-- Definition of table `sequencegenerator`
--

DROP TABLE IF EXISTS `sequencegenerator`;
CREATE TABLE `sequencegenerator` (
  `tableName` varchar(30) NOT NULL DEFAULT '',
  `nextSeq` int(11) DEFAULT NULL,
  PRIMARY KEY (`tableName`)
) ENGINE=MyISAM DEFAULT CHARSET=utf8;

--
-- Dumping data for table `sequencegenerator`
--

/*!40000 ALTER TABLE `sequencegenerator` DISABLE KEYS */;
INSERT INTO `sequencegenerator` (`tableName`,`nextSeq`) VALUES 
 ('referral',3123),
 ('appointment',5873),
 ('logSheet',1);
/*!40000 ALTER TABLE `sequencegenerator` ENABLE KEYS */;


--
-- Definition of table `timesheet`
--

DROP TABLE IF EXISTS `timesheet`;
CREATE TABLE `timesheet` (
  `id` int(11) NOT NULL AUTO_INCREMENT,
  `date` datetime DEFAULT NULL,
  `clinic` varchar(30) DEFAULT NULL,
  `staff` varchar(60) DEFAULT NULL,
  `type` varchar(30) DEFAULT NULL,
  `totalHours` decimal(6,2) DEFAULT NULL,
  PRIMARY KEY (`id`),
  UNIQUE KEY `timesheet_AK` (`date`,`clinic`,`staff`,`type`)
) ENGINE=InnoDB DEFAULT CHARSET=latin1;

--
-- Dumping data for table `timesheet`
--

/*!40000 ALTER TABLE `timesheet` DISABLE KEYS */;
/*!40000 ALTER TABLE `timesheet` ENABLE KEYS */;


--
-- Definition of table `trustedip`
--

DROP TABLE IF EXISTS `trustedip`;
CREATE TABLE `trustedip` (
  `host` varchar(50) DEFAULT NULL,
  UNIQUE KEY `host` (`host`)
) ENGINE=MyISAM DEFAULT CHARSET=utf8;

--
-- Dumping data for table `trustedip`
--

/*!40000 ALTER TABLE `trustedip` DISABLE KEYS */;
INSERT INTO `trustedip` (`host`) VALUES 
 ('127.0.0.1');
/*!40000 ALTER TABLE `trustedip` ENABLE KEYS */;


--
-- Definition of table `user`
--

DROP TABLE IF EXISTS `user`;
CREATE TABLE `user` (
  `userId` varchar(20) NOT NULL DEFAULT '',
  `password` varchar(100) DEFAULT NULL,
  `firstName` varchar(30) DEFAULT NULL,
  `lastName` varchar(30) DEFAULT NULL,
  `description` varchar(50) DEFAULT NULL,
  `roleName` varchar(30) DEFAULT 'Receptionist',
  PRIMARY KEY (`userId`)
) ENGINE=InnoDB DEFAULT CHARSET=utf8;

--
-- Dumping data for table `user`
--

/*!40000 ALTER TABLE `user` DISABLE KEYS */;
INSERT INTO `user` (`userId`,`password`,`firstName`,`lastName`,`description`,`roleName`) VALUES 
 ('Administrator','m2It3VkjovaD45nYQWw7CQ==','','','','Administrator'),
 ('ben','aM4y9chwXI7sJgalXVMd4A==','','','','Receptionist'),
 ('demo','qwRSDUaMaJyKAVnkNxJjSw==','','','','Receptionist'),
 ('jeff','eiaLpdo/X5EiYsQLsjGryQ==','Jeff','Cheang','IT Services Dept.','Receptionist'),
 ('manager','wqokmW9dWPdMlY4RFjVCFw==','','','','Manager'),
 ('remote','C6Gw6NYp4gDvoIYNg0Ur9Q==','','','','Receptionist');
/*!40000 ALTER TABLE `user` ENABLE KEYS */;


--
-- Definition of table `userrole`
--

DROP TABLE IF EXISTS `userrole`;
CREATE TABLE `userrole` (
  `userId` varchar(20) NOT NULL,
  `roleName` varchar(30) NOT NULL,
  PRIMARY KEY (`userId`,`roleName`),
  KEY `FK_userRole_2` (`roleName`),
  CONSTRAINT `FK_userRole_1` FOREIGN KEY (`userId`) REFERENCES `user` (`userId`) ON DELETE CASCADE ON UPDATE CASCADE,
  CONSTRAINT `FK_userRole_2` FOREIGN KEY (`roleName`) REFERENCES `role` (`name`) ON DELETE CASCADE ON UPDATE CASCADE
) ENGINE=InnoDB DEFAULT CHARSET=utf8;

--
-- Dumping data for table `userrole`
--

/*!40000 ALTER TABLE `userrole` DISABLE KEYS */;
INSERT INTO `userrole` (`userId`,`roleName`) VALUES 
 ('Administrator','Administrator'),
 ('Administrator','Billing'),
 ('Administrator','Credential'),
 ('Administrator','EligibilityCheck'),
 ('ben','EligibilityCheck'),
 ('demo','EligibilityCheck'),
 ('jeff','EligibilityCheck'),
 ('manager','EligibilityCheck'),
 ('remote','EligibilityCheck'),
 ('Administrator','Manager'),
 ('manager','Manager'),
 ('Administrator','Receptionist'),
 ('ben','Receptionist'),
 ('demo','Receptionist'),
 ('jeff','Receptionist'),
 ('remote','Receptionist');
/*!40000 ALTER TABLE `userrole` ENABLE KEYS */;


--
-- Definition of table `version`
--

DROP TABLE IF EXISTS `version`;
CREATE TABLE `version` (
  `schemaVersion` int(11) DEFAULT NULL,
  `lastUpdated` date DEFAULT NULL,
  `description` varchar(100) DEFAULT NULL
) ENGINE=MyISAM DEFAULT CHARSET=utf8;

--
-- Dumping data for table `version`
--

/*!40000 ALTER TABLE `version` DISABLE KEYS */;
INSERT INTO `version` (`schemaVersion`,`lastUpdated`,`description`) VALUES 
 (1,'2005-01-16','added version table, added isChild column'),
 (2,'2005-02-10','role based security, appt checkIn, normailze provider'),
 (3,'2005-04-28','appointment scheduler, log sheet'),
 (4,'2005-07-28','added reasonCode'),
 (6,'2005-10-07','delete, modification auditing'),
 (7,'2007-01-06','added timesheet table'),
 (8,'2007-02-17','added balance column to referral; added Billing role'),
 (9,'2007-02-21','added insuranceId, copayParity, numAuthoVisitParity to insurance table; nts to referral'),
 (10,'2007-05-16','encrypt sensitive data'),
 (11,'2007-08-31','add effDate, authNum parity, notes to appt'),
 (12,'2007-09-08','holiday map'),
 (13,'2007-09-18','standard holiday'),
 (14,'2008-06-01','fix providerId; add provider credentials; multiple roles; inc notes size'),
 (15,'2008-03-14','add appt language column'),
 (16,'2008-12-30','evaluation'),
 (17,'2008-02-02','evaluation - take2'),
 (18,'2011-01-15','add isEligible column to appt'),
 (19,'2011-04-01','Daily Checkoff sheet'),
 (20,'2011-06-15','fields for cancel appointment'),
 (21,'2011-10-23','add authNum and countyNum for walk-in');
/*!40000 ALTER TABLE `version` ENABLE KEYS */;


--
-- Definition of table `worksheet`
--

DROP TABLE IF EXISTS `worksheet`;
CREATE TABLE `worksheet` (
  `empId` int(10) unsigned NOT NULL,
  `date` datetime NOT NULL,
  `clinic` varchar(30) NOT NULL,
  `hrs_worked` int(10) unsigned NOT NULL DEFAULT '0',
  `county_seen` int(10) unsigned NOT NULL DEFAULT '0',
  `ccc_seen` int(10) unsigned NOT NULL DEFAULT '0',
  `hmo_seen` int(10) unsigned NOT NULL DEFAULT '0',
  `county_face_min` int(10) unsigned NOT NULL DEFAULT '0',
  `county_other_min` int(10) unsigned NOT NULL DEFAULT '0',
  `ccc_face_min` int(10) unsigned NOT NULL DEFAULT '0',
  `ccc_other_min` int(10) unsigned NOT NULL DEFAULT '0',
  `hmo_face_min` int(10) unsigned NOT NULL DEFAULT '0',
  `other_face_min` int(10) unsigned NOT NULL DEFAULT '0',
  `num_schedule` int(10) unsigned NOT NULL DEFAULT '0',
  `num_noshow` int(10) unsigned NOT NULL DEFAULT '0',
  `num_cancel` int(10) unsigned NOT NULL DEFAULT '0',
  `num_new` int(10) unsigned NOT NULL DEFAULT '0',
  `num_dropin` int(10) unsigned NOT NULL DEFAULT '0',
  PRIMARY KEY (`empId`,`date`,`clinic`),
  CONSTRAINT `FK_Worksheet_1` FOREIGN KEY (`empId`) REFERENCES `employee` (`empId`)
) ENGINE=InnoDB DEFAULT CHARSET=latin1;

--
-- Dumping data for table `worksheet`
--

/*!40000 ALTER TABLE `worksheet` DISABLE KEYS */;
/*!40000 ALTER TABLE `worksheet` ENABLE KEYS */;




/*!40101 SET SQL_MODE=@OLD_SQL_MODE */;
/*!40014 SET FOREIGN_KEY_CHECKS=@OLD_FOREIGN_KEY_CHECKS */;
/*!40014 SET UNIQUE_CHECKS=@OLD_UNIQUE_CHECKS */;
/*!40101 SET CHARACTER_SET_CLIENT=@OLD_CHARACTER_SET_CLIENT */;
/*!40101 SET CHARACTER_SET_RESULTS=@OLD_CHARACTER_SET_RESULTS */;
/*!40101 SET COLLATION_CONNECTION=@OLD_COLLATION_CONNECTION */;
/*!40101 SET CHARACTER_SET_CLIENT=@OLD_CHARACTER_SET_CLIENT */;
